/*
Navicat MySQL Data Transfer

Source Server         : test
Source Server Version : 50625
Source Host           : localhost:3306
Source Database       : h5_work_sys

Target Server Type    : MYSQL
Target Server Version : 50625
File Encoding         : 65001

Date: 2018-04-08 15:16:18
*/

SET FOREIGN_KEY_CHECKS=0;

-- ----------------------------
-- Table structure for t_answer
-- ----------------------------
DROP TABLE IF EXISTS `t_answer`;
CREATE TABLE `t_answer` (
  `a_id` int(11) NOT NULL AUTO_INCREMENT,
  `a_answer` varchar(255) DEFAULT NULL,
  `q_id` int(11) NOT NULL,
  PRIMARY KEY (`a_id`)
) ENGINE=InnoDB DEFAULT CHARSET=utf8;

-- ----------------------------
-- Records of t_answer
-- ----------------------------

-- ----------------------------
-- Table structure for t_attend_addr
-- ----------------------------
DROP TABLE IF EXISTS `t_attend_addr`;
CREATE TABLE `t_attend_addr` (
  `aa_id` int(11) NOT NULL AUTO_INCREMENT,
  `aa_name` varchar(50) DEFAULT NULL,
  `aa_pid` int(11) DEFAULT '0',
  PRIMARY KEY (`aa_id`)
) ENGINE=InnoDB AUTO_INCREMENT=11 DEFAULT CHARSET=utf8;

-- ----------------------------
-- Records of t_attend_addr
-- ----------------------------
INSERT INTO `t_attend_addr` VALUES ('1', '化工楼', '0');
INSERT INTO `t_attend_addr` VALUES ('2', '101', '1');
INSERT INTO `t_attend_addr` VALUES ('3', '102', '1');
INSERT INTO `t_attend_addr` VALUES ('4', '103', '1');
INSERT INTO `t_attend_addr` VALUES ('5', '东教', '0');
INSERT INTO `t_attend_addr` VALUES ('6', '电机', '0');
INSERT INTO `t_attend_addr` VALUES ('7', '101', '5');
INSERT INTO `t_attend_addr` VALUES ('8', '102', '5');
INSERT INTO `t_attend_addr` VALUES ('9', '613', '6');
INSERT INTO `t_attend_addr` VALUES ('10', '614', '6');

-- ----------------------------
-- Table structure for t_clzss
-- ----------------------------
DROP TABLE IF EXISTS `t_clzss`;
CREATE TABLE `t_clzss` (
  `id` int(11) NOT NULL AUTO_INCREMENT COMMENT '班级主键id',
  `grade` varchar(255) DEFAULT NULL,
  `clzss` varchar(255) DEFAULT NULL,
  PRIMARY KEY (`id`)
) ENGINE=InnoDB AUTO_INCREMENT=37 DEFAULT CHARSET=utf8;

-- ----------------------------
-- Records of t_clzss
-- ----------------------------
INSERT INTO `t_clzss` VALUES ('1', '1', '1');
INSERT INTO `t_clzss` VALUES ('2', '2', '1');
INSERT INTO `t_clzss` VALUES ('3', '3', '1');
INSERT INTO `t_clzss` VALUES ('4', '4', '1');
INSERT INTO `t_clzss` VALUES ('5', '5', '1');
INSERT INTO `t_clzss` VALUES ('6', '6', '1');
INSERT INTO `t_clzss` VALUES ('7', '1', '2');
INSERT INTO `t_clzss` VALUES ('8', '2', '2');
INSERT INTO `t_clzss` VALUES ('9', '3', '2');
INSERT INTO `t_clzss` VALUES ('10', '4', '2');
INSERT INTO `t_clzss` VALUES ('11', '5', '2');
INSERT INTO `t_clzss` VALUES ('12', '6', '2');
INSERT INTO `t_clzss` VALUES ('13', '1', '3');
INSERT INTO `t_clzss` VALUES ('14', '2', '3');
INSERT INTO `t_clzss` VALUES ('15', '3', '3');
INSERT INTO `t_clzss` VALUES ('16', '4', '3');
INSERT INTO `t_clzss` VALUES ('17', '5', '3');
INSERT INTO `t_clzss` VALUES ('18', '6', '3');
INSERT INTO `t_clzss` VALUES ('19', '1', '4');
INSERT INTO `t_clzss` VALUES ('20', '2', '4');
INSERT INTO `t_clzss` VALUES ('21', '3', '4');
INSERT INTO `t_clzss` VALUES ('22', '4', '4');
INSERT INTO `t_clzss` VALUES ('23', '5', '4');
INSERT INTO `t_clzss` VALUES ('24', '6', '4');
INSERT INTO `t_clzss` VALUES ('25', '1', '5');
INSERT INTO `t_clzss` VALUES ('26', '2', '5');
INSERT INTO `t_clzss` VALUES ('27', '3', '5');
INSERT INTO `t_clzss` VALUES ('28', '4', '5');
INSERT INTO `t_clzss` VALUES ('29', '5', '5');
INSERT INTO `t_clzss` VALUES ('30', '6', '5');
INSERT INTO `t_clzss` VALUES ('31', '1', '6');
INSERT INTO `t_clzss` VALUES ('32', '2', '6');
INSERT INTO `t_clzss` VALUES ('33', '3', '6');
INSERT INTO `t_clzss` VALUES ('34', '4', '6');
INSERT INTO `t_clzss` VALUES ('35', '5', '6');
INSERT INTO `t_clzss` VALUES ('36', '6', '6');

-- ----------------------------
-- Table structure for t_course
-- ----------------------------
DROP TABLE IF EXISTS `t_course`;
CREATE TABLE `t_course` (
  `c_id` int(11) NOT NULL AUTO_INCREMENT,
  `c_name` varchar(50) DEFAULT NULL,
  `t_id` int(11) DEFAULT NULL,
  `c_attend_time` datetime DEFAULT NULL,
  `c_attend_addr` int(11) DEFAULT NULL,
  PRIMARY KEY (`c_id`)
) ENGINE=InnoDB AUTO_INCREMENT=5 DEFAULT CHARSET=utf8;

-- ----------------------------
-- Records of t_course
-- ----------------------------
INSERT INTO `t_course` VALUES ('1', '2010', '2', '2015-03-05 10:00:00', '7');
INSERT INTO `t_course` VALUES ('2', '2012', '2', '2015-03-07 10:00:00', '2');
INSERT INTO `t_course` VALUES ('3', '2011', '2', '2015-03-10 14:34:03', '2');
INSERT INTO `t_course` VALUES ('4', '2013', '2', '2015-03-10 14:34:39', '2');

-- ----------------------------
-- Table structure for t_course_info
-- ----------------------------
DROP TABLE IF EXISTS `t_course_info`;
CREATE TABLE `t_course_info` (
  `ci_id` int(11) NOT NULL AUTO_INCREMENT,
  `c_id` int(11) NOT NULL,
  `ct_id` int(11) NOT NULL,
  `s_id` int(11) NOT NULL,
  `attendance_info` int(11) DEFAULT '0',
  `work_info` int(11) DEFAULT '0',
  PRIMARY KEY (`ci_id`)
) ENGINE=InnoDB AUTO_INCREMENT=46 DEFAULT CHARSET=utf8;

-- ----------------------------
-- Records of t_course_info
-- ----------------------------
INSERT INTO `t_course_info` VALUES ('16', '3', '31', '25', '3', '2');
INSERT INTO `t_course_info` VALUES ('17', '3', '31', '26', '1', '1');
INSERT INTO `t_course_info` VALUES ('18', '3', '31', '27', '1', '3');
INSERT INTO `t_course_info` VALUES ('19', '3', '31', '28', '1', '2');
INSERT INTO `t_course_info` VALUES ('20', '3', '31', '29', '1', '1');
INSERT INTO `t_course_info` VALUES ('21', '3', '31', '1', '1', '2');
INSERT INTO `t_course_info` VALUES ('22', '3', '31', '30', '2', '3');
INSERT INTO `t_course_info` VALUES ('23', '3', '31', '32', '1', '1');
INSERT INTO `t_course_info` VALUES ('24', '3', '31', '31', '1', '3');
INSERT INTO `t_course_info` VALUES ('25', '3', '31', '33', '3', '1');
INSERT INTO `t_course_info` VALUES ('26', '3', '30', '25', '1', '1');
INSERT INTO `t_course_info` VALUES ('27', '3', '30', '26', '1', '1');
INSERT INTO `t_course_info` VALUES ('28', '3', '30', '27', '2', '2');
INSERT INTO `t_course_info` VALUES ('29', '3', '30', '28', '1', '1');
INSERT INTO `t_course_info` VALUES ('30', '3', '30', '29', '3', '1');
INSERT INTO `t_course_info` VALUES ('31', '3', '30', '1', '1', '3');
INSERT INTO `t_course_info` VALUES ('32', '3', '30', '30', '4', '1');
INSERT INTO `t_course_info` VALUES ('33', '3', '30', '32', '1', '1');
INSERT INTO `t_course_info` VALUES ('34', '3', '30', '31', '1', '3');
INSERT INTO `t_course_info` VALUES ('35', '3', '30', '33', '4', '1');
INSERT INTO `t_course_info` VALUES ('36', '1', '41', '35', '1', '0');
INSERT INTO `t_course_info` VALUES ('37', '1', '41', '36', '2', '0');
INSERT INTO `t_course_info` VALUES ('38', '1', '41', '37', '1', '0');
INSERT INTO `t_course_info` VALUES ('39', '1', '41', '38', '1', '0');
INSERT INTO `t_course_info` VALUES ('40', '1', '41', '39', '4', '0');
INSERT INTO `t_course_info` VALUES ('41', '1', '41', '40', '3', '0');
INSERT INTO `t_course_info` VALUES ('42', '1', '41', '41', '1', '0');
INSERT INTO `t_course_info` VALUES ('43', '1', '41', '42', '1', '0');
INSERT INTO `t_course_info` VALUES ('44', '1', '41', '25', '1', '0');
INSERT INTO `t_course_info` VALUES ('45', '1', '41', '26', '1', '0');

-- ----------------------------
-- Table structure for t_course_student
-- ----------------------------
DROP TABLE IF EXISTS `t_course_student`;
CREATE TABLE `t_course_student` (
  `cs_id` int(11) NOT NULL AUTO_INCREMENT,
  `c_id` int(11) NOT NULL,
  `s_id` int(11) NOT NULL,
  PRIMARY KEY (`cs_id`)
) ENGINE=InnoDB AUTO_INCREMENT=35 DEFAULT CHARSET=utf8;

-- ----------------------------
-- Records of t_course_student
-- ----------------------------
INSERT INTO `t_course_student` VALUES ('14', '3', '25');
INSERT INTO `t_course_student` VALUES ('15', '3', '26');
INSERT INTO `t_course_student` VALUES ('16', '3', '27');
INSERT INTO `t_course_student` VALUES ('17', '3', '28');
INSERT INTO `t_course_student` VALUES ('18', '3', '29');
INSERT INTO `t_course_student` VALUES ('19', '3', '1');
INSERT INTO `t_course_student` VALUES ('20', '3', '30');
INSERT INTO `t_course_student` VALUES ('21', '3', '32');
INSERT INTO `t_course_student` VALUES ('22', '3', '31');
INSERT INTO `t_course_student` VALUES ('24', '3', '33');
INSERT INTO `t_course_student` VALUES ('25', '1', '35');
INSERT INTO `t_course_student` VALUES ('26', '1', '36');
INSERT INTO `t_course_student` VALUES ('27', '1', '37');
INSERT INTO `t_course_student` VALUES ('28', '1', '38');
INSERT INTO `t_course_student` VALUES ('29', '1', '39');
INSERT INTO `t_course_student` VALUES ('30', '1', '40');
INSERT INTO `t_course_student` VALUES ('31', '1', '41');
INSERT INTO `t_course_student` VALUES ('32', '1', '42');
INSERT INTO `t_course_student` VALUES ('33', '1', '25');
INSERT INTO `t_course_student` VALUES ('34', '1', '26');

-- ----------------------------
-- Table structure for t_course_time
-- ----------------------------
DROP TABLE IF EXISTS `t_course_time`;
CREATE TABLE `t_course_time` (
  `ct_id` int(11) NOT NULL AUTO_INCREMENT,
  `c_id` int(11) NOT NULL,
  `ct_time` datetime DEFAULT NULL,
  `is_attendance` int(11) DEFAULT '0',
  `is_work` int(11) DEFAULT '0',
  PRIMARY KEY (`ct_id`)
) ENGINE=InnoDB AUTO_INCREMENT=44 DEFAULT CHARSET=utf8;

-- ----------------------------
-- Records of t_course_time
-- ----------------------------
INSERT INTO `t_course_time` VALUES ('30', '3', '2015-03-19 00:00:00', '1', '1');
INSERT INTO `t_course_time` VALUES ('31', '3', '2015-03-17 00:00:00', '1', '1');
INSERT INTO `t_course_time` VALUES ('32', '3', '2015-03-24 00:00:00', '0', '0');
INSERT INTO `t_course_time` VALUES ('33', '3', '2015-03-27 00:00:00', '0', '0');
INSERT INTO `t_course_time` VALUES ('34', '3', '2015-04-02 00:00:00', '0', '0');
INSERT INTO `t_course_time` VALUES ('35', '3', '2015-04-14 00:00:00', '0', '0');
INSERT INTO `t_course_time` VALUES ('36', '3', '2015-04-16 00:00:00', '0', '0');
INSERT INTO `t_course_time` VALUES ('37', '3', '2015-04-21 00:00:00', '0', '0');
INSERT INTO `t_course_time` VALUES ('38', '3', '2015-04-23 00:00:00', '0', '0');
INSERT INTO `t_course_time` VALUES ('39', '3', '2015-04-28 00:00:00', '0', '0');
INSERT INTO `t_course_time` VALUES ('40', '3', '2015-04-30 00:00:00', '0', '0');
INSERT INTO `t_course_time` VALUES ('41', '1', '2015-04-13 00:00:00', '1', '0');
INSERT INTO `t_course_time` VALUES ('42', '1', '2015-04-17 00:00:00', '0', '0');
INSERT INTO `t_course_time` VALUES ('43', '1', '2015-04-20 00:00:00', '0', '0');

-- ----------------------------
-- Table structure for t_department
-- ----------------------------
DROP TABLE IF EXISTS `t_department`;
CREATE TABLE `t_department` (
  `d_id` int(11) NOT NULL AUTO_INCREMENT,
  `leaf` tinyint(4) DEFAULT NULL,
  `d_name` varchar(50) NOT NULL,
  `d_pid` int(11) DEFAULT '0',
  PRIMARY KEY (`d_id`),
  KEY `d_pid` (`d_pid`)
) ENGINE=InnoDB AUTO_INCREMENT=7 DEFAULT CHARSET=utf8;

-- ----------------------------
-- Records of t_department
-- ----------------------------
INSERT INTO `t_department` VALUES ('1', null, '计算机工程系', '0');
INSERT INTO `t_department` VALUES ('2', null, '软件工程', '1');
INSERT INTO `t_department` VALUES ('3', null, '网络工程', '1');
INSERT INTO `t_department` VALUES ('4', null, '计算机科学与技术', '1');
INSERT INTO `t_department` VALUES ('5', null, '音乐系', '0');
INSERT INTO `t_department` VALUES ('6', null, '音乐', '5');

-- ----------------------------
-- Table structure for t_menu
-- ----------------------------
DROP TABLE IF EXISTS `t_menu`;
CREATE TABLE `t_menu` (
  `menu_id` int(11) NOT NULL AUTO_INCREMENT,
  `menu_code` varchar(32) DEFAULT NULL,
  `menu_pid` int(11) NOT NULL,
  `menu_name` varchar(32) DEFAULT NULL,
  `menu_link` varchar(50) DEFAULT NULL,
  `sort` int(11) DEFAULT NULL,
  `state` int(11) DEFAULT NULL,
  PRIMARY KEY (`menu_id`)
) ENGINE=InnoDB AUTO_INCREMENT=32 DEFAULT CHARSET=utf8;

-- ----------------------------
-- Records of t_menu
-- ----------------------------
INSERT INTO `t_menu` VALUES ('1', 'system', '0', '系统管理', '', '5', '1');
INSERT INTO `t_menu` VALUES ('2', 'menu', '1', '菜单管理', 'menu', '1', '1');
INSERT INTO `t_menu` VALUES ('3', 'role', '1', '角色管理', 'role', '2', '1');
INSERT INTO `t_menu` VALUES ('4', 'user', '1', '用户管理', 'user', '3', '1');
INSERT INTO `t_menu` VALUES ('5', 'zidian', '0', '系统数据', '', '6', '1');
INSERT INTO `t_menu` VALUES ('6', 'attendAddr', '5', '上课地址管理', 'attendAddr', '2', '1');
INSERT INTO `t_menu` VALUES ('8', 'info', '0', '信息管理', '', '1', '1');
INSERT INTO `t_menu` VALUES ('9', 'attendance', '8', '出勤和作业提交统计', 'courseStudent/attendanceInit', '4', '1');
INSERT INTO `t_menu` VALUES ('10', 'student', '8', '学生信息管理', 'student', '1', '1');
INSERT INTO `t_menu` VALUES ('11', 'course', '8', '课程管理', 'course', '2', '1');
INSERT INTO `t_menu` VALUES ('13', 'department', '5', '系别管理', 'department', '1', '1');
INSERT INTO `t_menu` VALUES ('16', 'zixun', '0', '咨询管理', '', '2', '1');
INSERT INTO `t_menu` VALUES ('17', 'message', '16', '留言管理', 'message', '1', '1');
INSERT INTO `t_menu` VALUES ('18', 'news', '16', '新闻管理', 'news', '3', '1');
INSERT INTO `t_menu` VALUES ('19', 'notice', '16', '公告管理', 'notice', '2', '1');
INSERT INTO `t_menu` VALUES ('21', 'toStudentAttendanceWork', '8', '出勤和作业提交修改', 'courseStudent/toStudentAttendanceWork', '3', '1');
INSERT INTO `t_menu` VALUES ('23', 'gongneng', '0', '教师工具', '', '4', '1');
INSERT INTO `t_menu` VALUES ('29', 'work', '8', '作业管理', 'work', '5', '1');
INSERT INTO `t_menu` VALUES ('31', '1429321176178', '0', '父', '', null, '1');

-- ----------------------------
-- Table structure for t_message
-- ----------------------------
DROP TABLE IF EXISTS `t_message`;
CREATE TABLE `t_message` (
  `msg_id` int(11) NOT NULL AUTO_INCREMENT,
  `msg_pid` int(11) NOT NULL DEFAULT '0',
  `send__role` int(11) NOT NULL,
  `student_id` int(11) NOT NULL,
  `user_id` int(11) NOT NULL,
  `msg_content` varchar(255) NOT NULL,
  `msg_add_time` datetime DEFAULT NULL,
  `msg_is_reply` int(11) DEFAULT '0',
  `msg_is_read` int(11) DEFAULT '0',
  PRIMARY KEY (`msg_id`),
  KEY `FK_MESSAGE_ROLE` (`send__role`),
  KEY `FK_MESSAGE_USER` (`user_id`),
  KEY `FK_MESSAGE_STUDENGT` (`student_id`),
  CONSTRAINT `FK_MESSAGE_ROLE` FOREIGN KEY (`send__role`) REFERENCES `t_role` (`role_id`),
  CONSTRAINT `FK_MESSAGE_STUDENGT` FOREIGN KEY (`student_id`) REFERENCES `t_student` (`s_id`),
  CONSTRAINT `FK_MESSAGE_USER` FOREIGN KEY (`user_id`) REFERENCES `t_user` (`user_id`)
) ENGINE=InnoDB AUTO_INCREMENT=45 DEFAULT CHARSET=utf8;

-- ----------------------------
-- Records of t_message
-- ----------------------------
INSERT INTO `t_message` VALUES ('32', '0', '3', '1', '2', '老师好、', '2015-04-11 22:20:39', '0', '1');
INSERT INTO `t_message` VALUES ('33', '32', '2', '1', '2', '同学有什么事？', '2015-04-11 22:25:27', '0', '1');
INSERT INTO `t_message` VALUES ('42', '33', '3', '1', '2', '请问。。。', '2015-04-14 13:30:30', '0', '1');
INSERT INTO `t_message` VALUES ('43', '0', '3', '31', '2', '请问老师明天得课程。。。', '2015-04-17 21:16:37', '0', '1');
INSERT INTO `t_message` VALUES ('44', '43', '2', '31', '2', '照常上课。', '2015-04-17 21:17:00', '0', '1');

-- ----------------------------
-- Table structure for t_news
-- ----------------------------
DROP TABLE IF EXISTS `t_news`;
CREATE TABLE `t_news` (
  `news_id` int(11) NOT NULL AUTO_INCREMENT,
  `news_title` varchar(100) NOT NULL,
  `news_content` longtext NOT NULL,
  `add_user` int(11) NOT NULL,
  `add_time` datetime DEFAULT NULL,
  PRIMARY KEY (`news_id`),
  KEY `FK_NEWS_USER` (`add_user`),
  CONSTRAINT `FK_NEWS_USER` FOREIGN KEY (`add_user`) REFERENCES `t_user` (`user_id`)
) ENGINE=InnoDB AUTO_INCREMENT=20 DEFAULT CHARSET=utf8;

-- ----------------------------
-- Records of t_news
-- ----------------------------
INSERT INTO `t_news` VALUES ('5', '阿里或\"数十亿元量级\"入股SMG上市公司', '<div class=\"art-left\" style=\"margin:0px;padding:0px;border-right-width:1px;border-right-style:solid;border-right-color:#DDDDDD;font-family:微软雅黑, 宋体, Arial, Helvetica, sans-serif;font-size:medium;line-height:25.6000003814697px;white-space:normal;background-color:#FFFFFF;\">\r\n	<div class=\"art-content\" style=\"margin:0px 0px 10px;padding:0px 8px;line-height:28px;font-size:14px;font-family:宋体;\">\r\n		<p style=\"margin-top:0px;margin-bottom:10px;padding:0px;text-indent:2em;\">\r\n			继本报9月18日独家曝出《SMG欲牵手BAT：百视通东方明珠重组后招》后，日前再有参与SMG上市公司路演的机构投资方向21世纪经济报道记者透露称，SMG与BAT三家的谈判已有进展。最新的消息是，刚刚赴美实现IPO的阿里巴巴集团有望战略入股上市公司，入股金额在数十亿元量级。\r\n		</p>\r\n		<p style=\"margin-top:0px;margin-bottom:10px;padding:0px;text-indent:2em;\">\r\n			<img class=\"flag_smallP\" src=\"http://upload.itxinwen.com/2014/0925/1411611218340.jpg\" border=\"0\" alt=\"\" align=\"middle\" data-bd-imgshare-binded=\"1\" style=\"margin:0px auto;padding:0px;border-style:none;display:block;\" />&nbsp;\r\n		</p>\r\n		<p style=\"margin-top:0px;margin-bottom:10px;padding:0px;text-indent:2em;\">\r\n			百视通和东方明珠合并后的新上市公司，将伴随着一项100亿元的非公开股票发行预案。\r\n		</p>\r\n		<p style=\"margin-top:0px;margin-bottom:10px;padding:0px;text-indent:2em;\">\r\n			一位参与路演的机构方人士向21世纪经济报道透露了更为细化的定增方案：在此次百亿定增计划中，只有一部分资金会用于收购东方购物、尚世影业、五岸传播以及文广互动这四家公司资产，另有接近一半左右资金将会投入OTT互联网电视领域。\r\n		</p>\r\n		<p style=\"margin-top:0px;margin-bottom:10px;padding:0px;text-indent:2em;\">\r\n			“给我们机构的感觉是，这次定增的目的非常鲜明，SMG就是希望借定增以及引入阿里来实现重组后上市公司向互联网业务的转型。”上述机构投资人士表示。\r\n		</p>\r\n		<p style=\"margin-top:0px;margin-bottom:10px;padding:0px;text-indent:2em;\">\r\n			对上述消息，21世纪经济报道已向SMG和阿里巴巴相关人士求证，但前者以上市公司处于停牌静默期为由未予置评，后者也表示对此事不予置评。\r\n		</p>\r\n		<p style=\"margin-top:0px;margin-bottom:10px;padding:0px;text-indent:2em;\">\r\n			<strong>巨资押宝OTT电视</strong>\r\n		</p>\r\n		<p style=\"margin-top:0px;margin-bottom:10px;padding:0px;text-indent:2em;\">\r\n			21世纪经济报道记者在采访中获悉，随着两大上市公司合并，百亿定增预案出台后，SMG内部已将百视通OTT互联网电视业务的战略地位放到了一个新的高度。\r\n		</p>\r\n		<p style=\"margin-top:0px;margin-bottom:10px;padding:0px;text-indent:2em;\">\r\n			据前述机构方人士表示，大概会有40亿~50亿元的募集资金投向百视通OTT互联网电视业务领域，加快“一云多屏”战略的实施，抢占家庭娱乐“大屏”入口。\r\n		</p>\r\n		<p style=\"margin-top:0px;margin-bottom:10px;padding:0px;text-indent:2em;\">\r\n			事实上，随着近年来外部经营环境和政策环境发生重大变化，百视通既有的IPTV业务不论收入还是利润，都已经不再像过去一样有60%~70%的超高增长。百视通高层也曾公开表示，公司要对OTT等新兴业务加大投入，使之成为新的核心收入来源。\r\n		</p>\r\n		<p style=\"margin-top:0px;margin-bottom:10px;padding:0px;text-indent:2em;\">\r\n			与此同时，近期广电总局不断向市场重申，强调对181号文件的遵守，并对盒子以及互联网电视产品进行了严肃整顿，要求视频网站将所有TV端，包括盒子产品中的APP进行下架处理。\r\n		</p>\r\n		<p style=\"margin-top:0px;margin-bottom:10px;padding:0px;text-indent:2em;\">\r\n			而百视通正是广电总局确定的7家播控牌照商之一。一位上海地区的券商人士认为，目前的政策环境将为百视通这样的广电系牌照持有方拓展OTT互联网电视业务带来极大的市场机遇。\r\n		</p>\r\n		<p style=\"margin-top:0px;margin-bottom:10px;padding:0px;text-indent:2em;\">\r\n			但是从目前来看，阻碍百视通OTT市场化发展的一个潜在因素在于：小红盒子（机顶盒）的价格偏高，即百视通小红盒的市场售价为699元，而如竞争方的小米和乐视盒子的零售价均在300元左右。\r\n		</p>\r\n		<p style=\"margin-top:0px;margin-bottom:10px;padding:0px;text-indent:2em;\">\r\n			有接近百视通的内部人士告诉21世纪经济报道记者：“高定价的原因在于，此前百视通和小米、乐视的发展策略不同。百视通以前做OTT盒子的模式为B2B2C，即业务清一色和电信宽带进行捆绑销售，并不直接面对用户市场，也不愁销售，这种模式下导致对价格并不敏感。”\r\n		</p>\r\n		<p style=\"margin-top:0px;margin-bottom:10px;padding:0px;text-indent:2em;\">\r\n			但随着SMG内部对百视通OTT互联网电视业务策略的改变，据前述机构人士透露称：“接下去，百视通OTT要转型做直接的B2C业务，直接面向用户市场，因此此次募集资金中估计会有数十亿元用于补贴终端（机顶盒），把小红盒的价格降下来。”\r\n		</p>\r\n		<p style=\"margin-top:0px;margin-bottom:10px;padding:0px;text-indent:2em;\">\r\n			如此一来，百视通将成为首个以“国家队”身份进入市场化搏杀的企业，而这也是SMG引入阿里的意义所在。根据小米和乐视既往的销售模式，OTT盒子的主要渠道均集中在线上，而要论线上销售，淘宝和天猫商城的平台无疑是百视通最理想的选择。\r\n		</p>\r\n		<p style=\"margin-top:0px;margin-bottom:10px;padding:0px;text-indent:2em;\">\r\n			另一大渠道在于XBOX和索尼PS游戏机，有SMG内部人士此前向记者谈及：“XBOX在美国就是被视为\"高端机顶盒\"，既可以玩游戏，又可以看互联网电视，因此未来XBOX和PS都是百视通OTT互联网电视业务的潜在渠道。假设XBOX和PS有2000万用户，那么就相当于小红盒有2000万用户，而且这些用户黏性极强的高端客户，是任何竞争对手都无法比拟的优势。”\r\n		</p>\r\n		<p style=\"margin-top:0px;margin-bottom:10px;padding:0px;text-indent:2em;\">\r\n			<strong>新股权激励锁定互联网转型</strong>\r\n		</p>\r\n		<p style=\"margin-top:0px;margin-bottom:10px;padding:0px;text-indent:2em;\">\r\n			从黎瑞刚今年3月回归SMG后首次内部讲话提到“媒体经营者也需拥有互联网思维”，到未来引阿里巴巴数十亿战略入股上市公司，黎瑞刚已在SMG集团上上下下树立起向互联网化转型的企业文化。\r\n		</p>\r\n		<p style=\"margin-top:0px;margin-bottom:10px;padding:0px;text-indent:2em;\">\r\n			今年8月18日，中央审议通过了《关于推动传统媒体和新兴媒体融合发展的指导意见》，习近平主席也在当时讲话中指出，要推动传统媒体和新兴媒体融合发展，要遵循新闻传播规律和新兴媒体发展规律，强化互联网思维，坚持传统媒体和新兴媒体优势互补、一体发展，坚持先进技术为支撑、内容建设为根本，推动传统媒体和新兴媒体在内容、渠道、平台、经营、管理等方面的深度融合。\r\n		</p>\r\n		<p style=\"margin-top:0px;margin-bottom:10px;padding:0px;text-indent:2em;\">\r\n			如今看来，黎氏风格主导下的SMG重组改革，无疑与中央对于传统媒体与新兴媒体融合发展的意见不谋而合。前述机构投资人士表示：“SMG在路演中着重强调了两点：一是黎叔肯定会是上市公司董事长身份，以确保互联网转型的大方向不变；二是合并后的新上市公司承诺会重新提出新的股权激励计划，从公司体制层面来保证市场化地向互联网方向转型。”\r\n		</p>\r\n		<p style=\"margin-top:0px;margin-bottom:10px;padding:0px;text-indent:2em;\">\r\n			据悉，今年2月百视通公布首期股权激励计划，共有226名中高层员工获得总量为396.31万股的期权。\r\n		</p>\r\n		<p style=\"margin-top:0px;margin-bottom:10px;padding:0px;text-indent:2em;\">\r\n			此前有SMG内部人士告诉21世纪经济报道记者称：“我们有两个收购回来的互联网团队，一个是风行网，一个是艾德思奇，这两个团队很可能成为SMG未来战略转型的发力点。”\r\n		</p>\r\n		<p style=\"margin-top:0px;margin-bottom:10px;padding:0px;text-indent:2em;\">\r\n			2012年，百视通先斥资3000万美金入股风行网35%股权，一年后再次以3.07亿人民币注资风行网实现控股，并将SMG百视通下属的东方宽频、上海欢腾宽频100%股权按照流程转让给风行网。\r\n		</p>\r\n		<p style=\"margin-top:0px;margin-bottom:10px;padding:0px;text-indent:2em;\">\r\n			而艾德思奇则是百视通于今年8月斥资1亿美元收购了51%的股份。从目前SMG的转型方向来看，一旦百视通OTT用户和应用数量达到一定规模，以广告数字营销见长的艾德思奇将会像一个交易所一样撮合广告主和新平台进行交易，使得SMG的广告资源得以二次变现。\r\n		</p>\r\n		<p style=\"margin-top:0px;margin-bottom:10px;padding:0px;text-indent:2em;\">\r\n			据百视通公司公告， 自今年1月起，风行网CEO罗江春就已经出任百视通高级副总裁，而据SMG内部预计，未来两个收购团队中会有更多互联网型人才升任到SMG的核心岗位。\r\n		</p>\r\n	</div>\r\n	<div class=\"art-content\" style=\"margin:0px 0px 10px;padding:0px 8px;line-height:28px;font-size:14px;font-family:宋体;\">\r\n	</div>\r\n	<div class=\"blank15\" style=\"margin:0px;padding:0px;clear:both;height:15px;overflow:hidden;\">\r\n	</div>\r\n	<div class=\"keywordbar\" style=\"margin:0px;padding:10px 5px;font-size:12px;font-family:宋体;line-height:28px;height:28px;border-top-width:1px;border-top-style:dashed;border-top-color:#CCCCCC;\">\r\n		<div class=\"keyword\" style=\"margin:0px;padding:0px;float:left;\">\r\n			<div class=\"bdsharebuttonbox bdshare-button-style1-32\" data-bd-bind=\"1428742674671\" style=\"margin:0px;padding:0px;zoom:1;float:left;\">\r\n				<a href=\"http://mi.itxinwen.com/2014/0925/561601.shtml#\" class=\"bds_more\" data-cmd=\"more\" style=\"margin:6px 6px 6px 0px;padding:0px;color:#333333;text-decoration:none;float:left;width:32px;line-height:32px;height:32px;cursor:pointer;text-indent:-100em;overflow:hidden;background-image:url(http://bdimg.share.baidu.com/static/api/img/share/icons_1_32.png?v=e97a5b25.png);background-repeat:no-repeat;\"></a><a title=\"分享到QQ空间\" href=\"http://mi.itxinwen.com/2014/0925/561601.shtml#\" class=\"bds_qzone\" data-cmd=\"qzone\" style=\"margin:6px 6px 6px 0px;padding:0px;color:#3A8CEB;text-decoration:none;float:left;width:32px;line-height:32px;height:32px;cursor:pointer;text-indent:-100em;overflow:hidden;background-image:url(http://bdimg.share.baidu.com/static/api/img/share/icons_1_32.png?v=e97a5b25.png);background-position:0px -52px;background-repeat:no-repeat;\"></a><a title=\"分享到新浪微博\" href=\"http://mi.itxinwen.com/2014/0925/561601.shtml#\" class=\"bds_tsina\" data-cmd=\"tsina\" style=\"margin:6px 6px 6px 0px;padding:0px;color:#3A8CEB;text-decoration:none;float:left;width:32px;line-height:32px;height:32px;cursor:pointer;text-indent:-100em;overflow:hidden;background-image:url(http://bdimg.share.baidu.com/static/api/img/share/icons_1_32.png?v=e97a5b25.png);background-position:0px -104px;background-repeat:no-repeat;\"></a><a title=\"分享到腾讯微博\" href=\"http://mi.itxinwen.com/2014/0925/561601.shtml#\" class=\"bds_tqq\" data-cmd=\"tqq\" style=\"margin:6px 6px 6px 0px;padding:0px;color:#3A8CEB;text-decoration:none;float:left;width:32px;line-height:32px;height:32px;cursor:pointer;text-indent:-100em;overflow:hidden;background-image:url(http://bdimg.share.baidu.com/static/api/img/share/icons_1_32.png?v=e97a5b25.png);background-position:0px -260px;background-repeat:no-repeat;\"></a><a title=\"分享到人人网\" href=\"http://mi.itxinwen.com/2014/0925/561601.shtml#\" class=\"bds_renren\" data-cmd=\"renren\" style=\"margin:6px 6px 6px 0px;padding:0px;color:#3A8CEB;text-decoration:none;float:left;width:32px;line-height:32px;height:32px;cursor:pointer;text-indent:-100em;overflow:hidden;background-image:url(http://bdimg.share.baidu.com/static/api/img/share/icons_1_32.png?v=e97a5b25.png);background-position:0px -208px;background-repeat:no-repeat;\"></a><a title=\"分享到微信\" href=\"http://mi.itxinwen.com/2014/0925/561601.shtml#\" class=\"bds_weixin\" data-cmd=\"weixin\" style=\"margin:6px 6px 6px 0px;padding:0px;color:#3A8CEB;text-decoration:none;float:left;width:32px;line-height:32px;height:32px;cursor:pointer;text-indent:-100em;overflow:hidden;background-image:url(http://bdimg.share.baidu.com/static/api/img/share/icons_1_32.png?v=e97a5b25.png);background-position:0px -1612px;background-repeat:no-repeat;\"></a>\r\n			</div>\r\n		</div>\r\n		<div class=\"edit\" style=\"margin:0px 10px 0px 0px;padding:0px;float:right;height:28px;\">\r\n			责任编辑：李响\r\n		</div>\r\n	</div>\r\n</div>\r\n<div class=\"shengming clearfix\" style=\"margin:0px;padding:8px;border-top-width:1px;border-top-style:dashed;border-top-color:#CCCCCC;border-bottom-width:1px;border-bottom-style:dashed;border-bottom-color:#CCCCCC;height:100px;font-family:宋体;color:#666666;line-height:25.6000003814697px;white-space:normal;background:none 0px 0px repeat scroll #F8F8FA;\">\r\n	声明：IT商业新闻网登载此文出于传递更多信息之目的，并不意味着赞同其观点或证实其描述。其原创性以及文中陈述 文字和内容未经本站证实，对本文以及其中全部或者部分内容、文字的真实性、完整性、及时性本站不作任何保证或 承诺，请网友及读者仅作参考，并请自行核实相关内容。<br />\r\n新闻咨询：(010)68023640. 如果你对网站有好的建议请点击网站建议发表你的建议。\r\n</div>', '1', '2015-03-11 16:58:43');
INSERT INTO `t_news` VALUES ('6', '工信部：iPhone6审核进入“最后阶段”', '<p style=\"margin-top:0px;margin-bottom:10px;padding:0px;text-indent:2em;font-family:宋体;font-size:14px;line-height:28px;white-space:normal;background-color:#FFFFFF;\">\r\n	新京报讯 (记者刘溪若 金彧)昨日，在2014中国国际信息通信展览会上，工信部部长苗圩对媒体表示，有关iPhone6的审核已经进入最后阶段，“只是时间问题，相信很快就会有结果。”而这边，已经等不及的“果粉”们也让不少“水客”吃了苦头。\r\n</p>\r\n<p style=\"margin-top:0px;margin-bottom:10px;padding:0px;text-indent:2em;font-family:宋体;font-size:14px;line-height:28px;white-space:normal;background-color:#FFFFFF;\">\r\n	<strong> 已进入最后审核阶段</strong>\r\n</p>\r\n<p style=\"margin-top:0px;margin-bottom:10px;padding:0px;text-indent:2em;font-family:宋体;font-size:14px;line-height:28px;white-space:normal;background-color:#FFFFFF;\">\r\n	iPhone6登陆中国内地的日期悬而未决，牵动着“果粉”的心。本月19日，iPhone6在全球首批9个地区开始售卖，但其中中国内地并不在列。此前，iPhone6已拿到了国家3C及无线电频率核准两证，唯独还差可以正式上市的入网许可证。\r\n</p>\r\n<p style=\"margin-top:0px;margin-bottom:10px;padding:0px;text-indent:2em;font-family:宋体;font-size:14px;line-height:28px;white-space:normal;background-color:#FFFFFF;\">\r\n	“iPhone6已进入了最后审核阶段，只是时间问题，请广大网民耐心等待。” 苗圩表示，在审核没有最终结束之前，具体时间不好说，但相信很快就会有结果。\r\n</p>\r\n<p style=\"margin-top:0px;margin-bottom:10px;padding:0px;text-indent:2em;font-family:宋体;font-size:14px;line-height:28px;white-space:normal;background-color:#FFFFFF;\">\r\n	<strong> 海关3天查获600部港版iPhone6</strong>\r\n</p>\r\n<p style=\"margin-top:0px;margin-bottom:10px;padding:0px;text-indent:2em;font-family:宋体;font-size:14px;line-height:28px;white-space:normal;background-color:#FFFFFF;\">\r\n	昨日，记者从深圳皇岗海关获悉，自iPhone6于19日在香港发售以来，短短三日在皇岗口岸和福田口岸已查获旅客藏带iPhone6入境案件36宗，非立案情况400余宗，查获涉案iPhone6共计600余部。目前，以上案件均已移送缉私部门处理。\r\n</p>\r\n<p style=\"margin-top:0px;margin-bottom:10px;padding:0px;text-indent:2em;font-family:宋体;font-size:14px;line-height:28px;white-space:normal;background-color:#FFFFFF;\">\r\n	据深圳皇岗海关介绍，这些藏带iPhone6入境案件的当事人多是年轻旅客，其中香港旅客较多，一部分当事人承认是携带至深圳华强北出售牟利。不少旅客把手机装在蛋黄派、咖啡、茶叶和牙膏等物品的包装盒内过海关，最终仍被识破。\r\n</p>\r\n<p style=\"margin-top:0px;margin-bottom:10px;padding:0px;text-indent:2em;font-family:宋体;font-size:14px;line-height:28px;white-space:normal;background-color:#FFFFFF;\">\r\n	皇岗海关有关负责人提醒，根据《中华人民共和国海关法》和《中华人民共和国海关对进出境旅客行李物品监管办法》，如果有藏匿、伪装等逃避海关监管行为的将涉嫌走私，经查实的，将没收涉案物，可以并处罚款。构成犯罪的，还将追究刑事责任。\r\n</p>\r\n<p style=\"margin-top:0px;margin-bottom:10px;padding:0px;text-indent:2em;font-family:宋体;font-size:14px;line-height:28px;white-space:normal;background-color:#FFFFFF;\">\r\n	<strong> 内地价格被爆炒</strong>\r\n</p>\r\n<p style=\"margin-top:0px;margin-bottom:10px;padding:0px;text-indent:2em;font-family:宋体;font-size:14px;line-height:28px;white-space:normal;background-color:#FFFFFF;\">\r\n	iPhone6首发与中国内地无缘。于是，中国内地的各大电子市场以及各淘宝店铺各显神通，其所谓“港版代购”正品行货价格也被炒得惊天动地，价格连番看涨。\r\n</p>\r\n<p style=\"margin-top:0px;margin-bottom:10px;padding:0px;text-indent:2em;font-family:宋体;font-size:14px;line-height:28px;white-space:normal;background-color:#FFFFFF;\">\r\n	昨日，记者登录淘宝网，发现深圳华强北从事数码批发的商家挂出的港版代购iPhone6价格为6500元至8300元不等，其中16GB的价格为6500元，64GB的售价为7400元，128GB的售价为8300元。\r\n</p>\r\n<p style=\"margin-top:0px;margin-bottom:10px;padding:0px;text-indent:2em;font-family:宋体;font-size:14px;line-height:28px;white-space:normal;background-color:#FFFFFF;\">\r\n	其客服表示，确保香港代购正品。但是，当记者问其如何躲避海关检查以及如何确保及时发货时，客服表示“一直都是这么做的，至于怎么做到并不知情”。\r\n</p>\r\n<p style=\"margin-top:0px;margin-bottom:10px;padding:0px;text-indent:2em;font-family:宋体;font-size:14px;line-height:28px;white-space:normal;background-color:#FFFFFF;\">\r\n	目前港版iPhone6 16GB、64GB、128GB官网售价分别为5588港元、6388港元、7188港元，约合人民币4425元、5058元和5691元。\r\n</p>\r\n<p style=\"margin-top:0px;margin-bottom:10px;padding:0px;text-indent:2em;font-family:宋体;font-size:14px;line-height:28px;white-space:normal;background-color:#FFFFFF;\">\r\n	昨日，据记者了解，在北京中关村黄牛党的手中，两款新iPhone手机的价格几近翻倍，均价在8500元至1.2万元之间，个别高配版iPhone6售价被炒到了1.5万元。\r\n</p>', '1', '2015-03-15 17:00:05');
INSERT INTO `t_news` VALUES ('7', '阿里巴巴启动绿鞋机制 融资额升至250亿美元', '<p style=\"margin-top:0px;margin-bottom:10px;padding:0px;text-indent:2em;font-family:宋体;font-size:14px;line-height:28px;white-space:normal;background-color:#FFFFFF;\">\r\n	<img class=\"flag_bigP\" src=\"http://upload.itxinwen.com/2014/0923/1411433600241.jpg\" border=\"0\" alt=\"\" align=\"middle\" data-bd-imgshare-binded=\"1\" style=\"margin:0px auto;padding:0px;border-style:none;display:block;\" />\r\n</p>\r\n<p style=\"margin-top:0px;margin-bottom:10px;padding:0px;text-indent:2em;font-family:宋体;font-size:14px;line-height:28px;white-space:normal;background-color:#FFFFFF;\">\r\n	昨日晚间，记者从阿里巴巴方面获悉，阿里巴巴集团（BABA.NYSE）宣布启动了“绿鞋机制”，即IPO的承销商已经行使了最高15%的超额配售权，此举使得阿里巴巴本次上市的融资额达到约250.3亿美元，超过2010年中国农业银行的221亿美元融资，成为有史以来全球最大规模的IPO。\r\n</p>\r\n<p style=\"margin-top:0px;margin-bottom:10px;padding:0px;text-indent:2em;font-family:宋体;font-size:14px;line-height:28px;white-space:normal;background-color:#FFFFFF;\">\r\n	所谓超额配售权，是股票发行人授予主承销商按同一发行价格超额发售不超过包销数额15%股份的权利，其目的是平衡市场供需，稳定股价。因1965年波士顿绿鞋公司率先采用，因此又被称为“绿鞋机制”。\r\n</p>\r\n<p style=\"margin-top:0px;margin-bottom:10px;padding:0px;text-indent:2em;font-family:宋体;font-size:14px;line-height:28px;white-space:normal;background-color:#FFFFFF;\">\r\n	《第一财经日报》记者向阿里巴巴官方了解到，阿里巴巴的IPO承销商已经完全行使了15%的超额配售权，购买了额外48015900股（约4800万股）美国存托股票（ADS），每股ADS代表了阿里巴巴集团的一股普通股，这些股票会以每股68美元的发行价出售。在这4800万股股票中，阿里巴巴集团增发了2614万股，其余股票则来自雅虎、马云、蔡崇信等献售股东。\r\n</p>\r\n<p style=\"margin-top:0px;margin-bottom:10px;padding:0px;text-indent:2em;font-family:宋体;font-size:14px;line-height:28px;white-space:normal;background-color:#FFFFFF;\">\r\n	分析人士对《第一财经日报》记者称，从市场对阿里巴巴股票的热情来看，承销商启动绿鞋机制在意料之中。在大股东普遍惜售的情况下，阿里巴巴需要增发新股，以达到公众持股量要求，而马云和蔡崇信的献售行为可以减少新股的发行数量，从而确保老股东的权益不被过多摊薄。\r\n</p>\r\n<p style=\"margin-top:0px;margin-bottom:10px;padding:0px;text-indent:2em;font-family:宋体;font-size:14px;line-height:28px;white-space:normal;background-color:#FFFFFF;\">\r\n	阿里巴巴在上市首日，其股票以92.7美元的开盘价开始交易，最终的收盘价则为93.89美元，较发行价上涨38%。对于阿里巴巴上市承销商来说，执行“绿鞋机制”可以帮助他们以68美元的发行价获得额外的股票，从而获得丰厚的收益。\r\n</p>\r\n<p style=\"margin-top:0px;margin-bottom:10px;padding:0px;text-indent:2em;font-family:宋体;font-size:14px;line-height:28px;white-space:normal;background-color:#FFFFFF;\">\r\n	高德纳咨询（Gartner）分析师Andrew Frank认为，从阿里巴巴的成功中可以看出，中国公司已经开始挑战硅谷了，这标志着财富和权力的互联网之梦已不再仅仅局限于美国西海岸的几个小城市了，阿里巴巴可能会对美国其他资产产生很大影响。\r\n</p>\r\n<p style=\"margin-top:0px;margin-bottom:10px;padding:0px;text-indent:2em;font-family:宋体;font-size:14px;line-height:28px;white-space:normal;background-color:#FFFFFF;\">\r\n	在纽约IPO期间，马云在接受媒体采访时表示，这次的融资主要用途将继续用在小企业和消费者身上，一方面是帮助农村电子商务的发展，另一方面也会继续发力国际化战略，将阿里的生态系统延伸到海外市场。\r\n</p>\r\n<p style=\"margin-top:0px;margin-bottom:10px;padding:0px;text-indent:2em;font-family:宋体;font-size:14px;line-height:28px;white-space:normal;background-color:#FFFFFF;\">\r\n	<strong>最新消息</strong>\r\n</p>\r\n<p style=\"margin-top:0px;margin-bottom:10px;padding:0px;text-indent:2em;font-family:宋体;font-size:14px;line-height:28px;white-space:normal;background-color:#FFFFFF;\">\r\n	截止美国东部时间22日下午，阿里巴巴在美股常规交易中报收于89.89美元，当日开盘价位92.70美元，市值约2215.79亿美元。\r\n</p>\r\n<p style=\"margin-top:0px;margin-bottom:10px;padding:0px;text-indent:2em;font-family:宋体;font-size:14px;line-height:28px;white-space:normal;background-color:#FFFFFF;\">\r\n	由于美国8月份经济数据出现下滑，美股在周一整体走弱，三大股指均呈现较大跌幅。其中，代表科技类股票的纳斯达克指数下跌52.10点，跌幅为1.14%；道琼斯工业指数下跌107.06点，跌幅为0.62%；标准普尔指数下跌16.11点，跌幅为0.80%。\r\n</p>\r\n<p style=\"margin-top:0px;margin-bottom:10px;padding:0px;text-indent:2em;font-family:宋体;font-size:14px;line-height:28px;white-space:normal;background-color:#FFFFFF;\">\r\n	受美股整体下跌影响，中概股也出现普跌。超过10支股票跌幅超过4%，其中汽车之家、易车网、爱康国宾跌幅超过7%。\r\n</p>', '1', '2015-03-17 17:01:14');
INSERT INTO `t_news` VALUES ('8', '红顶奖开出大奖 引导高端家电消费升级', '<p style=\"margin-top:0px;margin-bottom:10px;padding:0px;text-indent:2em;font-family:宋体;font-size:14px;line-height:28px;white-space:normal;background-color:#FFFFFF;\">\r\n	对我国家电行业来说，“这是最好的时代，也是最坏的时代。”\r\n</p>\r\n<p style=\"margin-top:0px;margin-bottom:10px;padding:0px;text-indent:2em;font-family:宋体;font-size:14px;line-height:28px;white-space:normal;background-color:#FFFFFF;\">\r\n	一方面，告别政策红利、回归市场本性的家电行业，正在经历增速换挡和结构调整的阵痛，大部分家电产品销售量增长缓慢，其中大家电行业深陷负增长困境。另一方面，高端家电市场逆势大涨，推动家电产业升级和转型。\r\n</p>\r\n<p style=\"margin-top:0px;margin-bottom:10px;padding:0px;text-indent:2em;font-family:宋体;font-size:14px;line-height:28px;white-space:normal;background-color:#FFFFFF;\">\r\n	1月21日，2014-2015中国高端家电趋势发布暨“红顶奖”颁奖盛典在北京举行，海尔、美的、海信、长虹、奥克斯、老板、方太、万和、四季沐歌、A.O.史密斯、博世、西门子、夏普、LG、索尼、松下、惠而浦、伊莱克斯等国内外行业主流品牌悉数到场。会议发布了《2014高端家电消费者调查分析报告》（以下简称《报告》），对我国家电行业，特别是高端家电市场在过去的一年中出现的新变化进行了分享与剖析。\r\n</p>\r\n<p style=\"margin-top:0px;margin-bottom:10px;padding:0px;text-indent:2em;font-family:宋体;font-size:14px;line-height:28px;white-space:normal;text-align:center;background-color:#FFFFFF;\">\r\n	<img src=\"http://upload.itxinwen.com/2015/0129/1422505976792.jpg\" border=\"0\" data-bd-imgshare-binded=\"1\" style=\"margin:0px;padding:0px;border-style:none;\" />\r\n</p>\r\n<p style=\"margin-top:0px;margin-bottom:10px;padding:0px;text-indent:2em;font-family:宋体;font-size:14px;line-height:28px;white-space:normal;background-color:#FFFFFF;\">\r\n	同时，会议还揭晓了第六届中国高端家电红顶奖获奖产品，包括黑电、白电、厨卫电器、生活电器与个人护理电器在内，共21款产品荣获了红顶奖，另有32款产品获得红顶奖提名。\r\n</p>\r\n<p style=\"margin-top:0px;margin-bottom:10px;padding:0px;text-indent:2em;font-family:宋体;font-size:14px;line-height:28px;white-space:normal;background-color:#FFFFFF;\">\r\n	<strong>家电市场进入更新换代高峰期</strong>\r\n</p>\r\n<p style=\"margin-top:0px;margin-bottom:10px;padding:0px;text-indent:2em;font-family:宋体;font-size:14px;line-height:28px;white-space:normal;background-color:#FFFFFF;\">\r\n	2014年，我国家电行业增速集体回调，大家电行业则陷入负增长泥潭。中怡康推总数据显示，2014年1-11月我国家电市场整体零售规模为1.3万亿元，同比增长3.3%，其中冰箱零售额758亿元，下降6.8%，洗衣机零售额531亿元，微增0.7%，吸油烟机269亿元，增长10.1%，增速也呈现出放缓势头。\r\n</p>\r\n<p style=\"margin-top:0px;margin-bottom:10px;padding:0px;text-indent:2em;font-family:宋体;font-size:14px;line-height:28px;white-space:normal;background-color:#FFFFFF;\">\r\n	尽管行业基本面不如人意，但家电消费升级态势仍保持良好，产品结构持续优化：同一时期，多门冰箱零售额同比增幅达到49.4%，滚筒洗衣机和欧式吸油烟机的增长率分别为11%和15.5%。\r\n</p>\r\n<p style=\"margin-top:0px;margin-bottom:10px;padding:0px;text-indent:2em;font-family:宋体;font-size:14px;line-height:28px;white-space:normal;background-color:#FFFFFF;\">\r\n	中国家电协会理事长姜风指出，虽然家电行业面临诸多困难，但仍处在发展期，每年都会有一定的更新换代需求以及新婚的刚需。\r\n</p>\r\n<p style=\"margin-top:0px;margin-bottom:10px;padding:0px;text-indent:2em;font-family:宋体;font-size:14px;line-height:28px;white-space:normal;background-color:#FFFFFF;\">\r\n	《报告》针对家庭月收入15000元以上的人群进行了高端家电消费偏好调查，调查结果显示，三成受访者表示半年内有购买高端家电的打算；51%的消费者购买高端家电是基于更新换代需求，而新居装修和结婚用途的消费需求分别为35.4%、18.7%。\r\n</p>\r\n<p style=\"margin-top:0px;margin-bottom:10px;padding:0px;text-indent:2em;font-family:宋体;font-size:14px;line-height:28px;white-space:normal;background-color:#FFFFFF;\">\r\n	对于高端家电带来的高品质生活享受，消费者也愿意为之支付高价格。《报告》表明，66.2%的受访消费者愿意接受8000—15000元的电视，57.4%的受访者愿意购买6001—10000元的冰箱，53%的人愿意为一台高端洗衣机支付5001—8000元，对于一台空调柜机，有四成的受访者能够接受8001—12000元的价格。\r\n</p>\r\n<p style=\"margin-top:0px;margin-bottom:10px;padding:0px;text-indent:2em;font-family:宋体;font-size:14px;line-height:28px;white-space:normal;background-color:#FFFFFF;\">\r\n	我国家电市场进入更新换代为主的新消费时期，消费升级衍生出来的高端家电消费需求正成为家电行业最大的红利。中国家电协会信息咨询部主任胡晓红预计，市场需求动力不足将在2015年延续，但消费升级将继续成为推动家电业发展的主要动力。\r\n</p>\r\n<p style=\"margin-top:0px;margin-bottom:10px;padding:0px;text-indent:2em;font-family:宋体;font-size:14px;line-height:28px;white-space:normal;background-color:#FFFFFF;\">\r\n	<strong>消费升级倒逼家电业转型升级</strong>\r\n</p>\r\n<p style=\"margin-top:0px;margin-bottom:10px;padding:0px;text-indent:2em;font-family:宋体;font-size:14px;line-height:28px;white-space:normal;background-color:#FFFFFF;\">\r\n	在消费升级的大潮下，价格已经不是消费者购买高端家电过程中的决定性因素，最为核心的指标为功能，占比为76.2%，其次是品牌与服务，占比分别达到54.2%、45.5%。\r\n</p>\r\n<p style=\"margin-top:0px;margin-bottom:10px;padding:0px;text-indent:2em;font-family:宋体;font-size:14px;line-height:28px;white-space:normal;background-color:#FFFFFF;\">\r\n	针对产品功能，消费者对高端家电不断提出新的使用诉求。例如，对高端冰箱，消费者除了关注节能环保、保鲜技术和风冷无霜外，对变频功能、杀菌除味的关注度也分别高达30.3%、18.7%；对高端洗衣机，消费者不仅要求洗衣机节能省水、大容量，还希望产品本身具有自清洁和除菌功能；消费者对高端空调智能化属性的关注度达到了50.3%。\r\n</p>\r\n<p style=\"margin-top:0px;margin-bottom:10px;padding:0px;text-indent:2em;font-family:宋体;font-size:14px;line-height:28px;white-space:normal;background-color:#FFFFFF;\">\r\n	为此，家电企业围绕这些新需求进行了大量创新，这点在本届红顶奖的申报产品中就有非常深刻的体现。\r\n</p>\r\n<p style=\"margin-top:0px;margin-bottom:10px;padding:0px;text-indent:2em;font-family:宋体;font-size:14px;line-height:28px;white-space:normal;background-color:#FFFFFF;\">\r\n	智能化是本届红顶奖获奖产品的突出特点。海尔BCD-800WBCOU1博观智慧窗冰箱，融入了“人感互动、光感调节、自感变频”等创新科技，当用户走进冰箱时，冷藏室内光源会在一秒钟之内逐渐变亮，光源柔和而不伤眼，冰箱门也会变成透明状态的智慧窗，让里面的食物一览无余，产品设计智能且人性化。西门子LS65S955TI侧吸式油烟机，内置的智能运算器能自动累计吸油烟机使用时间，并自动提醒用户需要给吸油烟机“清肺”。夏普KI-CE60-W空气净化器，具有语音提示功能，可以“告知”用户当前室内空气状况，还可以向用户发出维护、保养语音提醒。\r\n</p>\r\n<p style=\"margin-top:0px;margin-bottom:10px;padding:0px;text-indent:2em;font-family:宋体;font-size:14px;line-height:28px;white-space:normal;background-color:#FFFFFF;\">\r\n	健康是时下家电市场又一大消费热点，据此，博世WAE242691W滚筒洗衣机专设除菌液料盒，先除菌再洗涤，满足用户对健康洗涤的需求；美的尊行YA100空调柜机，搭载先进的IFD高效集尘技术，可高效去除PM2.5；A.O.史密斯的EWH-E9电热水器，具有主动保养提示和内胆自助清洁功能，既保护内胆，又让洗浴热水更洁净。\r\n</p>\r\n<p style=\"margin-top:0px;margin-bottom:10px;padding:0px;text-indent:2em;font-family:宋体;font-size:14px;line-height:28px;white-space:normal;background-color:#FFFFFF;\">\r\n	海尔空气魔方，则是海尔小微创客团队通过京东众筹这一互联网新模式而组织生产的模块化空气解决方案，这代表了家电行业在互联网时代对产品研发与生产模式创新进行的积极探索。\r\n</p>\r\n<p style=\"margin-top:0px;margin-bottom:10px;padding:0px;text-indent:2em;font-family:宋体;font-size:14px;line-height:28px;white-space:normal;background-color:#FFFFFF;\">\r\n	消费者的新诉求，客观上要求家电企业进行技术、产品与研发模式创新，进而推动整个行业的转型升级。姜风强调，这一时期正是抓产业调整的机遇，企业不能再以规模拼市场，应以创新为驱动力，抓质量、练好内功。\r\n</p>\r\n<p style=\"margin-top:0px;margin-bottom:10px;padding:0px;text-indent:2em;font-family:宋体;font-size:14px;line-height:28px;white-space:normal;background-color:#FFFFFF;\">\r\n	<strong>红顶奖引领高端家电消费潮流</strong>\r\n</p>\r\n<p style=\"margin-top:0px;margin-bottom:10px;padding:0px;text-indent:2em;font-family:宋体;font-size:14px;line-height:28px;white-space:normal;background-color:#FFFFFF;\">\r\n	家电企业在转型升级的道路上，开启了加速度模式，不断向高端市场渗透。红顶奖作为目前中国家电行业内唯一的高端家电产品类奖项，自然而然地受到了中外家电品牌的激烈竞逐。\r\n</p>\r\n<p style=\"margin-top:0px;margin-bottom:10px;padding:0px;text-indent:2em;font-family:宋体;font-size:14px;line-height:28px;white-space:normal;background-color:#FFFFFF;\">\r\n	与上一届相比，本届红顶奖新增了个人护理、熨烫护理、音响、燃气壁挂炉、灶具、智能尚品等新品类，从而扩大到5大类、21个细分品类。红顶奖的申报产品数量也再次刷新了记录，由企业自主申报和其他机构推荐的高端家电产品超过160款。另外，中外品牌申报红顶奖普遍更加积极，而iRobot、大宇、博朗、LAURASTAR、XTZ、BOSE等外资品牌也踊跃申报。\r\n</p>\r\n<p style=\"margin-top:0px;margin-bottom:10px;padding:0px;text-indent:2em;font-family:宋体;font-size:14px;line-height:28px;white-space:normal;background-color:#FFFFFF;\">\r\n	根据红顶奖评选标准，获奖高端家电需要是在技术、性能、外观、节能环保和使用体验上均为行业领先且有市场影响力的产品。“产品申报的门槛不可谓不高，”与会的某企业代表感叹，“但是这个奖项不能不申报，因为它不但是对产品本身技术与工艺水平的认可，更是对品牌高端地位的肯定。”\r\n</p>\r\n<p style=\"margin-top:0px;margin-bottom:10px;padding:0px;text-indent:2em;font-family:宋体;font-size:14px;line-height:28px;white-space:normal;background-color:#FFFFFF;\">\r\n	“红顶奖不是红点奖,也不是IF设计奖，”中国家电网总编吕盛华认为，“红顶奖是要反映出高端家电领域的消费趋势，同时也要引领高端家电的消费潮流，这种作用正逐步被大家认可”。\r\n</p>\r\n<p style=\"margin-top:0px;margin-bottom:10px;padding:0px;text-indent:2em;font-family:宋体;font-size:14px;line-height:28px;white-space:normal;background-color:#FFFFFF;\">\r\n	事实上，已经连续举办六年的红顶奖，其本身也在不断地完善。据了解，红顶奖评选包括线下消费者问卷调查、网络投票、专家评审三个环节，其中线下消费者调查所占的权重为30%，网友投票占30%，专家评审占40%。本届红顶奖网络投票还邀请国美在线作为合作伙伴，扩大了投票的覆盖面，提升了投票的代表性。多位消费者在接受记者采访时均表示，这种组合式的评选方式，能够保证评选结果公平、公正且专业。\r\n</p>\r\n<p style=\"margin-top:0px;margin-bottom:10px;padding:0px;text-indent:2em;font-family:宋体;font-size:14px;line-height:28px;white-space:normal;background-color:#FFFFFF;\">\r\n	此外，红顶奖组委会还组织策划了包括“红色正能量”公益活动、品牌推广与提升交流分享会、寻找魅力“圆”素互动活动、红顶奖主题海报创意大赛等一系列相关配套活动，以便让红顶奖贴近市场、贴近生活、贴近消费者。\r\n</p>\r\n<p style=\"margin-top:0px;margin-bottom:10px;padding:0px;text-indent:2em;font-family:宋体;font-size:14px;line-height:28px;white-space:normal;background-color:#FFFFFF;\">\r\n	“我们还将通过各种线上线下活动扩大红顶奖在目标消费群体中的影响,让红顶奖成为消费者选购高端家电的重要参考，”吕盛华表示。\r\n</p>', '1', '2015-03-19 17:02:39');
INSERT INTO `t_news` VALUES ('9', 'Linux被Windows9偷窥 五大优势被抄袭', '<p style=\"margin-top:0px;margin-bottom:10px;padding:0px;text-indent:2em;font-family:宋体;font-size:14px;line-height:28px;white-space:normal;background-color:#FFFFFF;\">\r\n	微软将于9月30日召开新闻发布会，预计传闻已久的Window&nbsp;9会与我们见面。根据此前泄露的截图来看，Windows&nbsp;9将会添加通知中心等新特性，并且修复一些Windows&nbsp;8双界面带来的混淆感。从某种程度上来说，Windows&nbsp;9看上去借鉴了一些Linux（Ubuntu）的元素，事实上它还可以更彻底一些。Linux虽然并非是主流的消费操作系统，但很多亮点是值得学习的。如果微软想要Windows&nbsp;9更成功，可以借鉴Linux的以下5个部分：\r\n</p>\r\n<p style=\"margin-top:0px;margin-bottom:10px;padding:0px;font-family:宋体;font-size:14px;line-height:28px;white-space:normal;text-align:center;background-color:#FFFFFF;\">\r\n	<img src=\"http://upload.itxinwen.com/2014/0922/1411367462509.jpg\" border=\"0\" width=\"640\" alt=\"Linux被Windows9偷窥 五大优势被抄袭 \" height=\"428\" align=\"no\" style=\"margin:0px;padding:0px;border-style:none;\" />\r\n</p>\r\n<p style=\"margin-top:0px;margin-bottom:10px;padding:0px;text-indent:2em;font-family:宋体;font-size:14px;line-height:28px;white-space:normal;background-color:#FFFFFF;\">\r\n	<strong>Linux被Windows9偷窥&nbsp;五大优势被抄袭</strong>\r\n</p>\r\n<p style=\"margin-top:0px;margin-bottom:10px;padding:0px;text-indent:2em;font-family:宋体;font-size:14px;line-height:28px;white-space:normal;background-color:#FFFFFF;\">\r\n	<strong>&nbsp;&nbsp;&nbsp;&nbsp;1.&nbsp;一个桌面版的应用商店</strong>\r\n</p>\r\n<p style=\"margin-top:0px;margin-bottom:10px;padding:0px;text-indent:2em;font-family:宋体;font-size:14px;line-height:28px;white-space:normal;background-color:#FFFFFF;\">\r\n	Windows&nbsp;8的巨大变化是集成了Metro界面，同时又加入了Metro应用程序商店。给用户带来的困惑是，进入应用商店下载的内容仅能在Metro界面下使用，而各种EXE应用仍需要在传统桌面用老方法下载，会令很多用户产生混淆感。而Linux的做法是集成了Package管理器、或者称之为桌面应用程序商店，你可以在其中找到任何应用程序。所以，既然微软提供了Metro应用商店，为什么不再进一步添加传统桌面应用商店，来增强软件下载的体验呢？事实上，大部分Windows&nbsp;8用户最常使用的仍是传统桌面、而非功能有限的Metro。\r\n</p>\r\n<p style=\"margin-top:0px;margin-bottom:10px;padding:0px;font-family:宋体;font-size:14px;line-height:28px;white-space:normal;text-align:center;background-color:#FFFFFF;\">\r\n	<img src=\"http://upload.itxinwen.com/2014/0922/1411367462939.png\" border=\"0\" width=\"640\" alt=\"Linux被Windows9偷窥 五大优势被抄袭 \" height=\"363\" align=\"no\" style=\"margin:0px;padding:0px;border-style:none;\" />\r\n</p>\r\n<p style=\"margin-top:0px;margin-bottom:10px;padding:0px;text-indent:2em;font-family:宋体;font-size:14px;line-height:28px;white-space:normal;background-color:#FFFFFF;\">\r\n	<strong>熟悉的Linux&nbsp;Ubuntu界面</strong>\r\n</p>\r\n<p style=\"margin-top:0px;margin-bottom:10px;padding:0px;text-indent:2em;font-family:宋体;font-size:14px;line-height:28px;white-space:normal;background-color:#FFFFFF;\">\r\n	2.&nbsp;更方便的软件更新形式\r\n</p>\r\n<p style=\"margin-top:0px;margin-bottom:10px;padding:0px;text-indent:2em;font-family:宋体;font-size:14px;line-height:28px;white-space:normal;background-color:#FFFFFF;\">\r\n	在Linux上，不仅仅可以下载Linux官方版本的软件，还可以通过软件存储库添加源，从软件开发商处直接接收最新的更新内容。也就是说，这是一个整体式、直接从软件商服务器获得更新的平台，不需要再单独运行某个应用的升级更新程序。\r\n</p>\r\n<p style=\"margin-top:0px;margin-bottom:10px;padding:0px;font-family:宋体;font-size:14px;line-height:28px;white-space:normal;text-align:center;background-color:#FFFFFF;\">\r\n	<img src=\"http://upload.itxinwen.com/2014/0922/1411367462355.png\" border=\"0\" width=\"640\" alt=\"Linux被Windows9偷窥 五大优势被抄袭 \" height=\"802\" align=\"no\" style=\"margin:0px;padding:0px;border-style:none;\" />\r\n</p>\r\n<p style=\"margin-top:0px;margin-bottom:10px;padding:0px;text-indent:2em;font-family:宋体;font-size:14px;line-height:28px;white-space:normal;background-color:#FFFFFF;\">\r\n	<strong>更新软件更加方便</strong>\r\n</p>\r\n<p style=\"margin-top:0px;margin-bottom:10px;padding:0px;text-indent:2em;font-family:宋体;font-size:14px;line-height:28px;white-space:normal;background-color:#FFFFFF;\">\r\n	3.&nbsp;“总在最前”的功能\r\n</p>\r\n<p style=\"margin-top:0px;margin-bottom:10px;padding:0px;text-indent:2em;font-family:宋体;font-size:14px;line-height:28px;white-space:normal;background-color:#FFFFFF;\">\r\n	这听上去像是一个不起眼的小功能，但非常有助于增强操作体验。Linux对任何软件都添加了一个“总在最前”的功能，只要右键点击软件就会看到选项，能够方便地将当前应用显示在最前端。\r\n</p>\r\n<p style=\"margin-top:0px;margin-bottom:10px;padding:0px;font-family:宋体;font-size:14px;line-height:28px;white-space:normal;text-align:center;background-color:#FFFFFF;\">\r\n	<img src=\"http://upload.itxinwen.com/2014/0922/1411367462815.png\" border=\"0\" width=\"640\" alt=\"Linux被Windows9偷窥 五大优势被抄袭 \" height=\"366\" align=\"no\" style=\"margin:0px;padding:0px;border-style:none;\" />\r\n</p>\r\n<p style=\"margin-top:0px;margin-bottom:10px;padding:0px;text-indent:2em;font-family:宋体;font-size:14px;line-height:28px;white-space:normal;background-color:#FFFFFF;\">\r\n	<strong>可以选择该状态栏排列方式</strong>\r\n</p>\r\n<p style=\"margin-top:0px;margin-bottom:10px;padding:0px;text-indent:2em;font-family:宋体;font-size:14px;line-height:28px;white-space:normal;background-color:#FFFFFF;\">\r\n	4.&nbsp;Web应用集成\r\n</p>\r\n<p style=\"margin-top:0px;margin-bottom:10px;padding:0px;text-indent:2em;font-family:宋体;font-size:14px;line-height:28px;white-space:normal;background-color:#FFFFFF;\">\r\n	老实说，大部分Windows用户仍倾向于使用传统的下载版桌面软件而不是Metro应用，但不能忽视的是Web应用也在逐渐流行，比如Outlook.com或是网页版微博等等。Ubuntu意识到了这一点，可以将Web应用方便地放置于桌面、任务栏，可以显示通知内容，实现更轻型化的体验。显然，微软对Web应用的支持落后了一些，其实完全可以抛弃“推广Metro应用”的固有想法，毕竟目前是一个体验为王的时代，强迫用户去使用一些不好的服务，往往会适得其反。\r\n</p>\r\n<p style=\"margin-top:0px;margin-bottom:10px;padding:0px;font-family:宋体;font-size:14px;line-height:28px;white-space:normal;text-align:center;background-color:#FFFFFF;\">\r\n	<img src=\"http://upload.itxinwen.com/2014/0922/1411367462183.png\" border=\"0\" width=\"640\" alt=\"Linux被Windows9偷窥 五大优势被抄袭 \" height=\"200\" align=\"no\" style=\"margin:0px;padding:0px;border-style:none;\" />\r\n</p>\r\n<p style=\"margin-top:0px;margin-bottom:10px;padding:0px;text-indent:2em;font-family:宋体;font-size:14px;line-height:28px;white-space:normal;background-color:#FFFFFF;\">\r\n	<strong>Web页应用增强</strong>\r\n</p>\r\n<p style=\"margin-top:0px;margin-bottom:10px;padding:0px;text-indent:2em;font-family:宋体;font-size:14px;line-height:28px;white-space:normal;background-color:#FFFFFF;\">\r\n	5.&nbsp;平铺式的窗口管理界面\r\n</p>\r\n<p style=\"margin-top:0px;margin-bottom:10px;padding:0px;text-indent:2em;font-family:宋体;font-size:14px;line-height:28px;white-space:normal;background-color:#FFFFFF;\">\r\n	Linux的平铺式窗口管理界面非常好用，能够方便地显示各个应用窗口的状态。这有点像是Windows&nbsp;8全屏的Metro界面，只不过是应用在传统桌面上。如果Windows&nbsp;9能够集成这个特性，那么将有助于提升传统桌面的操作效率。\r\n</p>\r\n<p style=\"margin-top:0px;margin-bottom:10px;padding:0px;font-family:宋体;font-size:14px;line-height:28px;white-space:normal;text-align:center;background-color:#FFFFFF;\">\r\n	<img src=\"http://upload.itxinwen.com/2014/0922/1411367462606.png\" border=\"0\" width=\"640\" alt=\"Linux被Windows9偷窥 五大优势被抄袭 \" height=\"363\" align=\"no\" style=\"margin:0px;padding:0px;border-style:none;\" />\r\n</p>\r\n<p style=\"margin-top:0px;margin-bottom:10px;padding:0px;text-indent:2em;font-family:宋体;font-size:14px;line-height:28px;white-space:normal;background-color:#FFFFFF;\">\r\n	<strong>平铺式窗口应用</strong>\r\n</p>\r\n<p style=\"margin-top:0px;margin-bottom:10px;padding:0px;text-indent:2em;font-family:宋体;font-size:14px;line-height:28px;white-space:normal;background-color:#FFFFFF;\">\r\n	<strong>&nbsp;&nbsp;&nbsp;</strong>如此看来Windows9也在低下头来寻找对手的优势用在自己身上，不管怎么样，Windows9相比Windows8还是有不少改进的，不知道各位网友如何看到Windows9的新功能呢？\r\n</p>', '1', '2015-03-21 17:03:46');
INSERT INTO `t_news` VALUES ('10', '华为告诉你5G时代是什么样子：不仅是人与人连接', '<p style=\"margin-top:0px;margin-bottom:10px;padding:0px;text-indent:2em;font-family:宋体;font-size:14px;line-height:28px;white-space:normal;background-color:#FFFFFF;\">\r\n	进入4G（第四代移动通信技术）时代之后，5G各方已经开始“晒肌肉”。\r\n</p>\r\n<p style=\"margin-top:0px;margin-bottom:10px;padding:0px;text-indent:2em;font-family:宋体;font-size:14px;line-height:28px;white-space:normal;background-color:#FFFFFF;\">\r\n	11月19日，华为无线网络产品线首席营销官杨超斌在上海接受澎湃新闻采访时称，华为之前对外宣布投入6亿美元，这只是放在5G标准的研究和创新上，标准出来后的5G产品研发方面，华为会投更多，肯定不止这个数。\r\n</p>\r\n<p style=\"margin-top:0px;margin-bottom:10px;padding:0px;text-indent:2em;font-family:宋体;font-size:14px;line-height:28px;white-space:normal;background-color:#FFFFFF;\">\r\n	杨超斌是在参加2014全球移动宽带论坛后作出这一表述的。华为轮值CEO徐直军当天在同一场合发言时称，5G目前还处于创新研究阶段，对基本诉求、基本需求有共识，但离标准形成还需要一段时间。\r\n</p>\r\n<p style=\"margin-top:0px;margin-bottom:10px;padding:0px;text-indent:2em;font-family:宋体;font-size:14px;line-height:28px;white-space:normal;background-color:#FFFFFF;\">\r\n	据介绍，华为目前总结出来的5G用户需求，基本上有三点：5G时代不仅是人与人的连接，是人与物、物与物的全连接时代；其次，5G需要玩一些虚拟现实的游戏，5G的峰速要达到10Gbps，是4G网速的千倍。最后，时延要做到几毫秒。\r\n</p>\r\n<p style=\"margin-top:0px;margin-bottom:10px;padding:0px;text-indent:2em;font-family:宋体;font-size:14px;line-height:28px;white-space:normal;background-color:#FFFFFF;\">\r\n	据澎湃新闻（www.thepaper.cn）记者了解，5G的标准化工作还没有启动，业界预计标准研究立项会从3GPPR14标准（2016年）开始。国 际电联（ITU）目前正在研究2020年及以后的IMT频谱要求，预计2015年将针对60GHz以下的频率提出相关技术方案，到2019年将针对 60GHz之上的频率。\r\n</p>\r\n<p style=\"margin-top:0px;margin-bottom:10px;padding:0px;text-indent:2em;font-family:宋体;font-size:14px;line-height:28px;white-space:normal;background-color:#FFFFFF;\">\r\n	杨超斌表示，5G标准全球统一是最基本的诉求，多个不同的标准意味着形不成规模，终端和设备的价格都会比较贵。\r\n</p>\r\n<p style=\"margin-top:0px;margin-bottom:10px;padding:0px;text-indent:2em;font-family:宋体;font-size:14px;line-height:28px;white-space:normal;background-color:#FFFFFF;\">\r\n	中移动副总裁李正茂也在会上发声要求5G时代的电信设备大幅度降价：“4G到5G时代，单位比特的传输成本降低了1000倍，那么我们也希望电信设备价格也降低1000倍，成本是决定运营商在数据时代能否盈利的关键。”\r\n</p>\r\n<p style=\"margin-top:0px;margin-bottom:10px;padding:0px;text-indent:2em;font-family:宋体;font-size:14px;line-height:28px;white-space:normal;background-color:#FFFFFF;\">\r\n	另外，2G、3G时代大量的核心专利都在高通、摩托罗拉等企业手中。而5G时代，更多厂商呼吁全球形成统一的5G标准，便于产业化和规模化。\r\n</p>\r\n<p style=\"margin-top:0px;margin-bottom:10px;padding:0px;text-indent:2em;font-family:宋体;font-size:14px;line-height:28px;white-space:normal;background-color:#FFFFFF;\">\r\n	在5G标准研究上，华为目前应该是最为积极的一个。公开资料显示，华为参与了全球多个5G标准的研究，目前在全球范围内建立了9个5G研发中心。\r\n</p>', '1', '2015-03-24 17:04:29');
INSERT INTO `t_news` VALUES ('11', '华为提出2016年将成为4.5G商用元年', '<p style=\"margin-top:0px;margin-bottom:10px;padding:0px;text-indent:2em;font-family:宋体;font-size:14px;line-height:28px;white-space:normal;background-color:#FFFFFF;\">\r\n	从2009年第一个LTE网络诞生起，4G就在全球运营商中掀起了一轮建设浪潮。截至目前，全球已有112个国家部署了331张4G网络。同时，我&nbsp;们看到欧洲、日韩和美国的运营商和相关机构开始进行了5G的研究。5G将在各个方面尤其是空口技术上发生革命性的变化，预期将于2020年开始商用。在&nbsp;5G商用前，华为认为现在LTE仍然还有很大的发展空间，面临至少5年的机会窗。\r\n</p>\r\n<p style=\"margin-top:0px;margin-bottom:10px;padding:0px;text-indent:2em;font-family:宋体;font-size:14px;line-height:28px;white-space:normal;background-color:#FFFFFF;\">\r\n	从2015~2016年开始，LTE的演进也需要类似&nbsp;于HSPA+一样承上启下的阶段，4.5G就应运而生了。4.5G可以有效的解决LTE演进的问题，一方面帮助运营商保护已有的投资，支持技术上的持续发&nbsp;展和演进。如提升速率、降低时延等，在现有4G基站上仅通过升级就能实现；另一方面，4.5G可以帮助万千终端用户提升体验，在万物互联兴起阶段就帮助运&nbsp;营商抓住机会扩展垂直市场，带来差异化优势，提升收入和盈利。2016年将成为4.5G商用元年。\r\n</p>\r\n<p style=\"margin-top:0px;margin-bottom:10px;padding:0px;text-indent:2em;font-family:宋体;font-size:14px;line-height:28px;white-space:normal;background-color:#FFFFFF;\">\r\n	4.5G网络商用四大市场驱动\r\n</p>\r\n<p style=\"margin-top:0px;margin-bottom:10px;padding:0px;text-indent:2em;font-family:宋体;font-size:14px;line-height:28px;white-space:normal;background-color:#FFFFFF;\">\r\n	1、沉浸式高清体验诉求：&nbsp;人们对高清视频的追求永无止境,目前80%的中高端手机（如mate7）已经支持1080P(1K)。现有的4G网络基本满足随时随地1K的高清体验，但&nbsp;对4K/8K超高清的支持乏力。可以预见，4K屏幕将在2015、16年成为行业主流。目前具备4K录像功能的手机已经上市，4K电视、大屏幕pad等设&nbsp;备也逐渐普及，4K片源更是丰富多彩。4K超高清视频提供的沉浸式体验极大满足人们的视觉享受（4K大约需要40Mbps速率）。届时4.5G所带来的&nbsp;xGbps峰值速率和随时随地100Mbps的用户体验，将完全满足4K的诉求。\r\n</p>\r\n<p style=\"margin-top:0px;margin-bottom:10px;padding:0px;text-indent:2em;font-family:宋体;font-size:14px;line-height:28px;white-space:normal;background-color:#FFFFFF;\">\r\n	2、拓展垂直市场诉求：运营商积极拓展垂直市场、进军物联网的需求日趋凸显。\r\n</p>\r\n<p style=\"margin-top:0px;margin-bottom:10px;padding:0px;text-indent:2em;font-family:宋体;font-size:14px;line-height:28px;white-space:normal;background-color:#FFFFFF;\">\r\n	物联网第一类需求：连接数多，但数据量小，功耗要求低（电池寿命延长至10年），灵敏度要求高（高于LTE标准20dB）的业务，如远程抄表、物流监&nbsp;控。目前4G网络无法支持，必须将空口技术从LTE宽带的20MHz修改到窄带的180KHz。因此华为提出NB&nbsp;LTE-M新技术去满足这类需求。\r\n</p>\r\n<p style=\"margin-top:0px;margin-bottom:10px;padding:0px;text-indent:2em;font-family:宋体;font-size:14px;line-height:28px;white-space:normal;background-color:#FFFFFF;\">\r\n	物联网第二类需求：带宽大，时延非常敏感的实时业务。当前4G网络虽然带宽大但端到端时延也较大（60ms以上），无法满足实时业务的需求，如e-&nbsp;Health、self-driving&nbsp;car、e-education等。因此，网络必须进一步减少从接入网、核心网到传输网的处理时延。华为在4.5G提出修改无线侧的调度周期，从1ms缩&nbsp;短到0.5ms。\r\n</p>\r\n<p style=\"margin-top:0px;margin-bottom:10px;padding:0px;text-indent:2em;font-family:宋体;font-size:14px;line-height:28px;white-space:normal;background-color:#FFFFFF;\">\r\n	3、网络演进诉求：从产业演进来讲，2020年5G商用前4G如何演进是业界都在&nbsp;思考的严峻课题。3GPP也对下一步的宣传有所考虑，需要业界对产业演进的时间节奏、目标与品牌达成共识。并且，近几年各区域运营商的需求分化明显，市场&nbsp;节奏差异加大。4.5G的诞生为LTE的长期演进竖起了一面旗帜，可以有效的帮助设备商收敛重点特性、推进销售。\r\n</p>\r\n<p style=\"margin-top:0px;margin-bottom:10px;padding:0px;text-indent:2em;font-family:宋体;font-size:14px;line-height:28px;white-space:normal;background-color:#FFFFFF;\">\r\n	从运营商角度来讲，目&nbsp;前运营商大都拥有多制式、多频段（如日本软银：7大频段）。未来几年所有的网络和频谱都将走向LTE，ONE&nbsp;LTE和LTE&nbsp;ONLY是大势所趋。4.5G提出的Massive&nbsp;CA，Massive&nbsp;MIMO，U-LTE和T+F&nbsp;CA等技术将帮助运营商高效整合资源，简化网络架构，最大化提供用户体验，满足运营商的网络演进诉求。\r\n</p>\r\n<p style=\"margin-top:0px;margin-bottom:10px;padding:0px;text-indent:2em;font-family:宋体;font-size:14px;line-height:28px;white-space:normal;background-color:#FFFFFF;\">\r\n	4、智能管道诉求：&nbsp;运营商一直希望管道是智能可以感知业务的，从而提供差异化的业务体验，增强其在竞争市场的优势。NFV和cloud两大技术驱动LTE的网络架构演进，将&nbsp;核心网用户面下移靠近到基站侧，无线资源控制协同和业务感知功能模块合并到基站侧。最终4.5G的网络具备SOR(service-oriented&nbsp;architecture)的能力?\r\n</p>', '1', '2015-04-01 17:20:04');
INSERT INTO `t_news` VALUES ('12', '1号店发布2015年货消费趋势', '<p style=\"margin-top:0px;margin-bottom:10px;padding:0px;text-indent:2em;font-family:宋体;font-size:14px;line-height:28px;white-space:normal;background-color:#FFFFFF;\">\r\n	<span style=\"text-indent:2em;\">随着新春佳节的临近，一年一度的“年货潮”即将到来。1月8日，1号店在北京独家发布《2015年货消费趋势》。该趋势根据1号店2013年和2014年春节前一个月的年货消费情况统计。趋势显示：越来越多的消费者通过网购置办年货，以进口食品为主要代表的洋年货会成为2015年网购年货的重要组成部分，而除手机等年货热品外，主打科技和健康的智能电子产品等新奇特年货愈发受到消费者青睐。</span>\r\n</p>\r\n<p style=\"margin-top:0px;margin-bottom:10px;padding:0px;text-indent:2em;font-family:宋体;font-size:14px;line-height:28px;white-space:normal;background-color:#FFFFFF;\">\r\n	<strong>网购年货趋势增强</strong>\r\n</p>\r\n<p style=\"margin-top:0px;margin-bottom:10px;padding:0px;text-indent:2em;font-family:宋体;font-size:14px;line-height:28px;white-space:normal;background-color:#FFFFFF;\">\r\n	现如今，网购已经成为很多消费者日常生活的一部分。据1号店《2015年货消费趋势》显示，2014年，1号店以各种吃喝为主的传统年货的销售额是2013年的2倍。\r\n</p>\r\n<p style=\"margin-top:0px;margin-bottom:10px;padding:0px;text-indent:2em;font-family:宋体;font-size:14px;line-height:28px;white-space:normal;background-color:#FFFFFF;\">\r\n	1号店副总裁潘飚表示，随着物流效率的提升，以及网络和移动互联网的普及，网购已经成为广大消费者，尤其是年轻消费者不可或缺的消费渠道，便捷和高效的网购体验为消费者节省了大量的时间和精力。“从这两年1号店年货市场的消费情况看，我们相信，今年会有更多的消费者通过网购的方式来购买年货”。\r\n</p>\r\n<p style=\"margin-top:0px;margin-bottom:10px;padding:0px;text-indent:2em;font-family:宋体;font-size:14px;line-height:28px;white-space:normal;text-align:center;background-color:#FFFFFF;\">\r\n	<img src=\"http://upload.itxinwen.com/2015/0113/1421127459620.jpg\" border=\"0\" alt=\"1号店董事长于刚发布2014年度业绩及2015年战略\" data-bd-imgshare-binded=\"1\" style=\"margin:0px;padding:0px;border-style:none;\" />\r\n</p>\r\n<p style=\"margin-top:0px;margin-bottom:10px;padding:0px;font-family:宋体;line-height:28px;white-space:normal;text-align:center;background-color:#FFFFFF;\">\r\n	1号店董事长于刚发布2014年度业绩及2015年战略\r\n</p>\r\n<p style=\"margin-top:0px;margin-bottom:10px;padding:0px;text-indent:2em;font-family:宋体;font-size:14px;line-height:28px;white-space:normal;background-color:#FFFFFF;\">\r\n	<strong>进口和海购商品让春节洋味十足</strong>\r\n</p>\r\n<p style=\"margin-top:0px;margin-bottom:10px;padding:0px;text-indent:2em;font-family:宋体;font-size:14px;line-height:28px;white-space:normal;background-color:#FFFFFF;\">\r\n	1号店《2015年货消费趋势》显示：进口商品在传统年货中的占比从2013年的37%上升到2014年的47%。\r\n</p>\r\n<p style=\"margin-top:0px;margin-bottom:10px;padding:0px;text-indent:2em;font-family:宋体;font-size:14px;line-height:28px;white-space:normal;background-color:#FFFFFF;\">\r\n	而“海购”也已成为网购一族的新标签。据尼尔森数据显示，2013年中国的海外购物人数已达1800万，海外购物开支高达人民币2136亿元。按此发展趋势，到2018年中国的海购一族规模将超过3500万人，整个海购市场将达到1万亿元的规模。\r\n</p>\r\n<p style=\"margin-top:0px;margin-bottom:10px;padding:0px;text-indent:2em;font-family:宋体;font-size:14px;line-height:28px;white-space:normal;background-color:#FFFFFF;\">\r\n	对此，潘飚表示，国内消费者对进口商品的需求量在不断增大，1号店也很早注意到海购市场的巨大潜力，未来将继续发挥进口直采、品牌直通车的战略优势，不断深耕进口商品尤其是进口食品领域，同时大力发展独特的双模式1号海购，为消费者提供更好的购物体验。\r\n</p>\r\n<p style=\"margin-top:0px;margin-bottom:10px;padding:0px;text-indent:2em;font-family:宋体;font-size:14px;line-height:28px;white-space:normal;background-color:#FFFFFF;\">\r\n	作为国内B2C领域最大的进口食品线上销售平台，1号店目前拥有近70,000种进口食品。此外，1号店于2013年12月宣布进驻上海自贸区，开始布局跨境电商业务，并于去年9月正式上线“1号海购”，率先通过保税进口模式和海外直邮模式将海外优质商品引入国内。\r\n</p>\r\n<p style=\"margin-top:0px;margin-bottom:10px;padding:0px;text-indent:2em;font-family:宋体;font-size:14px;line-height:28px;white-space:normal;background-color:#FFFFFF;\">\r\n	<strong>新年货引领新趋势</strong>\r\n</p>\r\n<p style=\"margin-top:0px;margin-bottom:10px;padding:0px;text-indent:2em;font-family:宋体;font-size:14px;line-height:28px;white-space:normal;background-color:#FFFFFF;\">\r\n	近年来，随着人民经济生活水平不断提高，传统年货已经不能满足消费者的多样化需求。因此，各种新奇特商品开始走俏年货市场。除了已经颇具年货热度的手机、平板电脑、数码影像等3C产品外，新兴的智能穿戴、智能小家电等商品，逐渐成为消费者年货购物单上的“新贵”。1号店《2015年货消费趋势》显示：1号店2014年新年货的销售额是2013年销售额的2倍。\r\n</p>\r\n<p style=\"margin-top:0px;margin-bottom:10px;padding:0px;text-indent:2em;font-family:宋体;font-size:14px;line-height:28px;white-space:normal;background-color:#FFFFFF;\">\r\n	“我觉得，除了消费者对智能设备的需求明显提高外，科技水平的发达，让电子产品价格普遍下降，也是消费者开始青睐新年货的重要原因。当然，我们的手机永远比主要竞争对手低50的价格策略，也吸引了不少的消费者。”潘飚说。“今年我们还预期，生鲜产品会成为大家过年无论是准备桌上珍馐还是走亲访友的必备佳品。”所以，1号店还为消费者备足了品类丰富的生鲜年货，包括水果及礼盒、进口牛羊肉、各类海鲜，以及甜品和腊味等。\r\n</p>\r\n<p style=\"margin-top:0px;margin-bottom:10px;padding:0px;text-indent:2em;font-family:宋体;font-size:14px;line-height:28px;white-space:normal;background-color:#FFFFFF;\">\r\n	据了解，由于今年春节比较晚，为满足消费者采购年货的不同需求，1号店今年的“年货大街”将分为两波：第一阶段从1月8日开始，除了传统年货外，还将开辟进口和海购、厨房电器、年货团、生鲜和移动专场；第二阶段从1月26日开始，将持续到春节期间。潘飚表示：“我们保证，今年在本土年货、洋年货的基础上，会备足各种新奇特和生鲜年货，一定给大家提供品类最丰富、品质最好、价格最实惠、售后最有保障的年货大餐！”\r\n</p>\r\n<p style=\"margin-top:0px;margin-bottom:10px;padding:0px;text-indent:2em;font-family:宋体;font-size:14px;line-height:28px;white-space:normal;background-color:#FFFFFF;\">\r\n	<strong>2015年货消费趋势：</strong>\r\n</p>\r\n<p style=\"margin-top:0px;margin-bottom:10px;padding:0px;text-indent:2em;font-family:宋体;font-size:14px;line-height:28px;white-space:normal;background-color:#FFFFFF;\">\r\n	（<a href=\"http://upload.itxinwen.com/2015/0113/1421127515259.pdf\" style=\"margin:0px;padding:0px;color:#0F6B99;\"><img class=\"icon\" src=\"http://img.itxinwen.com/images/ext/pdf.gif\" border=\"0\" data-bd-imgshare-binded=\"1\" style=\"margin:0px;padding:0px;border-style:none;\" />1号店2014年度业绩回顾&amp;2015战略.pdf</a>）\r\n</p>\r\n<p style=\"margin-top:0px;margin-bottom:10px;padding:0px;text-indent:2em;font-family:宋体;font-size:14px;line-height:28px;white-space:normal;background-color:#FFFFFF;\">\r\n	<strong>一、</strong><strong>越来越多消费者选择在网上采购年货</strong>：\r\n</p>\r\n<p style=\"margin-top:0px;margin-bottom:10px;padding:0px;text-indent:2em;font-family:宋体;font-size:14px;line-height:28px;white-space:normal;background-color:#FFFFFF;\">\r\n	2014年传统年货销售额是2013年销售额的2倍\r\n</p>\r\n<p style=\"margin-top:0px;margin-bottom:10px;padding:0px;text-indent:2em;font-family:宋体;font-size:14px;line-height:28px;white-space:normal;background-color:#FFFFFF;\">\r\n	<strong>二、消费者越来越“洋气”：</strong>\r\n</p>\r\n<p style=\"margin-top:0px;margin-bottom:10px;padding:0px;text-indent:2em;font-family:宋体;font-size:14px;line-height:28px;white-space:normal;background-color:#FFFFFF;\">\r\n	“洋”年货在整体年货中的占比上升，由2013年的37%上升到2014年的47%\r\n</p>\r\n<p style=\"margin-top:0px;margin-bottom:10px;padding:0px;text-indent:2em;font-family:宋体;font-size:14px;line-height:28px;white-space:normal;background-color:#FFFFFF;\">\r\n	<strong>三、除了传统年货，新年货也被越来越多消费者青睐：</strong>\r\n</p>\r\n<p style=\"margin-top:0px;margin-bottom:10px;padding:0px;text-indent:2em;font-family:宋体;font-size:14px;line-height:28px;white-space:normal;background-color:#FFFFFF;\">\r\n	2014年新年货销售额是2013年销售额的2倍\r\n</p>\r\n<p style=\"margin-top:0px;margin-bottom:10px;padding:0px;text-indent:2em;font-family:宋体;font-size:14px;line-height:28px;white-space:normal;background-color:#FFFFFF;\">\r\n	<strong>四、</strong><strong>最受欢迎的年货榜：</strong>\r\n</p>\r\n<p style=\"margin-top:0px;margin-bottom:10px;padding:0px;text-indent:2em;font-family:宋体;font-size:14px;line-height:28px;white-space:normal;background-color:#FFFFFF;\">\r\n	本土年货最受欢迎的四个品类：零食、坚果、特产；酒；粮油；糖果、巧克力 进口年货最受欢迎的四个品类：进口饼干、糕点；进口巧克力、糖果；进口乳制品；进口酒\r\n</p>', '1', '2015-04-03 17:20:56');
INSERT INTO `t_news` VALUES ('13', '浙江移动启动VoLTE高清视频通话业务试商用', '<p style=\"margin-top:0px;margin-bottom:10px;padding:0px;text-indent:2em;font-family:宋体;font-size:14px;line-height:28px;white-space:normal;background-color:#FFFFFF;\">\r\n	12月18日，浙江杭州，主题为“和聚4G，赢领未来”的4G推广会现场，浙江移动在全国范围内首次宣布4G&nbsp;VoLTE业务进入试商用阶段，并宣布启动VoLTE友好用户招募。发布会的高潮环节是在活动现场，浙江移动总经理郑杰总经理给远在北京的华为消费者业务CEO余承东现场拨打了一个VoLTE高清视频通话，相距1600公里之遥的两人，在一眨眼间，通过华为Mate7手机实现了“面对面”的沟通。\r\n</p>\r\n<p style=\"margin-top:0px;margin-bottom:10px;padding:0px;text-indent:2em;font-family:宋体;font-size:14px;line-height:28px;white-space:normal;background-color:#FFFFFF;\">\r\n	郑杰总经理说：“余承东董事长好！我在杭州通过VoLTE网络和你进行高清视频通话。”此刻，手机画面被同步投放在现场的大屏幕上。电话另一头，清晰可见身穿深色西装和白色衬衫的余承东。余承东回应道：“郑总您好！打通4G&nbsp;VoLTE电话感到很高兴，话音承载在4G网络上是4G业务发展的新台阶、新进步。浙江移动在技术创新上很靠前，华为作为浙江移动系统设备和终端的全面供应商和战略合作伙伴，一定会长期坚定支持浙江移动在4G业务上的发展战略，协助浙江移动奠定领先优势，全力以赴。”\r\n</p>\r\n<p style=\"margin-top:0px;margin-bottom:10px;padding:0px;text-indent:2em;font-family:宋体;font-size:14px;line-height:28px;white-space:normal;background-color:#FFFFFF;\">\r\n	整个通话过程中，余承东的表情清晰可见，呈现出优质的画面与清晰的声音效果。全程始终流畅无卡顿，让现场人士提前感受了4G高清音视频业务的魅力。最直接的感受就是，接通等待时间更短，视频通话的质量更高，语言更清晰更自然。\r\n</p>\r\n<p style=\"margin-top:0px;margin-bottom:10px;padding:0px;text-indent:2em;font-family:宋体;font-size:14px;line-height:28px;white-space:normal;background-color:#FFFFFF;\">\r\n	最后郑杰总经理总结说：“5分多钟的视频通话质量很好，声音也很清晰，说明4G&nbsp;VoLTE已经具备商用条件，接下来我们就会启动友好用户招募工作。”\r\n</p>\r\n<p style=\"margin-top:0px;margin-bottom:10px;padding:0px;text-indent:2em;font-family:宋体;font-size:14px;line-height:28px;white-space:normal;background-color:#FFFFFF;\">\r\n	据了解，本次VoLTE高清视频通话是国内首次在商用4G无线网络和VoLTE核心网络环境下的通话。今年12月，杭州已成为全国首个具备基于VoLTE试商用能力的城市，友好用户招募也即将启动。基于中国移动越来越好的4G覆盖和VoLTE网络环境，普通用户的日常沟通、企业用户的多方会议都能通过支持VoLTE功能的手机实现，提供传统2G/3G网络无法提供的体验。\r\n</p>\r\n<p style=\"margin-top:0px;margin-bottom:10px;padding:0px;text-indent:2em;font-family:宋体;font-size:14px;line-height:28px;white-space:normal;background-color:#FFFFFF;\">\r\n	在未来，VoLTE高清语音和高清视频业务是4G时代运营商提供高品质基础通信服务的关键，也是提供丰富媒体业务的基础。2015年，随着4G&nbsp;VoLTE在浙江乃至全国更大范围内的推广，中国移动用户有望获得更多更精彩的4G体验。\r\n</p>', '1', '2015-04-05 17:21:45');
INSERT INTO `t_news` VALUES ('14', '中国企业全面进军5G领域 力推全球统一标准成型', '<p style=\"margin-top:0px;margin-bottom:10px;padding:0px;text-indent:2em;font-family:宋体;font-size:14px;line-height:28px;white-space:normal;background-color:#FFFFFF;\">\r\n	尽管4G网络还在方兴未艾，但来自市场的信息显示，中国企业已经在全面进军5G产业领域。这使得全球市场人士相信，中国企业将在这次带有颠覆性影响的通信技术“换代”与进步中扮演至关重要的角色。\r\n</p>\r\n<p style=\"margin-top:0px;margin-bottom:10px;padding:0px;text-indent:2em;font-family:宋体;font-size:14px;line-height:28px;white-space:normal;background-color:#FFFFFF;\">\r\n	19日在上海举行的2014全球移动宽带论坛上，中国最大的信息与通信方案供应商华为表示，这家企业正在全力以赴冲刺第五代移动通信技术(即5G技术)，预计将在2020年推出首个5G商用网络。\r\n</p>\r\n<p style=\"margin-top:0px;margin-bottom:10px;padding:0px;text-indent:2em;font-family:宋体;font-size:14px;line-height:28px;white-space:normal;background-color:#FFFFFF;\">\r\n	尽管目前全球企业在这一领域都处于探索和定义阶段，但市场普遍认为，中国企业届时将在全球趋于统一的技术标准体系上占据核心位置，从而彻底改变此前在专利和标准领域的被动地位。\r\n</p>\r\n<p style=\"margin-top:0px;margin-bottom:10px;padding:0px;text-indent:2em;font-family:宋体;font-size:14px;line-height:28px;white-space:normal;background-color:#FFFFFF;\">\r\n	“中国企业要成为全球通信设备的主要供应商，就要求我们必须构建在这个领域的核心竞争力。可以预见的是，5G技术会给全球通信产业乃至公众的生活、工作方式发生革命性的变化。中国企业将不遗余力，利用自身的技术储备和持续创新，共同推进这一进程。”华为无线网络产品线首席营销官杨超斌说。\r\n</p>\r\n<p style=\"margin-top:0px;margin-bottom:10px;padding:0px;text-indent:2em;font-family:宋体;font-size:14px;line-height:28px;white-space:normal;background-color:#FFFFFF;\">\r\n	在当天举行的论坛上，全球市场普遍认为，和此前的通信技术相比，5G技术意味着通信领域突破性发展。出席论坛的全球移动通信协会首席执行官约翰·霍夫曼说，以往的2G、3G、4G系统主要服务于通信，而进入到5G时代后，市场将迎来一个“真正意义上的融合网络”。\r\n</p>\r\n<p style=\"margin-top:0px;margin-bottom:10px;padding:0px;text-indent:2em;font-family:宋体;font-size:14px;line-height:28px;white-space:normal;background-color:#FFFFFF;\">\r\n	据介绍，目前，中国、欧盟、韩国、日本等国和相关组织已经纷纷启动了5G的研究工作，随着技术的发展与完善，届时移动接入将呈现超大容量、超高连接性以及极速等新特征。\r\n</p>\r\n<p style=\"margin-top:0px;margin-bottom:10px;padding:0px;text-indent:2em;font-family:宋体;font-size:14px;line-height:28px;white-space:normal;background-color:#FFFFFF;\">\r\n	杨超斌说，随着5G技术的应用，人们可以实现虚拟现实对话、观看3D投影、实现海量连接的物联网等功能，“具体如自动驾驶、超高清视频、智能家居、医疗服务等都将变成现实。”\r\n</p>\r\n<p style=\"margin-top:0px;margin-bottom:10px;padding:0px;text-indent:2em;font-family:宋体;font-size:14px;line-height:28px;white-space:normal;background-color:#FFFFFF;\">\r\n	长期以来，受制于专利技术和标准的匮乏，中国企业在2G和3G产业阶段处于被动位置，付出了高额“学费”，但相关人士认为，中国企业在5G开发进程中将扮演更加重要的角色，而这与过去十多年来持续不断的技术创新与发展积累了雄厚基础有直接关联。\r\n</p>\r\n<p style=\"margin-top:0px;margin-bottom:10px;padding:0px;text-indent:2em;font-family:宋体;font-size:14px;line-height:28px;white-space:normal;background-color:#FFFFFF;\">\r\n	在当天的论坛上，中国工信部总工程师张峰说，在多年技术进步的基础上，今年已经成为中国4G产业的开局之年，随着4G牌照的发放和三大运营商相继开展商用服务，LTE在中国的发展已经呈现“突飞猛进”的态势。\r\n</p>\r\n<p style=\"margin-top:0px;margin-bottom:10px;padding:0px;text-indent:2em;font-family:宋体;font-size:14px;line-height:28px;white-space:normal;background-color:#FFFFFF;\">\r\n	他说，截至9月底，中国LTE用户总数已经超过了4300万，预计年底将超过7000万，届时LTE基站数预计也将超过70万，均跃居世界第一。\r\n</p>\r\n<p style=\"margin-top:0px;margin-bottom:10px;padding:0px;text-indent:2em;font-family:宋体;font-size:14px;line-height:28px;white-space:normal;background-color:#FFFFFF;\">\r\n	此外，完善的产业链也使得中国通信产业在更新一代的技术突破中占据主动。张峰说，截至目前，中国通信产业链日已经日趋完善，仅今年以来，入网的LTE终端机型就已经接近600款，销量累计达到5580万部。\r\n</p>\r\n<p style=\"margin-top:0px;margin-bottom:10px;padding:0px;text-indent:2em;font-family:宋体;font-size:14px;line-height:28px;white-space:normal;background-color:#FFFFFF;\">\r\n	在一些市场看来，正是在4G时代形成的技术赶超和市场规模的积累，给中国企业拓展更新一代的通信技术奠定了市场信息和基础。而中国企业自身对于技术创新的重视和持续投入，是在5G时代实现领先发展的动力所在，也这有助于全球通信产业实现统一标准。\r\n</p>\r\n<p style=\"margin-top:0px;margin-bottom:10px;padding:0px;text-indent:2em;font-family:宋体;font-size:14px;line-height:28px;white-space:normal;background-color:#FFFFFF;\">\r\n	华为轮值CEO徐直军说，展望未来，中国通信产业界会继续加大5G领域的投资，实现从基站架构、网络架构等核心技术上实现突破性进展，“中国企业也愿意和全球市场共同合作探索5G需求，推动5G产业的进步。”\r\n</p>', '1', '2015-04-07 17:22:21');
INSERT INTO `t_news` VALUES ('16', '东风助力花盛放 2015年中国电信终端产业链年会在京召开', '<p style=\"margin-top:0px;margin-bottom:10px;padding:0px;text-indent:2em;font-family:宋体;font-size:14px;line-height:28px;white-space:normal;background-color:#FFFFFF;\">\r\n	2月5日，中国电信联手Qualcomm在京召开“盛放——2015年中国电信终端产业链年会”，这是中国电信自2010年以来召开的第六届终端产业链年会。中国电信集团公司总经理杨杰、Qualcomm公司执行董事长保罗·雅各布出席大会并做主题报告。来自天翼终端产业链的近千名代表欢聚一堂，共同展望4G时代的美好未来。\r\n</p>\r\n<p style=\"margin-top:0px;margin-bottom:10px;padding:0px;text-indent:2em;font-family:宋体;font-size:14px;line-height:28px;white-space:normal;background-color:#FFFFFF;\">\r\n	截至2014年12月，中国电信移动业务用户1.86亿，其中3G用户1.19亿。同时，中国电信的固定上网和3G上网满意度均居行业第一，移动业务渠道覆盖跃居行业第二。\r\n</p>\r\n<p style=\"margin-top:0px;margin-bottom:10px;padding:0px;text-indent:2em;font-family:宋体;font-size:14px;line-height:28px;white-space:normal;background-color:#FFFFFF;\">\r\n	2014年，中国电信迎难而上的基本因素在于坚持“一去两化新三者”①的战略，一方面全面深化改革，激发全员积极性；另一方面在多个领域开展互联网化运营，促进创新发展。在基础业务领域，中国电信自下而上推动市场化变革，打造自主经营体，并通过“划小承包”等一系列改革措施，激发了组织、人员和业务活力。在新兴业务领域，借助自身作为电信运营商的优势，按照互联网规律，推进市场化进程，通过集约快速提升新兴业务的行业市场地位。\r\n</p>\r\n<p style=\"margin-top:0px;margin-bottom:10px;padding:0px;text-indent:2em;font-family:宋体;font-size:14px;line-height:28px;white-space:normal;background-color:#FFFFFF;\">\r\n	在中国电信稳健发展的带动下，2014年天翼终端产业启动跨越升级。天翼终端市场规模稳定增长，全年各类终端总销量大约8500万部。全年天翼手机在整体手机终端市场所占份额达21.3%，尤其是去年12月中国电信3G+4G终端市场份额达到20.5%，首次跃居行业第二。这证明中国电信借力4G不仅有机遇，也有能力再次实现跨越发展。\r\n</p>\r\n<p style=\"margin-top:0px;margin-bottom:10px;padding:0px;text-indent:2em;font-family:宋体;font-size:14px;line-height:28px;white-space:normal;background-color:#FFFFFF;\">\r\n	2014年，天翼产业更加壮大，引入MTK、vivo、OPPO等新伙伴，全年在售天翼手机大约1150款，其中4G终端达到百款。全网通手机的持续升级，安全手机、视频手机的相继推出，有力提升了天翼终端的市场影响力和差异化竞争力，促进终端销量的不断提升。2014年，天翼终端合作厂商渠道覆盖4万个门店，建成农村全网通卖场1.5万个，移动业务转售试点合作虚拟运营商26家，开放渠道份额提升2.5个百分点，社会合作强度持续增加，合作方式进一步深化。更重要的是4G的全面启动带动终端产业升级，产业价值中枢上移，为产业发展打开更大的发展空间。\r\n</p>\r\n<p style=\"margin-top:0px;margin-bottom:10px;padding:0px;text-indent:2em;font-family:宋体;font-size:14px;line-height:28px;white-space:normal;background-color:#FFFFFF;\">\r\n	在本次年会中，中国电信评选出了2014年度CDMA终端最佳设计公司奖、CDMA终端厂商新秀奖、CDMA终端优秀售后服务奖、CDMA终端优秀应用推广奖、优秀连锁渠道奖、优秀渠道合作伙伴奖、优秀零售店奖、农村优秀零售商奖、优秀合作电商奖、最佳创新手机奖、最受欢迎智能手机奖、CDMA终端厂商最佳市场表现奖、开放及电商渠道最佳市场表现奖，对于在2014年产业链各领域做出突出贡献的产业合作伙伴进行感谢和表彰。\r\n</p>\r\n<p style=\"margin-top:0px;margin-bottom:10px;padding:0px;text-indent:2em;font-family:宋体;font-size:14px;line-height:28px;white-space:normal;background-color:#FFFFFF;\">\r\n	中国电信集团公司杨杰总经理在年会上用“携手奋进迎春到”来概括2014年天翼终端产业链的发展盛况，用“东风助力花盛放”来描述2015年的发展蓝图。杨总指出，2015年中国电信将继续坚持“一去两化新三者”战略，全面深化改革，开展互联网化运营，采取差异化策略促进发展。\r\n</p>\r\n<p style=\"margin-top:0px;margin-bottom:10px;padding:0px;text-indent:2em;font-family:宋体;font-size:14px;line-height:28px;white-space:normal;background-color:#FFFFFF;\">\r\n	网络差异化方面，中国电信采取固定宽带和移动宽带“双百兆，新融合”策略：一方面在成功进行混合组网试验的基础上，发挥混合组网和3G、4G协同的优势；另一方面宽带提速一步到位，2015年将力推宽带提速至50-100M，提升固定宽带差异化服务能力，并结合“悦me”盒子、网关、电视、投影等宽带互联网产品，打造智慧家庭，并充分发挥固定宽带优势，以新融合拉动用户增长。\r\n</p>\r\n<p style=\"margin-top:0px;margin-bottom:10px;padding:0px;text-indent:2em;font-family:宋体;font-size:14px;line-height:28px;white-space:normal;background-color:#FFFFFF;\">\r\n	产品差异化方面，中国电信将提供四类重点产品。一是网络平台类，提供更快更灵活的网络、更开放的平台，包括基于智能管道和综合平台的产品、WiFi、云、CDN、大数据等；二是安全类，提供端、管、云联动的安全系列产品，包括网络安全、手机安全、安全手机等；三是行业信息化类，做精做深重点行业，提供信息化解决方案、物联网、智慧城市、智慧企业应用等；四是提升效率、生活品质类，让娱乐、支付、社交等生活场景无处不在，包括易信、“悦me”、翼支付等。\r\n</p>\r\n<p style=\"margin-top:0px;margin-bottom:10px;padding:0px;text-indent:2em;font-family:宋体;font-size:14px;line-height:28px;white-space:normal;background-color:#FFFFFF;\">\r\n	终端差异化方面，中国电信将聚焦客户，聚合产业，打造差异化特色终端，改变传统上以低价获取用户的方式，按照细分客户需要定制终端产品。\r\n</p>\r\n<p style=\"margin-top:0px;margin-bottom:10px;padding:0px;text-indent:2em;font-family:宋体;font-size:14px;line-height:28px;white-space:normal;background-color:#FFFFFF;\">\r\n	不久前，中国电信召开了终端合作战略发布会，并宣布了“卓越100”计划，2015年将投入160亿元巨资，通过市场化的“赛马”机制和资金牵引作用，为消费者打造100款精品4G手机，引领4G时代的手机产业创新发展，拉动全年手机销量突破1亿部。\r\n</p>\r\n<p style=\"margin-top:0px;margin-bottom:10px;padding:0px;text-indent:2em;font-family:宋体;font-size:14px;line-height:28px;white-space:normal;background-color:#FFFFFF;\">\r\n	在2月5日下午召开的“中国电信终端产业联盟（CTTA）第七次理事会”上，中国电信详细阐述了“卓越100”计划的实施计划，并公布了首批进入该计划的厂商和产品名单。在会议现场，中国电信正式发布了《2015特色终端需求白皮书》，从用户体验和实际感知出发，对安全、拍照、待机、老人、娱乐等特色手机应实现的特色功能提出了原则性定制需求，并广泛征求了产业链意见。在此之前，中国电信聚焦移动互联网时代用户最关注的安全和流量这两大核心需求，已先后推出了安全手机和视频手机。相信广大消费者将看到更多中国电信特色终端。\r\n</p>\r\n<p style=\"margin-top:0px;margin-bottom:10px;padding:0px;text-indent:2em;font-family:宋体;font-size:14px;line-height:28px;white-space:normal;background-color:#FFFFFF;\">\r\n	在渠道开放合作方面，中国电信将聚焦营销模式转型、特色终端定制、线上线下协同、客户运营、补贴快速结算、“倒三角”服务支撑六个方面，以七大全国连锁为龙头，与百家连锁渠道创新合作，实现连锁渠道发展量破千万。会上，中国电信与七大连锁企业共同签署了“2015年中国电信连锁渠道创新合作发展计划”。\r\n</p>\r\n<p style=\"margin-top:0px;margin-bottom:10px;padding:0px;text-indent:2em;font-family:宋体;font-size:14px;line-height:28px;white-space:normal;background-color:#FFFFFF;\">\r\n	2015年，必将是4G高速发展的一年。中国电信将与产业链合作伙伴一道，为用户打造更快更好的卓越网络，提供更快更好的缤纷应用，构建更加开放、充满活力的产业链，推进天翼终端产业百花盛放。\r\n</p>', '1', '2015-04-09 21:01:50');
INSERT INTO `t_news` VALUES ('17', 'FDD牌照12月将发放 联通电信双4G反击中移动', '<p style=\"margin-top:0px;margin-bottom:10px;padding:0px;font-family:宋体;font-size:14px;line-height:28px;white-space:normal;text-align:center;background-color:#FFFFFF;\">\r\n	<img src=\"http://upload.itxinwen.com/2014/1105/1415173872492.jpg\" border=\"0\" data-bd-imgshare-binded=\"1\" style=\"margin:0px;padding:0px;border-style:none;\" />\r\n</p>\r\n<p style=\"margin-top:0px;margin-bottom:10px;padding:0px;text-indent:2em;font-family:宋体;font-size:14px;line-height:28px;white-space:normal;background-color:#FFFFFF;\">\r\n	这一年，国内三大电信运营商的竞争几乎是中移动4G一家唱天下，后续随着电信、联通4G混合试验网的推进，竞争势态逐日提升。眼下，对于联通、电信而言，最渴望的事情莫过于FDD的牌照发放，从而大张旗鼓的与中移动在4G方面进行直接较量。\r\n</p>\r\n<p style=\"margin-top:0px;margin-bottom:10px;padding:0px;text-indent:2em;font-family:宋体;font-size:14px;line-height:28px;white-space:normal;background-color:#FFFFFF;\">\r\n	对此，腾讯科技从内部渠道获悉，有关部门已开始着手FDD牌照发放的准备工作，如不出意外，下月将对外发放。\r\n</p>\r\n<p style=\"margin-top:0px;margin-bottom:10px;padding:0px;text-indent:2em;font-family:宋体;font-size:14px;line-height:28px;white-space:normal;background-color:#FFFFFF;\">\r\n	据了解，联通、电信近几个月已经接到上级部门的工作部署，要求在11月前完成FDD制式4G基站的建设或升级工作。众所周知，FDD基站可以由原来的WCDMA制式的3G基站通过软件实现平滑升级。所以，联通FDD制式的4G基站已经实现了城区和重要道路的覆盖。\r\n</p>\r\n<p style=\"margin-top:0px;margin-bottom:10px;padding:0px;text-indent:2em;font-family:宋体;font-size:14px;line-height:28px;white-space:normal;background-color:#FFFFFF;\">\r\n	而电信方面，在取得国内部分城市开展FDD-LTE和td-LTE混合组网试验的批准后，已于7月下旬在16个城市推出4G手机服务，并于9月初进一步扩展至另外24个城市，接下来将计划扩充到更多城市。而在申请扩大混合组网试验地域范围的同时，电信已提交了FDD商用牌照的申请。\r\n</p>\r\n<p style=\"margin-top:0px;margin-bottom:10px;padding:0px;text-indent:2em;font-family:宋体;font-size:14px;line-height:28px;white-space:normal;background-color:#FFFFFF;\">\r\n	据该人士透露，联通和电信在40个城市开展的FDD-LTE混合组网试验效果显著，已于近期相继提交了FDD商用牌照的申请。按照之前td-LTE发牌的要求，只要各制式互操作相对成熟后，即可发放FDD-LTE牌照。\r\n</p>\r\n<p style=\"margin-top:0px;margin-bottom:10px;padding:0px;text-indent:2em;font-family:宋体;font-size:14px;line-height:28px;white-space:normal;background-color:#FFFFFF;\">\r\n	根据腾讯科技掌握的情况来看，联通、电信在混合组网的部署上已非常明确，td-LTE用于城市热点区域覆盖，FDD-LTE用于广域覆盖。而由于tdD牌照先发放，部署范围较广，而FDD由于后发则更聚焦核心城市。目前两种制式已形成有效互补，这也是为何会有混合组网的实际意义所在。\r\n</p>\r\n<p style=\"margin-top:0px;margin-bottom:10px;padding:0px;text-indent:2em;font-family:宋体;font-size:14px;line-height:28px;white-space:normal;background-color:#FFFFFF;\">\r\n	一旦FDD牌照发放，会对中国移动(微博)4G市场开拓产生强烈的冲击作用。业内分析人士腾讯科技表示，覆盖是中移动4G拓展上的硬伤，受制于频段的限制，中移动只能建设更多的基站，以保证4G用户体验。\r\n</p>\r\n<p style=\"margin-top:0px;margin-bottom:10px;padding:0px;text-indent:2em;font-family:宋体;font-size:14px;line-height:28px;white-space:normal;background-color:#FFFFFF;\">\r\n	据了解，中移动充分利用抢跑优势，以庞大的资金做后盾。截至9月30日，中移动已建成超过50万个4G基站，4G网络覆盖全国300多个城市，今年整体投资规模将超过2400亿元。而近期中移动已提前启动td-LTE网络第三期建站工程建设，计划年底建成70万个4G基站，远高于预期的50万个基站。\r\n</p>\r\n<p style=\"margin-top:0px;margin-bottom:10px;padding:0px;text-indent:2em;font-family:宋体;font-size:14px;line-height:28px;white-space:normal;background-color:#FFFFFF;\">\r\n	虽说联通、电信在4G竞争中扮演了一个迟到者的角色，表面来看在4G网络覆盖上与中移动相比没有明显优势。但联通和电信的3G基站在低成本平滑升级后，可以直接提供4G服务，覆盖范围可迅速超越中移动。\r\n</p>\r\n<p style=\"margin-top:0px;margin-bottom:10px;padding:0px;text-indent:2em;font-family:宋体;font-size:14px;line-height:28px;white-space:normal;background-color:#FFFFFF;\">\r\n	在腾讯科技走访北京、上海、广州、深圳、四川等几个城市发现，城区主要范围已有电信、联通的FDD-LTE 4G信号，平均速率在37Mbps左右，不过室内覆盖还有所欠缺。\r\n</p>\r\n<p style=\"margin-top:0px;margin-bottom:10px;padding:0px;text-indent:2em;font-family:宋体;font-size:14px;line-height:28px;white-space:normal;background-color:#FFFFFF;\">\r\n	对于即将到来的FDD牌照，联通方面已着手准备工作，并制定了“双4G”战略。一方面是运营着两张4G网络，另一方面则是推出支持双4G的终端，后者将是其最大的优势。\r\n</p>\r\n<p style=\"margin-top:0px;margin-bottom:10px;padding:0px;text-indent:2em;font-family:宋体;font-size:14px;line-height:28px;white-space:normal;background-color:#FFFFFF;\">\r\n	举例来说，目前市面上已有很多款4G手机，但多数用户并不清楚何为 “5模10频”、“5模13频”等等，而这些纷繁的概念背后其实是三大运营商的博弈。这里简单说明下，模式是不同运营商运营的网络制式，通常五模指的是td-LTE、FDD-LTE、td-SCDMA、WCDMA、GSM的通信模式。尽管三家运营商都发了td-LTE的牌照，但频段分配不一样，所以就会出现有些4G手机并不支持另一家的制式，而联通的4G终端可以全部无缝支持。\r\n</p>\r\n<p style=\"margin-top:0px;margin-bottom:10px;padding:0px;text-indent:2em;font-family:宋体;font-size:14px;line-height:28px;white-space:normal;background-color:#FFFFFF;\">\r\n	目前，全球已有超过21个国家部署td-LTE网络，开通FDD-LTE网络的则有102个国家和地区，这意味着联通、电信4G用户将可享受到更多国家和地区4G网络的高速无缝漫游，这对中移动的td-LTE也是不小的压力。\r\n</p>', '1', '2015-04-11 21:02:36');
INSERT INTO `t_news` VALUES ('18', '营改增影响显现：三大运营商每日少赚1500万', '<p style=\"margin-top:0px;margin-bottom:10px;padding:0px;font-family:宋体;font-size:14px;line-height:28px;white-space:normal;text-align:center;background-color:#FFFFFF;\">\r\n	<img src=\"http://upload.itxinwen.com/2014/0221/1392944564482.jpg\" border=\"0\" alt=\"三大运营商\" data-bd-imgshare-binded=\"1\" style=\"margin:0px;padding:0px;border-style:none;\" />\r\n</p>\r\n<p style=\"margin-top:0px;margin-bottom:10px;padding:0px;text-indent:2em;font-family:宋体;font-size:14px;line-height:28px;white-space:normal;background-color:#FFFFFF;\">\r\n	新浪科技讯10月30日消息，随着三大运营商三季度财报的出炉，今年以来对三大运营商收入和利润影响最大的一个因素已经显现，即营改增严重遏制了三大运营商的收入增速，重创了三大运营商的总体利润规模，整个今年前三季度同比减少净利润4亿元左右。\r\n</p>\r\n<p style=\"margin-top:0px;margin-bottom:10px;padding:0px;text-indent:2em;font-family:宋体;font-size:14px;line-height:28px;white-space:normal;background-color:#FFFFFF;\">\r\n	<strong>同比每日少赚1500万元</strong>\r\n</p>\r\n<p style=\"margin-top:0px;margin-bottom:10px;padding:0px;text-indent:2em;font-family:宋体;font-size:14px;line-height:28px;white-space:normal;background-color:#FFFFFF;\">\r\n	三季报显示，今年前9个月，中国移动净利润826亿元，同比下降9.7%；中国电信净利润为161.69亿元，同比增长9.8%；中国联通净利润为105.6亿元，比上年同期增长26.1%。\r\n</p>\r\n<p style=\"margin-top:0px;margin-bottom:10px;padding:0px;text-indent:2em;font-family:宋体;font-size:14px;line-height:28px;white-space:normal;background-color:#FFFFFF;\">\r\n	看似中国联通和中国电信利润增长较快，但因这两家运营商在三大运营商利润总和中占比太小，因此，三大运营商整体的利润总和实际上是同比大降了。\r\n</p>\r\n<p style=\"margin-top:0px;margin-bottom:10px;padding:0px;text-indent:2em;font-family:宋体;font-size:14px;line-height:28px;white-space:normal;background-color:#FFFFFF;\">\r\n	通过简单相加即可算出，三大电信运营商今年前9个月净利共计约1093亿元，平均每日利润总和约4.05亿元，低于去年同期的4.2亿元，相当于每日少赚1500万元。\r\n</p>\r\n<p style=\"margin-top:0px;margin-bottom:10px;padding:0px;text-indent:2em;font-family:宋体;font-size:14px;line-height:28px;white-space:normal;background-color:#FFFFFF;\">\r\n	<strong>收入增速也被遏制</strong>\r\n</p>\r\n<p style=\"margin-top:0px;margin-bottom:10px;padding:0px;text-indent:2em;font-family:宋体;font-size:14px;line-height:28px;white-space:normal;background-color:#FFFFFF;\">\r\n	同时，从三大运营商三季度财报也可看出，三大运营商的收入增幅和新增用户也大幅减少。\r\n</p>\r\n<p style=\"margin-top:0px;margin-bottom:10px;padding:0px;text-indent:2em;font-family:宋体;font-size:14px;line-height:28px;white-space:normal;background-color:#FFFFFF;\">\r\n	中国电信公布今年前三个季度业绩扣除移动终端销售收入的经营收入为2202.92亿元，仅比去年同期增长4.8%；中国联通前三季度收入增长也缓慢，2014年前三季度，中国联通实现营业收入为人民币2,153.4亿元，其中服务收入为人民币1,868.4亿元，比上年同期增长5.3%。中国移动也好不到哪里去。\r\n</p>\r\n<p style=\"margin-top:0px;margin-bottom:10px;padding:0px;text-indent:2em;font-family:宋体;font-size:14px;line-height:28px;white-space:normal;background-color:#FFFFFF;\">\r\n	在新增用户上，前8个月联通的移动用户数累计2.96526亿户，本月净增长63.5万户，再创年内新低；其中移动宽带用户数累计1.4458亿户，本月净增长126.2万户。中国电信更糟糕，2014年1月至7月份中国电信的移动用户累计净减554万户，今年7月份，中国电信的移动用户减少20万，直到8月和9月才实现正增长。\r\n</p>\r\n<p style=\"margin-top:0px;margin-bottom:10px;padding:0px;text-indent:2em;font-family:宋体;font-size:14px;line-height:28px;white-space:normal;background-color:#FFFFFF;\">\r\n	实际上，上述收入和新增用户的放缓也是营改增的后果，由于实施了营改增，国资委大大消减了三大运营商的营销费用，导致三大运营商不愿做大收入规模，因为收入增长越快，意味着缴税更多。\r\n</p>\r\n<p style=\"margin-top:0px;margin-bottom:10px;padding:0px;text-indent:2em;font-family:宋体;font-size:14px;line-height:28px;white-space:normal;background-color:#FFFFFF;\">\r\n	因此，营改增和营销费用压缩的副作用非常明显，三大运营商都已付出了行业增长速度的代价。\r\n</p>', '1', '2015-04-11 21:05:10');
INSERT INTO `t_news` VALUES ('19', '联通发布4G助手软件：iPhone 5轻松上4G', '<p style=\"margin-top:0px;margin-bottom:10px;padding:0px;text-indent:2em;font-family:宋体;font-size:14px;line-height:28px;white-space:normal;background-color:#FFFFFF;\">\r\n	iPhone 5到底能不能用联通4G网络？现在这一问题终于有了官方答复。\r\n</p>\r\n<p style=\"margin-top:0px;margin-bottom:10px;padding:0px;text-indent:2em;font-family:宋体;font-size:14px;line-height:28px;white-space:normal;background-color:#FFFFFF;\">\r\n	中国联通研究院日前发布了一款专为iPhone 5设计的APP——联通4G手机助手，安装之后经过简单设置即可让iPhone 5支持4G网络。\r\n</p>\r\n<p style=\"margin-top:0px;margin-bottom:10px;padding:0px;text-indent:2em;font-family:宋体;font-size:14px;line-height:28px;white-space:normal;background-color:#FFFFFF;\">\r\n	需要注意的是，安装该软件无需越狱，用iPhone访问10011.cn即可，点击“点此下载”按钮后，该APP会自动出现在桌面上，瞬间即可安装完成。\r\n</p>\r\n<p style=\"margin-top:0px;margin-bottom:10px;padding:0px;text-indent:2em;font-family:宋体;font-size:14px;line-height:28px;white-space:normal;background-color:#FFFFFF;\">\r\n	联通并没有明确说明究竟哪些版本的iPhone 5可使用该软件，但想必国行和联通合约版iPhone 5均可通过该软件使用4G网络。另外还有网友表示，电信版iPhone 5无法通过该软件支持联通4G。\r\n</p>\r\n<p style=\"margin-top:0px;margin-bottom:10px;padding:0px;text-indent:2em;font-family:宋体;font-size:14px;line-height:28px;white-space:normal;background-color:#FFFFFF;\">\r\n	型号为A1528的iPhone 5S用户也不用尝试了，实测软件并不支持该机型。另外Android用户也不用尝试访问该网站了，似乎只有iPhone才能访问。\r\n</p>\r\n<p style=\"margin-top:0px;margin-bottom:10px;padding:0px;font-family:宋体;font-size:14px;line-height:28px;white-space:normal;text-align:center;background-color:#FFFFFF;\">\r\n	<img src=\"http://upload.itxinwen.com/2014/1028/1414458512959.jpg\" border=\"0\" data-bd-imgshare-binded=\"1\" style=\"margin:0px;padding:0px;border-style:none;\" />\r\n</p>\r\n<p style=\"margin-top:0px;margin-bottom:10px;padding:0px;font-family:宋体;font-size:14px;line-height:28px;white-space:normal;text-align:center;background-color:#FFFFFF;\">\r\n	<img src=\"http://upload.itxinwen.com/2014/1028/1414458512620.jpg\" border=\"0\" data-bd-imgshare-binded=\"1\" style=\"margin:0px;padding:0px;border-style:none;\" />\r\n</p>', '1', '2015-04-11 21:05:53');

-- ----------------------------
-- Table structure for t_notice
-- ----------------------------
DROP TABLE IF EXISTS `t_notice`;
CREATE TABLE `t_notice` (
  `notice_id` int(11) NOT NULL AUTO_INCREMENT,
  `notice_title` varchar(50) NOT NULL,
  `notice_content` longtext NOT NULL,
  `add_user` int(11) NOT NULL,
  `add_time` datetime DEFAULT NULL,
  PRIMARY KEY (`notice_id`),
  KEY `FK_NOTICE_USER` (`add_user`),
  CONSTRAINT `FK_NOTICE_USER` FOREIGN KEY (`add_user`) REFERENCES `t_user` (`user_id`)
) ENGINE=InnoDB AUTO_INCREMENT=37 DEFAULT CHARSET=utf8;

-- ----------------------------
-- Records of t_notice
-- ----------------------------
INSERT INTO `t_notice` VALUES ('25', '关于我院低压开关柜、电力变压器竞争性谈判招标公告', '<p class=\"MsoNormal\" style=\"margin-top:0px;margin-bottom:0px;padding:0px;color:#333333;font-family:\'Lucida Grande\', Verdana, Lucida, Arial, Helvetica, \'Times New Roman\', 宋体, sans-serif;white-space:normal;background-color:#FFFFFF;\">\r\n	<span lang=\"EN-US\" style=\"font-family:宋体;\">1</span><span style=\"font-family:宋体;\">、采购单位：福州大学至诚学院<span lang=\"EN-US\"><o:p></o:p></span></span>\r\n</p>\r\n<p class=\"MsoNormal\" style=\"margin-top:0px;margin-bottom:0px;padding:0px;color:#333333;font-family:\'Lucida Grande\', Verdana, Lucida, Arial, Helvetica, \'Times New Roman\', 宋体, sans-serif;white-space:normal;background-color:#FFFFFF;\">\r\n	<span lang=\"EN-US\" style=\"font-family:宋体;\">&nbsp;&nbsp;&nbsp;</span><span style=\"font-family:宋体;\">联系人：林老师<span lang=\"EN-US\"><o:p></o:p></span></span>\r\n</p>\r\n<p class=\"MsoNormal\" style=\"margin-top:0px;margin-bottom:0px;padding:0px;color:#333333;font-family:\'Lucida Grande\', Verdana, Lucida, Arial, Helvetica, \'Times New Roman\', 宋体, sans-serif;white-space:normal;background-color:#FFFFFF;\">\r\n	<span lang=\"EN-US\" style=\"font-family:宋体;\">&nbsp;&nbsp;&nbsp;</span><span style=\"font-family:宋体;\">联系电话：<span lang=\"EN-US\">0591-83779501<o:p></o:p></span></span>\r\n</p>\r\n<p class=\"MsoNormal\" style=\"margin-top:0px;margin-bottom:0px;padding:0px;color:#333333;font-family:\'Lucida Grande\', Verdana, Lucida, Arial, Helvetica, \'Times New Roman\', 宋体, sans-serif;white-space:normal;background-color:#FFFFFF;\">\r\n	<span lang=\"EN-US\" style=\"font-family:宋体;\">2</span><span style=\"font-family:宋体;\">、招标文书编号：<span lang=\"EN-US\">FYZB-S2-2015007<o:p></o:p></span></span>\r\n</p>\r\n<p class=\"MsoNormal\" style=\"margin-top:0px;margin-bottom:0px;padding:0px;color:#333333;font-family:\'Lucida Grande\', Verdana, Lucida, Arial, Helvetica, \'Times New Roman\', 宋体, sans-serif;white-space:normal;background-color:#FFFFFF;\">\r\n	<span lang=\"EN-US\" style=\"font-family:宋体;\">3</span><span style=\"font-family:宋体;\">、项目名称、数量及预算：<span lang=\"EN-US\"><o:p></o:p></span></span>\r\n</p>\r\n<p style=\"margin-top:0px;margin-bottom:0px;padding:0px;color:#333333;font-family:\'Lucida Grande\', Verdana, Lucida, Arial, Helvetica, \'Times New Roman\', 宋体, sans-serif;line-height:15.6000003814697px;white-space:normal;background-color:#FFFFFF;\">\r\n	<br />\r\n</p>\r\n<table class=\"MsoNormalTable\" border=\"1\" cellspacing=\"0\" cellpadding=\"0\" style=\"color:#333333;font-family:\'Lucida Grande\', Verdana, Lucida, Arial, Helvetica, \'Times New Roman\', 宋体, sans-serif;font-size:12px;line-height:15.6000003814697px;border:medium none;background-color:#FFFFFF;\">\r\n	<tbody>\r\n		<tr>\r\n			<td width=\"64\" style=\"border:1.25pt solid windowtext;padding:0cm 5.4pt;width:47.95pt;\">\r\n				<p class=\"MsoNormal\" style=\"margin-top:0px;margin-bottom:0px;padding:0px;\">\r\n					<span style=\"font-family:宋体;\">合同包<span lang=\"EN-US\"><o:p></o:p></span></span>\r\n				</p>\r\n			</td>\r\n			<td width=\"94\" style=\"border-bottom-color:windowtext;border-width:1.25pt 1.25pt 1.25pt medium;border-style:solid solid solid none;padding:0cm 5.4pt;width:70.85pt;border-top-color:windowtext;border-right-color:windowtext;\">\r\n				<p class=\"MsoNormal\" style=\"margin-top:0px;margin-bottom:0px;padding:0px;\">\r\n					<span style=\"font-family:宋体;\">项目名称<span lang=\"EN-US\"><o:p></o:p></span></span>\r\n				</p>\r\n			</td>\r\n			<td width=\"66\" style=\"border-bottom-color:windowtext;border-width:1.25pt 1.25pt 1.25pt medium;border-style:solid solid solid none;padding:0cm 5.4pt;width:49.65pt;border-top-color:windowtext;border-right-color:windowtext;\">\r\n				<p class=\"MsoNormal\" style=\"margin-top:0px;margin-bottom:0px;padding:0px;\">\r\n					<span style=\"font-family:宋体;\">数量<span lang=\"EN-US\"><o:p></o:p></span></span>\r\n				</p>\r\n			</td>\r\n			<td width=\"66\" style=\"border-bottom-color:windowtext;border-width:1.25pt 1.25pt 1.25pt medium;border-style:solid solid solid none;padding:0cm 5.4pt;width:49.6pt;border-top-color:windowtext;border-right-color:windowtext;\">\r\n				<p class=\"MsoNormal\" style=\"margin-top:0px;margin-bottom:0px;padding:0px;\">\r\n					<span style=\"font-family:宋体;\">是否进口论证<span lang=\"EN-US\"><o:p></o:p></span></span>\r\n				</p>\r\n			</td>\r\n			<td width=\"142\" style=\"border-bottom-color:windowtext;border-width:1.25pt 1.25pt 1.25pt medium;border-style:solid solid solid none;padding:0cm 5.4pt;width:106.3pt;border-top-color:windowtext;border-right-color:windowtext;\">\r\n				<p class=\"MsoNormal\" style=\"margin-top:0px;margin-bottom:0px;padding:0px;\">\r\n					<span style=\"font-family:宋体;\">主要技<span lang=\"EN-US\"><o:p></o:p></span></span>\r\n				</p>\r\n				<p class=\"MsoNormal\" style=\"margin-top:0px;margin-bottom:0px;padding:0px;\">\r\n					<span style=\"font-family:宋体;\">术规格<span lang=\"EN-US\"><o:p></o:p></span></span>\r\n				</p>\r\n			</td>\r\n			<td width=\"104\" style=\"border-bottom-color:windowtext;border-width:1.25pt 1.25pt 1.25pt medium;border-style:solid solid solid none;padding:0cm 5.4pt;width:77.95pt;border-top-color:windowtext;border-right-color:windowtext;\">\r\n				<p class=\"MsoNormal\" style=\"margin-top:0px;margin-bottom:0px;padding:0px;\">\r\n					<span style=\"font-family:宋体;\">交货地点<span lang=\"EN-US\"><o:p></o:p></span></span>\r\n				</p>\r\n			</td>\r\n			<td width=\"132\" style=\"border-bottom-color:windowtext;border-width:1.25pt 1.25pt 1.25pt medium;border-style:solid solid solid none;padding:0cm 5.4pt;width:99.25pt;border-top-color:windowtext;border-right-color:windowtext;\">\r\n				<p class=\"MsoNormal\" style=\"margin-top:0px;margin-bottom:0px;padding:0px;\">\r\n					<span style=\"font-family:宋体;\">项目预算价<span lang=\"EN-US\"><o:p></o:p></span></span>\r\n				</p>\r\n			</td>\r\n		</tr>\r\n		<tr>\r\n			<td width=\"64\" style=\"border-bottom-color:windowtext;border-width:medium 1.25pt 1.25pt;border-style:none solid solid;border-left-color:windowtext;padding:0cm 5.4pt;width:47.95pt;border-right-color:windowtext;\">\r\n				<p class=\"MsoNormal\" style=\"margin-top:0px;margin-bottom:0px;padding:0px;\">\r\n					<span style=\"font-family:宋体;\">包<span lang=\"EN-US\">1<o:p></o:p></span></span>\r\n				</p>\r\n			</td>\r\n			<td width=\"94\" style=\"border-bottom-color:windowtext;border-width:medium 1.25pt 1.25pt medium;border-style:none solid solid none;padding:0cm 5.4pt;width:70.85pt;border-right-color:windowtext;\">\r\n				<p class=\"MsoNormal\" style=\"margin-top:0px;margin-bottom:0px;padding:0px;\">\r\n					<span style=\"font-family:宋体;\">低压开关柜<span lang=\"EN-US\"><o:p></o:p></span></span>\r\n				</p>\r\n			</td>\r\n			<td width=\"66\" style=\"border-bottom-color:windowtext;border-width:medium 1.25pt 1.25pt medium;border-style:none solid solid none;padding:0cm 5.4pt;width:49.65pt;border-right-color:windowtext;\">\r\n				<p class=\"MsoNormal\" style=\"margin-top:0px;margin-bottom:0px;padding:0px;\">\r\n					<span lang=\"EN-US\" style=\"font-family:宋体;\">1</span><span style=\"font-family:宋体;\">批<span lang=\"EN-US\"><o:p></o:p></span></span>\r\n				</p>\r\n			</td>\r\n			<td width=\"66\" style=\"border-bottom-color:windowtext;border-width:medium 1.25pt 1.25pt medium;border-style:none solid solid none;padding:0cm 5.4pt;width:49.6pt;border-right-color:windowtext;\">\r\n				<p class=\"MsoNormal\" style=\"margin-top:0px;margin-bottom:0px;padding:0px;\">\r\n					<span style=\"font-family:宋体;\">否<span lang=\"EN-US\"><o:p></o:p></span></span>\r\n				</p>\r\n			</td>\r\n			<td width=\"142\" style=\"border-width:medium 1.25pt medium medium;border-style:none solid none none;padding:0cm 5.4pt;width:106.3pt;border-right-color:windowtext;\">\r\n				<p class=\"MsoNormal\" style=\"margin-top:0px;margin-bottom:0px;padding:0px;\">\r\n					<span style=\"font-family:宋体;\">详见竞争性谈判文件第三章<span lang=\"EN-US\"><o:p></o:p></span></span>\r\n				</p>\r\n			</td>\r\n			<td width=\"104\" style=\"border-bottom-color:windowtext;border-width:medium 1.25pt 1.25pt medium;border-style:none solid solid none;padding:0cm 5.4pt;width:77.95pt;border-right-color:windowtext;\">\r\n				<p class=\"MsoNormal\" style=\"margin-top:0px;margin-bottom:0px;padding:0px;\">\r\n					<span style=\"font-family:宋体;\">福州大学至诚学院指定地点<span lang=\"EN-US\"><o:p></o:p></span></span>\r\n				</p>\r\n			</td>\r\n			<td width=\"132\" style=\"border-bottom-color:windowtext;border-width:medium 1.25pt 1.25pt medium;border-style:none solid solid none;padding:0cm 5.4pt;width:99.25pt;border-right-color:windowtext;\">\r\n				<p class=\"MsoNormal\" style=\"margin-top:0px;margin-bottom:0px;padding:0px;\">\r\n					<span style=\"font-family:宋体;\">人民币叁拾伍万元整<span lang=\"EN-US\">(</span>￥<span lang=\"EN-US\">350000)<o:p></o:p></span></span>\r\n				</p>\r\n			</td>\r\n		</tr>\r\n		<tr>\r\n			<td width=\"64\" style=\"border-bottom-color:windowtext;border-width:medium 1.25pt 1.25pt;border-style:none solid solid;border-left-color:windowtext;padding:0cm 5.4pt;width:47.95pt;border-right-color:windowtext;\">\r\n				<p class=\"MsoNormal\" style=\"margin-top:0px;margin-bottom:0px;padding:0px;\">\r\n					<span style=\"font-family:宋体;\">包<span lang=\"EN-US\">2<o:p></o:p></span></span>\r\n				</p>\r\n			</td>\r\n			<td width=\"94\" style=\"border-bottom-color:windowtext;border-width:medium 1.25pt 1.25pt medium;border-style:none solid solid none;padding:0cm 5.4pt;width:70.85pt;border-right-color:windowtext;\">\r\n				<p class=\"MsoNormal\" style=\"margin-top:0px;margin-bottom:0px;padding:0px;\">\r\n					<span style=\"font-family:宋体;\">电力变压器<span lang=\"EN-US\"><o:p></o:p></span></span>\r\n				</p>\r\n			</td>\r\n			<td width=\"66\" style=\"border-bottom-color:windowtext;border-width:medium 1.25pt 1.25pt medium;border-style:none solid solid none;padding:0cm 5.4pt;width:49.65pt;border-right-color:windowtext;\">\r\n				<p class=\"MsoNormal\" style=\"margin-top:0px;margin-bottom:0px;padding:0px;\">\r\n					<span lang=\"EN-US\" style=\"font-family:宋体;\">1</span><span style=\"font-family:宋体;\">套<span lang=\"EN-US\"><o:p></o:p></span></span>\r\n				</p>\r\n			</td>\r\n			<td width=\"66\" style=\"border-bottom-color:windowtext;border-width:medium 1.25pt 1.25pt medium;border-style:none solid solid none;padding:0cm 5.4pt;width:49.6pt;border-right-color:windowtext;\">\r\n				<p class=\"MsoNormal\" style=\"margin-top:0px;margin-bottom:0px;padding:0px;\">\r\n					<span style=\"font-family:宋体;\">否<span lang=\"EN-US\"><o:p></o:p></span></span>\r\n				</p>\r\n			</td>\r\n			<td width=\"142\" style=\"border-bottom-color:windowtext;border-width:medium 1.25pt 1.25pt medium;border-style:none solid solid none;padding:0cm 5.4pt;width:106.3pt;border-right-color:windowtext;\">\r\n				<p class=\"MsoNormal\" style=\"margin-top:0px;margin-bottom:0px;padding:0px;\">\r\n					<span style=\"font-family:宋体;\">详见竞争性谈判文件第三章<span lang=\"EN-US\"><o:p></o:p></span></span>\r\n				</p>\r\n			</td>\r\n			<td width=\"104\" style=\"border-bottom-color:windowtext;border-width:medium 1.25pt 1.25pt medium;border-style:none solid solid none;padding:0cm 5.4pt;width:77.95pt;border-right-color:windowtext;\">\r\n				<p class=\"MsoNormal\" style=\"margin-top:0px;margin-bottom:0px;padding:0px;\">\r\n					<span style=\"font-family:宋体;\">福州大学至诚学院指定地点<span lang=\"EN-US\"><o:p></o:p></span></span>\r\n				</p>\r\n			</td>\r\n			<td width=\"132\" style=\"border-bottom-color:windowtext;border-width:medium 1.25pt 1.25pt medium;border-style:none solid solid none;padding:0cm 5.4pt;width:99.25pt;border-right-color:windowtext;\">\r\n				<p class=\"MsoNormal\" style=\"margin-top:0px;margin-bottom:0px;padding:0px;\">\r\n					<span style=\"font-family:宋体;\">人民币壹拾伍万元整<span lang=\"EN-US\">(</span>￥<span lang=\"EN-US\">150000)<o:p></o:p></span></span>\r\n				</p>\r\n			</td>\r\n		</tr>\r\n	</tbody>\r\n</table>\r\n<p style=\"margin-top:0px;margin-bottom:0px;padding:0px;color:#333333;font-family:\'Lucida Grande\', Verdana, Lucida, Arial, Helvetica, \'Times New Roman\', 宋体, sans-serif;line-height:15.6000003814697px;white-space:normal;background-color:#FFFFFF;\">\r\n	<br />\r\n</p>\r\n<p class=\"MsoNormal\" style=\"margin-top:0px;margin-bottom:0px;padding:0px;color:#333333;font-family:\'Lucida Grande\', Verdana, Lucida, Arial, Helvetica, \'Times New Roman\', 宋体, sans-serif;white-space:normal;background-color:#FFFFFF;\">\r\n	<span lang=\"EN-US\" style=\"font-family:宋体;\">4</span><span style=\"font-family:宋体;\">、技术规格要求：详见竞争性谈判文件。<span lang=\"EN-US\"><o:p></o:p></span></span>\r\n</p>\r\n<p class=\"MsoNormal\" style=\"margin-top:0px;margin-bottom:0px;padding:0px;color:#333333;font-family:\'Lucida Grande\', Verdana, Lucida, Arial, Helvetica, \'Times New Roman\', 宋体, sans-serif;white-space:normal;background-color:#FFFFFF;\">\r\n	<span lang=\"EN-US\" style=\"font-family:宋体;\">5</span><span style=\"font-family:宋体;\">、投标人的资格要求：<span lang=\"EN-US\"><o:p></o:p></span></span>\r\n</p>\r\n<p class=\"MsoNormal\" style=\"margin-top:0px;margin-bottom:0px;padding:0px;color:#333333;font-family:\'Lucida Grande\', Verdana, Lucida, Arial, Helvetica, \'Times New Roman\', 宋体, sans-serif;white-space:normal;background-color:#FFFFFF;\">\r\n	<span lang=\"EN-US\" style=\"font-family:宋体;\">5.1&nbsp;</span><span style=\"font-family:宋体;\">凡有能力提供本竞争性谈判文件所述货物及服务、具有独立企业法人资格的境内供货商或制造商、具备政府采购法第二十二条规定条件的均可能成为合格的投标人。<span lang=\"EN-US\"><o:p></o:p></span></span>\r\n</p>\r\n<p class=\"MsoNormal\" style=\"margin-top:0px;margin-bottom:0px;padding:0px;color:#333333;font-family:\'Lucida Grande\', Verdana, Lucida, Arial, Helvetica, \'Times New Roman\', 宋体, sans-serif;white-space:normal;background-color:#FFFFFF;\">\r\n	<span lang=\"EN-US\" style=\"font-family:宋体;\">5.2&nbsp;</span><span style=\"font-family:宋体;\">投标人应遵守中国的有关法律、法规和规章的规定。<span lang=\"EN-US\"><o:p></o:p></span></span>\r\n</p>\r\n<p class=\"MsoNormal\" style=\"margin-top:0px;margin-bottom:0px;padding:0px;color:#333333;font-family:\'Lucida Grande\', Verdana, Lucida, Arial, Helvetica, \'Times New Roman\', 宋体, sans-serif;white-space:normal;background-color:#FFFFFF;\">\r\n	<span lang=\"EN-US\" style=\"font-family:宋体;\">5.3&nbsp;</span><span style=\"font-family:宋体;\">一个投标人只能提交一个投标文件。但如果投标人之间存在下列互为关联关系的情形之一的，不得同时参加本项目投标：<span lang=\"EN-US\"><o:p></o:p></span></span>\r\n</p>\r\n<p class=\"MsoNormal\" style=\"margin-top:0px;margin-bottom:0px;padding:0px;color:#333333;font-family:\'Lucida Grande\', Verdana, Lucida, Arial, Helvetica, \'Times New Roman\', 宋体, sans-serif;white-space:normal;background-color:#FFFFFF;\">\r\n	<span lang=\"EN-US\" style=\"font-family:宋体;\">(1)&nbsp;</span><span style=\"font-family:宋体;\">法定代表人为同一人的两个及两个以上法人；<span lang=\"EN-US\"><o:p></o:p></span></span>\r\n</p>\r\n<p class=\"MsoNormal\" style=\"margin-top:0px;margin-bottom:0px;padding:0px;color:#333333;font-family:\'Lucida Grande\', Verdana, Lucida, Arial, Helvetica, \'Times New Roman\', 宋体, sans-serif;white-space:normal;background-color:#FFFFFF;\">\r\n	<span lang=\"EN-US\" style=\"font-family:宋体;\">(2)&nbsp;</span><span style=\"font-family:宋体;\">母公司、直接或间接持股<span lang=\"EN-US\">50</span>％及以上的被投资公司<span lang=\"EN-US\">;<o:p></o:p></span></span>\r\n</p>\r\n<p class=\"MsoNormal\" style=\"margin-top:0px;margin-bottom:0px;padding:0px;color:#333333;font-family:\'Lucida Grande\', Verdana, Lucida, Arial, Helvetica, \'Times New Roman\', 宋体, sans-serif;white-space:normal;background-color:#FFFFFF;\">\r\n	<span lang=\"EN-US\" style=\"font-family:宋体;\">(3)&nbsp;</span><span style=\"font-family:宋体;\">均为同一家母公司直接或间接持股<span lang=\"EN-US\">50</span>％及以上的被投资公司。<span lang=\"EN-US\"><o:p></o:p></span></span>\r\n</p>\r\n<p class=\"MsoNormal\" style=\"margin-top:0px;margin-bottom:0px;padding:0px;color:#333333;font-family:\'Lucida Grande\', Verdana, Lucida, Arial, Helvetica, \'Times New Roman\', 宋体, sans-serif;white-space:normal;background-color:#FFFFFF;\">\r\n	<span lang=\"EN-US\" style=\"font-family:宋体;\">5.4</span><span style=\"font-family:宋体;\">除单一来源采购项目外，为采购项目提供整体设计、规范编制或者项目管理、监理、检测等服务的投标人，不得再参加本采购项目的其他采购活动。<span lang=\"EN-US\"><o:p></o:p></span></span>\r\n</p>\r\n<p class=\"MsoNormal\" style=\"margin-top:0px;margin-bottom:0px;padding:0px;color:#333333;font-family:\'Lucida Grande\', Verdana, Lucida, Arial, Helvetica, \'Times New Roman\', 宋体, sans-serif;white-space:normal;background-color:#FFFFFF;\">\r\n	<span style=\"font-family:宋体;\">投标人不得与本次招标项下设计、编制技术规格和其它文件的公司或提供咨询服务的公司（包括其附属机构）有任何关联。<span lang=\"EN-US\"><o:p></o:p></span></span>\r\n</p>\r\n<p class=\"MsoNormal\" style=\"margin-top:0px;margin-bottom:0px;padding:0px;color:#333333;font-family:\'Lucida Grande\', Verdana, Lucida, Arial, Helvetica, \'Times New Roman\', 宋体, sans-serif;white-space:normal;background-color:#FFFFFF;\">\r\n	<span lang=\"EN-US\" style=\"font-family:宋体;\">5.5&nbsp;</span><span style=\"font-family:宋体;\">本项目不接受联合体投标。<span lang=\"EN-US\"><o:p></o:p></span></span>\r\n</p>\r\n<p class=\"MsoNormal\" style=\"margin-top:0px;margin-bottom:0px;padding:0px;color:#333333;font-family:\'Lucida Grande\', Verdana, Lucida, Arial, Helvetica, \'Times New Roman\', 宋体, sans-serif;white-space:normal;background-color:#FFFFFF;\">\r\n	<span lang=\"EN-US\" style=\"font-family:宋体;\">5.6&nbsp;</span><span style=\"font-family:宋体;\">投标人代表在同一个项目中只能接受一个投标人的委托参加投标。<span lang=\"EN-US\"><o:p></o:p></span></span>\r\n</p>\r\n<p class=\"MsoNormal\" style=\"margin-top:0px;margin-bottom:0px;padding:0px;color:#333333;font-family:\'Lucida Grande\', Verdana, Lucida, Arial, Helvetica, \'Times New Roman\', 宋体, sans-serif;white-space:normal;background-color:#FFFFFF;\">\r\n	<span lang=\"EN-US\" style=\"font-family:宋体;\">5.7&nbsp;</span><span style=\"font-family:宋体;\">有效的检察机关行贿犯罪档案查询结果告知函复印件（如有注明复印无效的，则请将原件附在技术商务部分正本中，副本附复印件）。<span lang=\"EN-US\"><o:p></o:p></span></span>\r\n</p>\r\n<p class=\"MsoNormal\" style=\"margin-top:0px;margin-bottom:0px;padding:0px;color:#333333;font-family:\'Lucida Grande\', Verdana, Lucida, Arial, Helvetica, \'Times New Roman\', 宋体, sans-serif;white-space:normal;background-color:#FFFFFF;\">\r\n	<span lang=\"EN-US\" style=\"font-family:宋体;\">6</span><span style=\"font-family:宋体;\">、购买竞争性谈判文件时间：<st1:chsdate isrocdate=\"False\" islunardate=\"False\" day=\"10\" month=\"4\" year=\"2015\" w:st=\"on\"><span lang=\"EN-US\">2015</span>年<span lang=\"EN-US\">4</span>月<span lang=\"EN-US\">10</span>日</st1:chsdate>起至<st1:chsdate isrocdate=\"False\" islunardate=\"False\" day=\"19\" month=\"4\" year=\"2015\" w:st=\"on\"><span lang=\"EN-US\">2015</span>年<span lang=\"EN-US\">4</span>月<span lang=\"EN-US\">19</span>日</st1:chsdate>止（节假日及公休日除外），上午<span lang=\"EN-US\">08</span>：<span lang=\"EN-US\">30—12</span>：<span lang=\"EN-US\">00</span>，下午<span lang=\"EN-US\">14</span>：<span lang=\"EN-US\">00—17</span>：<span lang=\"EN-US\">00</span>（北京时间，以下同）；竞争性谈判文件（文本或电子版）售价为<span lang=\"EN-US\">50</span>元人民币<span lang=\"EN-US\">/</span>份，售后不退，如需邮寄文件，另加<span lang=\"EN-US\">50</span>元人民币。<span lang=\"EN-US\"><o:p></o:p></span></span>\r\n</p>\r\n<p class=\"MsoNormal\" style=\"margin-top:0px;margin-bottom:0px;padding:0px;color:#333333;font-family:\'Lucida Grande\', Verdana, Lucida, Arial, Helvetica, \'Times New Roman\', 宋体, sans-serif;white-space:normal;background-color:#FFFFFF;\">\r\n	<span lang=\"EN-US\" style=\"font-family:宋体;\">7</span><span style=\"font-family:宋体;\">、投标截标时间：<st1:chsdate isrocdate=\"False\" islunardate=\"False\" day=\"20\" month=\"4\" year=\"2015\" w:st=\"on\"><span lang=\"EN-US\">2015</span>年<span lang=\"EN-US\">4</span>月<span lang=\"EN-US\">20</span>日</st1:chsdate><span lang=\"EN-US\">09:00</span>时。<span lang=\"EN-US\"><o:p></o:p></span></span>\r\n</p>\r\n<p class=\"MsoNormal\" style=\"margin-top:0px;margin-bottom:0px;padding:0px;color:#333333;font-family:\'Lucida Grande\', Verdana, Lucida, Arial, Helvetica, \'Times New Roman\', 宋体, sans-serif;white-space:normal;background-color:#FFFFFF;\">\r\n	<span style=\"font-family:宋体;\">谈判时间：<st1:chsdate isrocdate=\"False\" islunardate=\"False\" day=\"20\" month=\"4\" year=\"2015\" w:st=\"on\"><span lang=\"EN-US\">2015</span>年<span lang=\"EN-US\">4</span>月<span lang=\"EN-US\">20</span>日</st1:chsdate><span lang=\"EN-US\">09:00</span>时<span lang=\"EN-US\"><o:p></o:p></span></span>\r\n</p>\r\n<p class=\"MsoNormal\" style=\"margin-top:0px;margin-bottom:0px;padding:0px;color:#333333;font-family:\'Lucida Grande\', Verdana, Lucida, Arial, Helvetica, \'Times New Roman\', 宋体, sans-serif;white-space:normal;background-color:#FFFFFF;\">\r\n	<span lang=\"EN-US\" style=\"font-family:宋体;\">8</span><span style=\"font-family:宋体;\">、开标地点：福建省福怡药械招标有限公司。<span lang=\"EN-US\"><o:p></o:p></span></span>\r\n</p>\r\n<p class=\"MsoNormal\" style=\"margin-top:0px;margin-bottom:0px;padding:0px;color:#333333;font-family:\'Lucida Grande\', Verdana, Lucida, Arial, Helvetica, \'Times New Roman\', 宋体, sans-serif;white-space:normal;background-color:#FFFFFF;\">\r\n	<span lang=\"EN-US\" style=\"font-family:宋体;\">9</span><span style=\"font-family:宋体;\">、购买竞争性谈判文件地点：福州市交通路<span lang=\"EN-US\">88</span>号福建省福怡药械招标有限公司<span lang=\"EN-US\"><o:p></o:p></span></span>\r\n</p>\r\n<p class=\"MsoNormal\" style=\"margin-top:0px;margin-bottom:0px;padding:0px;color:#333333;font-family:\'Lucida Grande\', Verdana, Lucida, Arial, Helvetica, \'Times New Roman\', 宋体, sans-serif;white-space:normal;background-color:#FFFFFF;\">\r\n	<span style=\"font-family:宋体;\">联系人：<st1:personname w:st=\"on\" productid=\"林\">林</st1:personname>小姐<span lang=\"EN-US\">&nbsp;&nbsp;&nbsp;&nbsp;&nbsp;<o:p></o:p></span></span>\r\n</p>\r\n<p class=\"MsoNormal\" style=\"margin-top:0px;margin-bottom:0px;padding:0px;color:#333333;font-family:\'Lucida Grande\', Verdana, Lucida, Arial, Helvetica, \'Times New Roman\', 宋体, sans-serif;white-space:normal;background-color:#FFFFFF;\">\r\n	<span style=\"font-family:宋体;\">联系电话：<span lang=\"EN-US\">0591—83569185&nbsp; 83569183&nbsp; 83569369</span>（传真）<span lang=\"EN-US\"><o:p></o:p></span></span>\r\n</p>\r\n<p class=\"MsoNormal\" style=\"margin-top:0px;margin-bottom:0px;padding:0px;color:#333333;font-family:\'Lucida Grande\', Verdana, Lucida, Arial, Helvetica, \'Times New Roman\', 宋体, sans-serif;white-space:normal;background-color:#FFFFFF;\">\r\n	<span style=\"font-family:宋体;\">招标公司网站：<span lang=\"EN-US\">http://www.fyzb.com&nbsp;&nbsp;&nbsp;<o:p></o:p></span></span>\r\n</p>\r\n<p class=\"MsoNormal\" style=\"margin-top:0px;margin-bottom:0px;padding:0px;color:#333333;font-family:\'Lucida Grande\', Verdana, Lucida, Arial, Helvetica, \'Times New Roman\', 宋体, sans-serif;white-space:normal;background-color:#FFFFFF;\">\r\n	<span lang=\"EN-US\" style=\"font-family:宋体;\">E-mail:fyzb2004@126.com<o:p></o:p></span>\r\n</p>\r\n<p class=\"MsoNormal\" style=\"margin-top:0px;margin-bottom:0px;padding:0px;color:#333333;font-family:\'Lucida Grande\', Verdana, Lucida, Arial, Helvetica, \'Times New Roman\', 宋体, sans-serif;white-space:normal;background-color:#FFFFFF;\">\r\n	<span style=\"font-family:宋体;\">开户行：招商银行福州分行江滨支行<span lang=\"EN-US\"><o:p></o:p></span></span>\r\n</p>\r\n<p class=\"MsoNormal\" style=\"margin-top:0px;margin-bottom:0px;padding:0px;color:#333333;font-family:\'Lucida Grande\', Verdana, Lucida, Arial, Helvetica, \'Times New Roman\', 宋体, sans-serif;white-space:normal;background-color:#FFFFFF;\">\r\n	<span style=\"font-family:宋体;\">户名：福建省福怡药械招标有限公司<span lang=\"EN-US\"><o:p></o:p></span></span>\r\n</p>\r\n<p class=\"MsoNormal\" style=\"margin-top:0px;margin-bottom:0px;padding:0px;color:#333333;font-family:\'Lucida Grande\', Verdana, Lucida, Arial, Helvetica, \'Times New Roman\', 宋体, sans-serif;white-space:normal;background-color:#FFFFFF;\">\r\n	<span style=\"font-family:宋体;\">帐号：<span lang=\"EN-US\">673581399610001&nbsp;&nbsp;&nbsp;&nbsp;&nbsp;&nbsp;&nbsp;&nbsp;&nbsp;&nbsp;&nbsp;&nbsp;&nbsp;&nbsp;&nbsp;&nbsp;&nbsp;&nbsp;&nbsp;&nbsp;&nbsp;&nbsp;&nbsp;&nbsp;&nbsp;&nbsp;&nbsp;&nbsp;&nbsp;&nbsp;&nbsp;&nbsp;&nbsp;&nbsp;&nbsp;&nbsp;&nbsp;&nbsp;&nbsp;&nbsp;&nbsp;&nbsp;&nbsp;&nbsp;&nbsp;&nbsp;&nbsp;&nbsp;&nbsp;<o:p></o:p></span></span>\r\n</p>\r\n<p class=\"MsoNormal\" style=\"margin-top:0px;margin-bottom:0px;padding:0px;color:#333333;font-family:\'Lucida Grande\', Verdana, Lucida, Arial, Helvetica, \'Times New Roman\', 宋体, sans-serif;white-space:normal;background-color:#FFFFFF;\">\r\n	<span style=\"font-family:宋体;\">官方链接：<span lang=\"EN-US\"><a href=\"http://fyzb.com/Default.aspx?ShowType=1&amp;ProductID=625\" style=\"color:#333333;text-decoration:none;\">http://fyzb.com/Default.aspx?ShowType=1&amp;ProductID=625</a><o:p></o:p></span></span>\r\n</p>\r\n<p class=\"MsoNormal\" style=\"margin-top:0px;margin-bottom:0px;padding:0px;color:#333333;font-family:\'Lucida Grande\', Verdana, Lucida, Arial, Helvetica, \'Times New Roman\', 宋体, sans-serif;white-space:normal;background-color:#FFFFFF;\">\r\n	<span lang=\"EN-US\" style=\"font-family:宋体;\"><a href=\"http://www.ccgp.gov.cn/cggg/dfgg/jzxtpgg/201504/t20150410_5181469.htm\" style=\"color:#333333;text-decoration:none;\">http://www.ccgp.gov.cn/cggg/dfgg/jzxtpgg/201504/t20150410_5181469.htm</a><o:p></o:p></span>\r\n</p>\r\n<p class=\"MsoNormal\" align=\"right\" style=\"margin-top:0px;margin-bottom:0px;padding:0px;color:#333333;font-family:\'Lucida Grande\', Verdana, Lucida, Arial, Helvetica, \'Times New Roman\', 宋体, sans-serif;white-space:normal;background-color:#FFFFFF;\">\r\n	<span lang=\"EN-US\" style=\"font-family:宋体;\">&nbsp;&nbsp;<st1:chsdate isrocdate=\"False\" islunardate=\"False\" day=\"10\" month=\"4\" year=\"2015\" w:st=\"on\">2015<span lang=\"EN-US\"><span lang=\"EN-US\">年4</span></span><span lang=\"EN-US\"><span lang=\"EN-US\">月10</span></span><span lang=\"EN-US\"><span lang=\"EN-US\">日</span></span></st1:chsdate></span>\r\n</p>', '1', '2015-03-11 21:16:19');
INSERT INTO `t_notice` VALUES ('26', '关于我院西区公寓女生宿舍楼室内线路改造工程中标结果公示', '<p class=\"MsoNormal\" style=\"margin-top:0px;margin-bottom:0px;padding:0px;color:#333333;font-family:\'Lucida Grande\', Verdana, Lucida, Arial, Helvetica, \'Times New Roman\', 宋体, sans-serif;white-space:normal;text-indent:24pt;background-color:#FFFFFF;\">\r\n	<span style=\"line-height:24px;font-family:宋体;font-size:12pt;\">二○<st1:chsdate isrocdate=\"False\" islunardate=\"False\" day=\"9\" month=\"4\" year=\"2015\" w:st=\"on\">一五年四月九日</st1:chsdate><span lang=\"EN-US\">,</span>福州大学至诚学院在院第二会议室组织福州大学怡山校区西区公寓女生宿舍楼室内线路改造工程公开评标工作会议。</span><span style=\"line-height:24px;font-family:宋体;font-size:12pt;\">经评标委员会评审，并经招标人确认，拟确定本次评标结果如下：<span lang=\"EN-US\"><o:p></o:p></span></span>\r\n</p>\r\n<p class=\"MsoNormal\" style=\"margin-top:0px;margin-bottom:0px;padding:0px;color:#333333;font-family:\'Lucida Grande\', Verdana, Lucida, Arial, Helvetica, \'Times New Roman\', 宋体, sans-serif;white-space:normal;text-indent:24pt;background-color:#FFFFFF;\">\r\n	<span style=\"line-height:24px;font-family:宋体;font-size:12pt;\">第一中标候选人为：福建鑫九洲建筑工程有限公司。<span lang=\"EN-US\"><o:p></o:p></span></span>\r\n</p>\r\n<p class=\"MsoNormal\" style=\"margin-top:0px;margin-bottom:0px;padding:0px;color:#333333;font-family:\'Lucida Grande\', Verdana, Lucida, Arial, Helvetica, \'Times New Roman\', 宋体, sans-serif;white-space:normal;text-indent:24pt;background-color:#FFFFFF;\">\r\n	<span style=\"line-height:24px;font-family:宋体;font-size:12pt;\">第二中标候选人为：福清市东楠建设工程有限公司。<span lang=\"EN-US\"><o:p></o:p></span></span>\r\n</p>\r\n<p class=\"MsoNormal\" align=\"left\" style=\"margin-top:0px;margin-bottom:0px;padding:0px;color:#333333;font-family:\'Lucida Grande\', Verdana, Lucida, Arial, Helvetica, \'Times New Roman\', 宋体, sans-serif;white-space:normal;text-indent:24pt;background:white;\">\r\n	<span style=\"line-height:24px;font-family:宋体;font-size:12pt;\">公示时间：<st1:chsdate isrocdate=\"False\" islunardate=\"False\" day=\"9\" month=\"4\" year=\"2015\" w:st=\"on\"><span lang=\"EN-US\">2015</span>年<span lang=\"EN-US\">4</span>月<span lang=\"EN-US\">9</span>日</st1:chsdate>至<st1:chsdate isrocdate=\"False\" islunardate=\"False\" day=\"12\" month=\"4\" year=\"2015\" w:st=\"on\"><span lang=\"EN-US\">2015</span>年<span lang=\"EN-US\">4</span>月<span lang=\"EN-US\">12</span>日</st1:chsdate>。<span lang=\"EN-US\"><o:p></o:p></span></span>\r\n</p>\r\n<p class=\"MsoNormal\" align=\"left\" style=\"margin-top:0px;margin-bottom:0px;padding:0px;color:#333333;font-family:\'Lucida Grande\', Verdana, Lucida, Arial, Helvetica, \'Times New Roman\', 宋体, sans-serif;white-space:normal;text-indent:24pt;background:white;\">\r\n	<span lang=\"EN-US\" style=\"line-height:24px;font-family:宋体;font-size:12pt;\">&nbsp;<o:p></o:p></span>\r\n</p>\r\n<p class=\"MsoNormal\" align=\"right\" style=\"margin-top:0px;margin-bottom:0px;padding:0px;color:#333333;font-family:\'Lucida Grande\', Verdana, Lucida, Arial, Helvetica, \'Times New Roman\', 宋体, sans-serif;white-space:normal;text-align:right;text-indent:24pt;background:white;\">\r\n	<span style=\"line-height:24px;font-family:宋体;font-size:12pt;\">福州大学至诚学院<span lang=\"EN-US\"><o:p></o:p></span></span>\r\n</p>\r\n<p class=\"MsoNormal\" align=\"right\" style=\"margin-top:0px;margin-bottom:0px;padding:0px;color:#333333;font-family:\'Lucida Grande\', Verdana, Lucida, Arial, Helvetica, \'Times New Roman\', 宋体, sans-serif;white-space:normal;text-align:right;background-color:#FFFFFF;\">\r\n	<st1:chsdate isrocdate=\"False\" islunardate=\"False\" day=\"9\" month=\"4\" year=\"2015\" w:st=\"on\"><span lang=\"EN-US\" style=\"line-height:24px;font-family:宋体;font-size:12pt;\">2015</span><span style=\"line-height:24px;font-family:宋体;font-size:12pt;\">年<span lang=\"EN-US\">4</span>月<span lang=\"EN-US\">9</span>日</span></st1:chsdate>\r\n</p>', '1', '2015-03-11 21:16:47');
INSERT INTO `t_notice` VALUES ('27', '关于2015年清明节放假的通知', '<p class=\"MsoNormal\" align=\"left\" style=\"margin-top:0px;margin-bottom:0px;padding:0px;color:#333333;font-family:\'Lucida Grande\', Verdana, Lucida, Arial, Helvetica, \'Times New Roman\', 宋体, sans-serif;white-space:normal;background-color:#FFFFFF;\">\r\n	<span style=\"line-height:24px;font-family:宋体;font-size:12pt;\">各系、各部门：<span lang=\"EN-US\"><o:p></o:p></span></span>\r\n</p>\r\n<p class=\"MsoNormal\" align=\"left\" style=\"margin-top:0px;margin-bottom:0px;padding:0px;color:#333333;font-family:\'Lucida Grande\', Verdana, Lucida, Arial, Helvetica, \'Times New Roman\', 宋体, sans-serif;white-space:normal;text-indent:28pt;background-color:#FFFFFF;\">\r\n	<span style=\"line-height:24px;font-family:宋体;font-size:12pt;\">根据《国务院办公厅关于<span lang=\"EN-US\">2015</span>年部分节假日安排的通知》（国办发明电〔<span lang=\"EN-US\">2014</span>〕<span lang=\"EN-US\">28</span>号），现将我院<span lang=\"EN-US\">2015</span>年清明节放假的有关事项通知如下：<span lang=\"EN-US\"><o:p></o:p></span></span>\r\n</p>\r\n<p class=\"MsoNormal\" align=\"left\" style=\"margin-top:0px;margin-bottom:0px;padding:0px;color:#333333;font-family:\'Lucida Grande\', Verdana, Lucida, Arial, Helvetica, \'Times New Roman\', 宋体, sans-serif;white-space:normal;text-indent:28pt;background-color:#FFFFFF;\">\r\n	<span style=\"line-height:24px;font-family:宋体;font-size:12pt;\">一、<st1:chsdate w:st=\"on\" isrocdate=\"False\" islunardate=\"False\" day=\"4\" month=\"4\" year=\"2015\"><span lang=\"EN-US\">4</span>月<span lang=\"EN-US\">4</span>日</st1:chsdate>至<span lang=\"EN-US\">6</span>日放假，共<span lang=\"EN-US\">3</span>天；<span lang=\"EN-US\"><o:p></o:p></span></span>\r\n</p>\r\n<p class=\"MsoNormal\" align=\"left\" style=\"margin-top:0px;margin-bottom:0px;padding:0px;color:#333333;font-family:\'Lucida Grande\', Verdana, Lucida, Arial, Helvetica, \'Times New Roman\', 宋体, sans-serif;white-space:normal;text-indent:28pt;background-color:#FFFFFF;\">\r\n	<span style=\"line-height:24px;font-family:宋体;font-size:12pt;\">二、有关课程调整请教务处负责安排；<span lang=\"EN-US\"><o:p></o:p></span></span>\r\n</p>\r\n<p class=\"MsoNormal\" align=\"left\" style=\"margin-top:0px;margin-bottom:0px;padding:0px;color:#333333;font-family:\'Lucida Grande\', Verdana, Lucida, Arial, Helvetica, \'Times New Roman\', 宋体, sans-serif;white-space:normal;text-indent:28pt;background-color:#FFFFFF;\">\r\n	<span style=\"line-height:24px;font-family:宋体;font-size:12pt;\">三、节日期间，相关部门要加强值班，认真做好安全保卫等各项工作。<span lang=\"EN-US\"><o:p></o:p></span></span>\r\n</p>\r\n<p class=\"MsoNormal\" align=\"left\" style=\"margin-top:0px;margin-bottom:0px;padding:0px;color:#333333;font-family:\'Lucida Grande\', Verdana, Lucida, Arial, Helvetica, \'Times New Roman\', 宋体, sans-serif;white-space:normal;background-color:#FFFFFF;\">\r\n	<span lang=\"EN-US\" style=\"line-height:24px;font-family:宋体;font-size:12pt;\">&nbsp;<o:p></o:p></span>\r\n</p>\r\n<p class=\"MsoNormal\" align=\"right\" style=\"margin-top:0px;margin-bottom:0px;padding:0px;color:#333333;font-family:\'Lucida Grande\', Verdana, Lucida, Arial, Helvetica, \'Times New Roman\', 宋体, sans-serif;white-space:normal;text-align:right;background-color:#FFFFFF;\">\r\n	<span style=\"line-height:24px;font-family:宋体;font-size:12pt;\">福州大学至诚学院<span lang=\"EN-US\"><o:p></o:p></span></span>\r\n</p>\r\n<p class=\"MsoNormal\" align=\"right\" style=\"margin-top:0px;margin-bottom:0px;padding:0px;color:#333333;font-family:\'Lucida Grande\', Verdana, Lucida, Arial, Helvetica, \'Times New Roman\', 宋体, sans-serif;white-space:normal;text-align:right;background-color:#FFFFFF;\">\r\n	<span lang=\"EN-US\" style=\"line-height:24px;font-family:宋体;font-size:12pt;\">&nbsp;&nbsp;&nbsp;&nbsp;&nbsp;&nbsp;&nbsp;&nbsp;&nbsp;&nbsp;&nbsp;&nbsp;&nbsp;&nbsp;&nbsp;&nbsp;&nbsp;&nbsp;&nbsp;&nbsp;&nbsp;&nbsp;&nbsp;&nbsp;&nbsp;&nbsp;&nbsp;&nbsp;&nbsp;&nbsp;<st1:chsdate w:st=\"on\" isrocdate=\"False\" islunardate=\"False\" day=\"2\" month=\"4\" year=\"2015\">2015<span lang=\"EN-US\"><span lang=\"EN-US\">年4</span></span><span lang=\"EN-US\"><span lang=\"EN-US\">月2</span></span><span lang=\"EN-US\"><span lang=\"EN-US\">日</span></span></st1:chsdate><o:p></o:p></span>\r\n</p>\r\n<p class=\"MsoNormal\" align=\"left\" style=\"margin-top:0px;margin-bottom:0px;padding:0px;color:#333333;font-family:\'Lucida Grande\', Verdana, Lucida, Arial, Helvetica, \'Times New Roman\', 宋体, sans-serif;white-space:normal;background:white;\">\r\n	<b><span lang=\"EN-US\" style=\"line-height:24px;font-family:宋体;font-size:12pt;\">&nbsp;<o:p></o:p></span></b>\r\n</p>\r\n<p class=\"MsoNormal\" align=\"left\" style=\"margin-top:0px;margin-bottom:0px;padding:0px;color:#333333;font-family:\'Lucida Grande\', Verdana, Lucida, Arial, Helvetica, \'Times New Roman\', 宋体, sans-serif;white-space:normal;background:white;\">\r\n	<b><span style=\"line-height:24px;font-family:宋体;font-size:12pt;\">附：福州大学至诚学院<span lang=\"EN-US\">2015</span>年清明值班安排表<span lang=\"EN-US\"><o:p></o:p></span></span></b>\r\n</p>\r\n<p class=\"MsoNormal\" align=\"left\" style=\"margin-top:0px;margin-bottom:0px;padding:0px;color:#333333;font-family:\'Lucida Grande\', Verdana, Lucida, Arial, Helvetica, \'Times New Roman\', 宋体, sans-serif;white-space:normal;background:white;\">\r\n	<span lang=\"EN-US\" style=\"line-height:24px;font-family:宋体;font-size:12pt;\">&nbsp;<o:p></o:p></span>\r\n</p>\r\n<div align=\"center\" style=\"color:#333333;font-family:\'Lucida Grande\', Verdana, Lucida, Arial, Helvetica, \'Times New Roman\', 宋体, sans-serif;line-height:15.6000003814697px;white-space:normal;background-color:#FFFFFF;\">\r\n	<table class=\"MsoNormalTable ke-zeroborder\" border=\"0\" cellspacing=\"0\" cellpadding=\"0\">\r\n		<tbody>\r\n			<tr>\r\n				<td width=\"140\" style=\"border:1pt solid windowtext;padding:0cm 5.4pt;width:104.65pt;\">\r\n					<p class=\"MsoNormal\" align=\"center\" style=\"margin-top:0px;margin-bottom:0px;padding:0px;text-align:center;\">\r\n						<b><span style=\"line-height:24px;font-family:宋体;font-size:12pt;\">时间<span lang=\"EN-US\"><o:p></o:p></span></span></b>\r\n					</p>\r\n				</td>\r\n				<td width=\"151\" style=\"border-bottom-color:windowtext;border-width:1pt 1pt 1pt medium;border-style:solid solid solid none;padding:0cm 5.4pt;width:4cm;border-top-color:windowtext;border-right-color:windowtext;\">\r\n					<p class=\"MsoNormal\" align=\"center\" style=\"margin-top:0px;margin-bottom:0px;padding:0px;text-align:center;\">\r\n						<b><span style=\"line-height:24px;font-family:宋体;font-size:12pt;\">值班人员<span lang=\"EN-US\"><o:p></o:p></span></span></b>\r\n					</p>\r\n				</td>\r\n				<td width=\"164\" style=\"border-bottom-color:windowtext;border-width:1pt 1pt 1pt medium;border-style:solid solid solid none;padding:0cm 5.4pt;width:123.15pt;border-top-color:windowtext;border-right-color:windowtext;\">\r\n					<p class=\"MsoNormal\" align=\"center\" style=\"margin-top:0px;margin-bottom:0px;padding:0px;text-align:center;\">\r\n						<b><span style=\"line-height:24px;font-family:宋体;font-size:12pt;\">带班领导<span lang=\"EN-US\"><o:p></o:p></span></span></b>\r\n					</p>\r\n				</td>\r\n			</tr>\r\n			<tr>\r\n				<td width=\"140\" style=\"border-bottom-color:windowtext;border-width:medium 1pt 1pt;border-style:none solid solid;border-left-color:windowtext;padding:0cm 5.4pt;width:104.65pt;border-right-color:windowtext;\">\r\n					<p class=\"MsoNormal\" align=\"center\" style=\"margin-top:0px;margin-bottom:0px;padding:0px;text-align:center;\">\r\n						<st1:chsdate w:st=\"on\" isrocdate=\"False\" islunardate=\"False\" day=\"4\" month=\"4\" year=\"2015\"><span lang=\"EN-US\" style=\"line-height:24px;font-family:宋体;font-size:12pt;\">4</span><span style=\"line-height:24px;font-family:宋体;font-size:12pt;\">月<span lang=\"EN-US\">4</span>日</span></st1:chsdate><span lang=\"EN-US\" style=\"line-height:24px;font-family:宋体;font-size:12pt;\"><o:p></o:p></span>\r\n					</p>\r\n				</td>\r\n				<td width=\"151\" style=\"border-bottom-color:windowtext;border-width:medium 1pt 1pt medium;border-style:none solid solid none;padding:0cm 5.4pt;width:4cm;border-right-color:windowtext;\">\r\n					<p class=\"MsoNormal\" align=\"center\" style=\"margin-top:0px;margin-bottom:0px;padding:0px;text-align:center;\">\r\n						<span style=\"line-height:24px;font-family:宋体;font-size:12pt;\">罗翔<span lang=\"EN-US\"><o:p></o:p></span></span>\r\n					</p>\r\n				</td>\r\n				<td width=\"164\" style=\"border-bottom-color:windowtext;border-width:medium 1pt 1pt medium;border-style:none solid solid none;padding:0cm 5.4pt;width:123.15pt;border-right-color:windowtext;\">\r\n					<p class=\"MsoNormal\" align=\"center\" style=\"margin-top:0px;margin-bottom:0px;padding:0px;text-align:center;\">\r\n						<span style=\"line-height:24px;font-family:宋体;font-size:12pt;\">朱敏琛<span lang=\"EN-US\"><o:p></o:p></span></span>\r\n					</p>\r\n				</td>\r\n			</tr>\r\n			<tr>\r\n				<td width=\"140\" style=\"border-bottom-color:windowtext;border-width:medium 1pt 1pt;border-style:none solid solid;border-left-color:windowtext;padding:0cm 5.4pt;width:104.65pt;border-right-color:windowtext;\">\r\n					<p class=\"MsoNormal\" align=\"center\" style=\"margin-top:0px;margin-bottom:0px;padding:0px;text-align:center;\">\r\n						<st1:chsdate w:st=\"on\" isrocdate=\"False\" islunardate=\"False\" day=\"5\" month=\"4\" year=\"2015\"><span lang=\"EN-US\" style=\"line-height:24px;font-family:宋体;font-size:12pt;\">4</span><span style=\"line-height:24px;font-family:宋体;font-size:12pt;\">月<span lang=\"EN-US\">5</span>日</span></st1:chsdate><span lang=\"EN-US\" style=\"line-height:24px;font-family:宋体;font-size:12pt;\"><o:p></o:p></span>\r\n					</p>\r\n				</td>\r\n				<td width=\"151\" style=\"border-bottom-color:windowtext;border-width:medium 1pt 1pt medium;border-style:none solid solid none;padding:0cm 5.4pt;width:4cm;border-right-color:windowtext;\">\r\n					<p class=\"MsoNormal\" align=\"center\" style=\"margin-top:0px;margin-bottom:0px;padding:0px;text-align:center;\">\r\n						<span style=\"line-height:24px;font-family:宋体;font-size:12pt;\">姚东生<span lang=\"EN-US\"><o:p></o:p></span></span>\r\n					</p>\r\n				</td>\r\n				<td width=\"164\" style=\"border-bottom-color:windowtext;border-width:medium 1pt 1pt medium;border-style:none solid solid none;padding:0cm 5.4pt;width:123.15pt;border-right-color:windowtext;\">\r\n					<p class=\"MsoNormal\" align=\"center\" style=\"margin-top:0px;margin-bottom:0px;padding:0px;text-align:center;\">\r\n						<span style=\"line-height:24px;font-family:宋体;font-size:12pt;\">胡继荣<span lang=\"EN-US\"><o:p></o:p></span></span>\r\n					</p>\r\n				</td>\r\n			</tr>\r\n			<tr>\r\n				<td width=\"140\" style=\"border-bottom-color:windowtext;border-width:medium 1pt 1pt;border-style:none solid solid;border-left-color:windowtext;padding:0cm 5.4pt;width:104.65pt;border-right-color:windowtext;\">\r\n					<p class=\"MsoNormal\" align=\"center\" style=\"margin-top:0px;margin-bottom:0px;padding:0px;text-align:center;\">\r\n						<st1:chsdate w:st=\"on\" isrocdate=\"False\" islunardate=\"False\" day=\"6\" month=\"4\" year=\"2015\"><span lang=\"EN-US\" style=\"line-height:24px;font-family:宋体;font-size:12pt;\">4</span><span style=\"line-height:24px;font-family:宋体;font-size:12pt;\">月<span lang=\"EN-US\">6</span>日</span></st1:chsdate><span lang=\"EN-US\" style=\"line-height:24px;font-family:宋体;font-size:12pt;\"><o:p></o:p></span>\r\n					</p>\r\n				</td>\r\n				<td width=\"151\" style=\"border-bottom-color:windowtext;border-width:medium 1pt 1pt medium;border-style:none solid solid none;padding:0cm 5.4pt;width:4cm;border-right-color:windowtext;\">\r\n					<p class=\"MsoNormal\" align=\"center\" style=\"margin-top:0px;margin-bottom:0px;padding:0px;text-align:center;\">\r\n						<span style=\"line-height:24px;font-family:宋体;font-size:12pt;\">陈芳<span lang=\"EN-US\"><o:p></o:p></span></span>\r\n					</p>\r\n				</td>\r\n				<td width=\"164\" style=\"border-bottom-color:windowtext;border-width:medium 1pt 1pt medium;border-style:none solid solid none;padding:0cm 5.4pt;width:123.15pt;border-right-color:windowtext;\">\r\n					<p class=\"MsoNormal\" align=\"center\" style=\"margin-top:0px;margin-bottom:0px;padding:0px;text-align:center;\">\r\n						<span style=\"line-height:24px;font-family:宋体;font-size:12pt;\">林行<span lang=\"EN-US\"><o:p></o:p></span></span>\r\n					</p>\r\n				</td>\r\n			</tr>\r\n		</tbody>\r\n	</table>\r\n</div>\r\n<p class=\"MsoNormal\" align=\"left\" style=\"margin-top:0px;margin-bottom:0px;padding:0px;color:#333333;font-family:\'Lucida Grande\', Verdana, Lucida, Arial, Helvetica, \'Times New Roman\', 宋体, sans-serif;white-space:normal;background-color:#FFFFFF;\">\r\n	<span style=\"line-height:24px;font-family:宋体;font-size:12pt;background-image:initial;background-attachment:initial;background-size:initial;background-origin:initial;background-clip:initial;background-position:initial;background-repeat:initial;\">注：<span lang=\"EN-US\"><o:p></o:p></span></span>\r\n</p>\r\n<p class=\"MsoNormal\" align=\"left\" style=\"margin-top:0px;margin-bottom:0px;padding:0px;color:#333333;font-family:\'Lucida Grande\', Verdana, Lucida, Arial, Helvetica, \'Times New Roman\', 宋体, sans-serif;white-space:normal;background-color:#FFFFFF;\">\r\n	<span style=\"line-height:24px;font-family:宋体;font-size:12pt;background-image:initial;background-attachment:initial;background-size:initial;background-origin:initial;background-clip:initial;background-position:initial;background-repeat:initial;\">（<span lang=\"EN-US\">1</span>）值班时间为上午<span lang=\"EN-US\">8:30-12:00</span>，下午<span lang=\"EN-US\">2:30-5</span>：<span lang=\"EN-US\">30</span>，值班地点必须在学院办公室；需负责接听电话<span lang=\"EN-US\">83769360</span>，下午<span lang=\"EN-US\">4:30</span>必须拨打校办值班电话<span lang=\"EN-US\">22866316</span>通报情况，实行零报告制度；值班钥匙在一楼传达室交接。</span>\r\n</p>\r\n<p class=\"MsoNormal\" align=\"left\" style=\"margin-top:0px;margin-bottom:0px;padding:0px;color:#333333;font-family:\'Lucida Grande\', Verdana, Lucida, Arial, Helvetica, \'Times New Roman\', 宋体, sans-serif;white-space:normal;background-color:#FFFFFF;\">\r\n	<span style=\"line-height:24px;font-family:宋体;font-size:12pt;background-image:initial;background-attachment:initial;background-size:initial;background-origin:initial;background-clip:initial;background-position:initial;background-repeat:initial;\"></span><span style=\"line-height:24px;font-family:宋体;font-size:12pt;background-image:initial;background-attachment:initial;background-size:initial;background-origin:initial;background-clip:initial;background-position:initial;background-repeat:initial;\">（<span lang=\"EN-US\">2</span>）值班期间应注意学院周边情况，及时填写好值班情况表，紧急情况及时向带班领导汇报。<span lang=\"EN-US\"><o:p></o:p></span></span>\r\n</p>\r\n<p class=\"MsoNormal\" align=\"left\" style=\"margin-top:0px;margin-bottom:0px;padding:0px;color:#333333;font-family:\'Lucida Grande\', Verdana, Lucida, Arial, Helvetica, \'Times New Roman\', 宋体, sans-serif;white-space:normal;background-color:#FFFFFF;\">\r\n	<span style=\"line-height:24px;font-family:宋体;font-size:12pt;background-image:initial;background-attachment:initial;background-size:initial;background-origin:initial;background-clip:initial;background-position:initial;background-repeat:initial;\">（<span lang=\"EN-US\">3</span>）院<span lang=\"EN-US\">24</span>小时值班电话<span lang=\"EN-US\">83772471</span>，传真电话<span lang=\"EN-US\">83769360</span>。</span>\r\n</p>', '1', '2015-03-15 21:18:42');
INSERT INTO `t_notice` VALUES ('28', '关于调整福州大学至诚学院教师等专业技术职务聘任委员会成员的通知', '<p class=\"MsoNormal\" align=\"left\" style=\"margin-top:0px;margin-bottom:0px;padding:0px;color:#333333;font-family:\'Lucida Grande\', Verdana, Lucida, Arial, Helvetica, \'Times New Roman\', 宋体, sans-serif;white-space:normal;background-color:#FFFFFF;\">\r\n	<span style=\"line-height:24px;font-family:宋体;color:black;font-size:12pt;\">各系、各部门：<span lang=\"EN-US\"><o:p></o:p></span></span>\r\n</p>\r\n<p class=\"MsoNormal\" align=\"left\" style=\"margin-top:0px;margin-bottom:0px;padding:0px;color:#333333;font-family:\'Lucida Grande\', Verdana, Lucida, Arial, Helvetica, \'Times New Roman\', 宋体, sans-serif;white-space:normal;text-indent:24pt;background-color:#FFFFFF;\">\r\n	<span style=\"line-height:24px;font-family:宋体;color:black;font-size:12pt;\">鉴于人事变动，经研究，对我院专业技术职务聘任委员会成员作部分调整，调整后的成员名单如下（按姓氏笔画排序）：<span lang=\"EN-US\"><o:p></o:p></span></span>\r\n</p>\r\n<p class=\"MsoNormal\" align=\"left\" style=\"margin-top:0px;margin-bottom:0px;padding:0px;color:#333333;font-family:\'Lucida Grande\', Verdana, Lucida, Arial, Helvetica, \'Times New Roman\', 宋体, sans-serif;white-space:normal;text-indent:24pt;background-color:#FFFFFF;\">\r\n	<span style=\"line-height:24px;font-family:宋体;color:black;font-size:12pt;\">主<span lang=\"EN-US\">&nbsp;&nbsp;</span>任：朱祖平<span lang=\"EN-US\"><o:p></o:p></span></span>\r\n</p>\r\n<p class=\"MsoNormal\" align=\"left\" style=\"margin-top:0px;margin-bottom:0px;padding:0px;color:#333333;font-family:\'Lucida Grande\', Verdana, Lucida, Arial, Helvetica, \'Times New Roman\', 宋体, sans-serif;white-space:normal;text-indent:24pt;background-color:#FFFFFF;\">\r\n	<span style=\"line-height:24px;font-family:宋体;color:black;font-size:12pt;\">副主任：朱敏琛、胡继荣</span>\r\n</p>\r\n<p class=\"MsoNormal\" align=\"left\" style=\"margin-top:0px;margin-bottom:0px;padding:0px;color:#333333;font-family:\'Lucida Grande\', Verdana, Lucida, Arial, Helvetica, \'Times New Roman\', 宋体, sans-serif;white-space:normal;text-indent:24pt;background-color:#FFFFFF;\">\r\n	<span style=\"line-height:24px;font-family:宋体;color:black;font-size:12pt;\"></span><span style=\"line-height:24px;font-family:宋体;color:black;font-size:12pt;\">成<span lang=\"EN-US\">&nbsp;&nbsp;</span>员：方建国、牛<span lang=\"EN-US\">&nbsp;&nbsp;</span>康、邓<span lang=\"EN-US\">&nbsp;&nbsp;</span>薇、叶宇煌、陈为旭、周白杨、林旭聪、林<span lang=\"EN-US\">&nbsp;&nbsp;</span>娟、郭<span lang=\"EN-US\">&nbsp;&nbsp;</span>蓉、游<span lang=\"EN-US\">&nbsp;&nbsp;</span>毅</span>\r\n</p>\r\n<p class=\"MsoNormal\" align=\"left\" style=\"margin-top:0px;margin-bottom:0px;padding:0px;color:#333333;font-family:\'Lucida Grande\', Verdana, Lucida, Arial, Helvetica, \'Times New Roman\', 宋体, sans-serif;white-space:normal;text-indent:24pt;background-color:#FFFFFF;\">\r\n	<span style=\"line-height:24px;font-family:宋体;color:black;font-size:12pt;\"></span><span style=\"line-height:24px;font-family:宋体;color:black;font-size:12pt;\">下设办公室在人力资源管理办公室。</span>\r\n</p>\r\n<p class=\"MsoNormal\" align=\"left\" style=\"margin-top:0px;margin-bottom:0px;padding:0px;color:#333333;font-family:\'Lucida Grande\', Verdana, Lucida, Arial, Helvetica, \'Times New Roman\', 宋体, sans-serif;white-space:normal;text-indent:24pt;background-color:#FFFFFF;\">\r\n	<span style=\"line-height:24px;font-family:宋体;color:black;font-size:12pt;\"></span><span style=\"line-height:24px;font-family:宋体;color:black;font-size:12pt;\">办公室秘书：潘梅英。<span lang=\"EN-US\"><o:p></o:p></span></span>\r\n</p>\r\n<p class=\"MsoNormal\" align=\"right\" style=\"margin-top:0px;margin-bottom:0px;padding:0px;color:#333333;font-family:\'Lucida Grande\', Verdana, Lucida, Arial, Helvetica, \'Times New Roman\', 宋体, sans-serif;white-space:normal;text-align:right;text-indent:24pt;background-color:#FFFFFF;\">\r\n	<span style=\"line-height:24px;font-family:宋体;color:black;font-size:12pt;\">福州大学至诚学院<span lang=\"EN-US\">&nbsp;&nbsp;&nbsp;&nbsp;&nbsp;&nbsp;&nbsp;<o:p></o:p></span></span>\r\n</p>\r\n<p class=\"MsoNormal\" align=\"right\" style=\"margin-top:0px;margin-bottom:0px;padding:0px;color:#333333;font-family:\'Lucida Grande\', Verdana, Lucida, Arial, Helvetica, \'Times New Roman\', 宋体, sans-serif;white-space:normal;text-align:right;text-indent:24pt;background-color:#FFFFFF;\">\r\n	<span lang=\"EN-US\" style=\"line-height:24px;font-family:宋体;color:black;font-size:12pt;\">&nbsp;&nbsp;&nbsp;&nbsp;&nbsp;&nbsp;&nbsp;&nbsp;&nbsp;&nbsp;&nbsp;&nbsp;&nbsp;&nbsp;&nbsp;&nbsp;&nbsp;&nbsp;&nbsp;&nbsp;&nbsp;</span><span style=\"line-height:24px;font-family:宋体;color:black;font-size:12pt;\">二Ｏ一五年三月三十一日</span>\r\n</p>', '1', '2015-03-17 21:19:10');
INSERT INTO `t_notice` VALUES ('29', '关于我院低压开关柜等设备及电力变压器采购项目流标公告', '<p class=\"MsoNormal\" style=\"margin-top:0px;margin-bottom:0px;padding:0px;color:#333333;font-family:\'Lucida Grande\', Verdana, Lucida, Arial, Helvetica, \'Times New Roman\', 宋体, sans-serif;white-space:normal;background-color:#FFFFFF;\">\r\n	<span lang=\"EN-US\" style=\"line-height:24px;font-family:宋体;font-size:12pt;\">1</span><span style=\"line-height:24px;font-family:宋体;font-size:12pt;\">、<span lang=\"EN-US\">&nbsp;&nbsp;</span>招标编号<span lang=\"EN-US\">: FYZB-S2-2015001-1<o:p></o:p></span></span>\r\n</p>\r\n<p class=\"MsoNormal\" style=\"margin-top:0px;margin-bottom:0px;padding:0px;color:#333333;font-family:\'Lucida Grande\', Verdana, Lucida, Arial, Helvetica, \'Times New Roman\', 宋体, sans-serif;white-space:normal;background-color:#FFFFFF;\">\r\n	<span lang=\"EN-US\" style=\"line-height:24px;font-family:宋体;font-size:12pt;\">2</span><span style=\"line-height:24px;font-family:宋体;font-size:12pt;\">、<span lang=\"EN-US\">&nbsp;&nbsp;</span>项目名称：低压开关柜等设备及电力变压器采购项目<span lang=\"EN-US\"><o:p></o:p></span></span>\r\n</p>\r\n<p class=\"MsoNormal\" style=\"margin-top:0px;margin-bottom:0px;padding:0px;color:#333333;font-family:\'Lucida Grande\', Verdana, Lucida, Arial, Helvetica, \'Times New Roman\', 宋体, sans-serif;white-space:normal;background-color:#FFFFFF;\">\r\n	<span lang=\"EN-US\" style=\"line-height:24px;font-family:宋体;font-size:12pt;\">3</span><span style=\"line-height:24px;font-family:宋体;font-size:12pt;\">、<span lang=\"EN-US\">&nbsp;&nbsp;</span>采购方式：公开招标<span lang=\"EN-US\"><o:p></o:p></span></span>\r\n</p>\r\n<p class=\"MsoNormal\" style=\"margin-top:0px;margin-bottom:0px;padding:0px;color:#333333;font-family:\'Lucida Grande\', Verdana, Lucida, Arial, Helvetica, \'Times New Roman\', 宋体, sans-serif;white-space:normal;background-color:#FFFFFF;\">\r\n	<span lang=\"EN-US\" style=\"line-height:24px;font-family:宋体;font-size:12pt;\">4</span><span style=\"line-height:24px;font-family:宋体;font-size:12pt;\">、<span lang=\"EN-US\">&nbsp;&nbsp;</span>采购单位名称：福州大学至诚学院<span lang=\"EN-US\"><o:p></o:p></span></span>\r\n</p>\r\n<p class=\"MsoNormal\" style=\"margin-top:0px;margin-bottom:0px;padding:0px;color:#333333;font-family:\'Lucida Grande\', Verdana, Lucida, Arial, Helvetica, \'Times New Roman\', 宋体, sans-serif;white-space:normal;background-color:#FFFFFF;\">\r\n	<span lang=\"EN-US\" style=\"line-height:24px;font-family:宋体;font-size:12pt;\">&nbsp;</span><span style=\"line-height:24px;font-family:宋体;font-size:12pt;\">联系人：林老师<span lang=\"EN-US\"><o:p></o:p></span></span>\r\n</p>\r\n<p class=\"MsoNormal\" style=\"margin-top:0px;margin-bottom:0px;padding:0px;color:#333333;font-family:\'Lucida Grande\', Verdana, Lucida, Arial, Helvetica, \'Times New Roman\', 宋体, sans-serif;white-space:normal;background-color:#FFFFFF;\">\r\n	<span lang=\"EN-US\" style=\"line-height:24px;font-family:宋体;font-size:12pt;\">&nbsp;&nbsp;</span><span style=\"line-height:24px;font-family:宋体;font-size:12pt;\">联系电话：<span lang=\"EN-US\">0591-83779501<o:p></o:p></span></span>\r\n</p>\r\n<p class=\"MsoNormal\" style=\"margin-top:0px;margin-bottom:0px;padding:0px;color:#333333;font-family:\'Lucida Grande\', Verdana, Lucida, Arial, Helvetica, \'Times New Roman\', 宋体, sans-serif;white-space:normal;background-color:#FFFFFF;\">\r\n	<span lang=\"EN-US\" style=\"line-height:24px;font-family:宋体;font-size:12pt;\">4</span><span style=\"line-height:24px;font-family:宋体;font-size:12pt;\">、招标代理机构名称<span lang=\"EN-US\">:&nbsp;</span>福建省福怡药械招标有限公司<span lang=\"EN-US\"><o:p></o:p></span></span>\r\n</p>\r\n<p class=\"MsoNormal\" style=\"margin-top:0px;margin-bottom:0px;padding:0px;color:#333333;font-family:\'Lucida Grande\', Verdana, Lucida, Arial, Helvetica, \'Times New Roman\', 宋体, sans-serif;white-space:normal;background-color:#FFFFFF;\">\r\n	<span style=\"line-height:24px;font-family:宋体;font-size:12pt;\">招标代理机构地址：福州市交通路<span lang=\"EN-US\">88</span>号<span lang=\"EN-US\"><o:p></o:p></span></span>\r\n</p>\r\n<p class=\"MsoNormal\" style=\"margin-top:0px;margin-bottom:0px;padding:0px;color:#333333;font-family:\'Lucida Grande\', Verdana, Lucida, Arial, Helvetica, \'Times New Roman\', 宋体, sans-serif;white-space:normal;background-color:#FFFFFF;\">\r\n	<span lang=\"EN-US\" style=\"line-height:24px;font-family:宋体;font-size:12pt;\">5</span><span style=\"line-height:24px;font-family:宋体;font-size:12pt;\">、联系人：林小姐<span lang=\"EN-US\">&nbsp;&nbsp;&nbsp;&nbsp;&nbsp;<o:p></o:p></span></span>\r\n</p>\r\n<p class=\"MsoNormal\" style=\"margin-top:0px;margin-bottom:0px;padding:0px;color:#333333;font-family:\'Lucida Grande\', Verdana, Lucida, Arial, Helvetica, \'Times New Roman\', 宋体, sans-serif;white-space:normal;background-color:#FFFFFF;\">\r\n	<span style=\"line-height:24px;font-family:宋体;font-size:12pt;\">联系方式：（<span lang=\"EN-US\">0591</span>）<span lang=\"EN-US\">83569183</span>、<span lang=\"EN-US\">83569185</span>、<span lang=\"EN-US\">83569369</span>（传真）<span lang=\"EN-US\"><o:p></o:p></span></span>\r\n</p>\r\n<p class=\"MsoNormal\" style=\"margin-top:0px;margin-bottom:0px;padding:0px;color:#333333;font-family:\'Lucida Grande\', Verdana, Lucida, Arial, Helvetica, \'Times New Roman\', 宋体, sans-serif;white-space:normal;background-color:#FFFFFF;\">\r\n	<span lang=\"EN-US\" style=\"line-height:24px;font-family:宋体;font-size:12pt;\">6</span><span style=\"line-height:24px;font-family:宋体;font-size:12pt;\">、招标公告日期：二<span lang=\"EN-US\">0</span>一五年三月六日<span lang=\"EN-US\"><o:p></o:p></span></span>\r\n</p>\r\n<p class=\"MsoNormal\" style=\"margin-top:0px;margin-bottom:0px;padding:0px;color:#333333;font-family:\'Lucida Grande\', Verdana, Lucida, Arial, Helvetica, \'Times New Roman\', 宋体, sans-serif;white-space:normal;background-color:#FFFFFF;\">\r\n	<span lang=\"EN-US\" style=\"line-height:24px;font-family:宋体;font-size:12pt;\">7</span><span style=\"line-height:24px;font-family:宋体;font-size:12pt;\">、定标日期<span lang=\"EN-US\">:&nbsp;</span>二<span lang=\"EN-US\">0</span>一五年三月三十日<span lang=\"EN-US\"><o:p></o:p></span></span>\r\n</p>\r\n<p class=\"MsoNormal\" style=\"margin-top:0px;margin-bottom:0px;padding:0px;color:#333333;font-family:\'Lucida Grande\', Verdana, Lucida, Arial, Helvetica, \'Times New Roman\', 宋体, sans-serif;white-space:normal;background-color:#FFFFFF;\">\r\n	<span lang=\"EN-US\" style=\"line-height:24px;font-family:宋体;font-size:12pt;\">8</span><span style=\"line-height:24px;font-family:宋体;font-size:12pt;\">、定标情况<span lang=\"EN-US\">:</span>到投标截止时间止，只有两家供应商参加投标，不满足公开招标的要求，本项目流标。<span lang=\"EN-US\"><o:p></o:p></span></span>\r\n</p>\r\n<p class=\"MsoNormal\" style=\"margin-top:0px;margin-bottom:0px;padding:0px;color:#333333;font-family:\'Lucida Grande\', Verdana, Lucida, Arial, Helvetica, \'Times New Roman\', 宋体, sans-serif;white-space:normal;background-color:#FFFFFF;\">\r\n	<span lang=\"EN-US\" style=\"line-height:24px;font-family:宋体;font-size:12pt;\">&nbsp;</span>\r\n</p>\r\n<p class=\"MsoNormal\" style=\"margin-top:0px;margin-bottom:0px;padding:0px;color:#333333;font-family:\'Lucida Grande\', Verdana, Lucida, Arial, Helvetica, \'Times New Roman\', 宋体, sans-serif;white-space:normal;background-color:#FFFFFF;\">\r\n	<span style=\"line-height:24px;font-family:宋体;font-size:12pt;\">官方链接：<span lang=\"EN-US\"><a href=\"http://fyzb.com/Default.aspx?ShowType=1&amp;ProductID=600\" style=\"color:#333333;text-decoration:none;\">http://fyzb.com/Default.aspx?ShowType=1&amp;ProductID=600</a><o:p></o:p></span></span>\r\n</p>\r\n<p class=\"MsoNormal\" style=\"margin-top:0px;margin-bottom:0px;padding:0px;color:#333333;font-family:\'Lucida Grande\', Verdana, Lucida, Arial, Helvetica, \'Times New Roman\', 宋体, sans-serif;white-space:normal;background-color:#FFFFFF;\">\r\n	<span lang=\"EN-US\" style=\"line-height:24px;font-family:宋体;font-size:12pt;\"><a href=\"http://www.ccgp.gov.cn/cggg/dfgg/zbgg/201503/t20150330_5141351.htm\" style=\"color:#333333;text-decoration:none;\">http://www.ccgp.gov.cn/cggg/dfgg/zbgg/201503/t20150330_5141351.htm</a></span>\r\n</p>', '1', '2015-03-19 21:19:38');
INSERT INTO `t_notice` VALUES ('30', '关于我院电力电缆公开招标中标公告', '<p class=\"MsoNormal\" style=\"margin-top:0px;margin-bottom:0px;padding:0px;color:#333333;font-family:\'Lucida Grande\', Verdana, Lucida, Arial, Helvetica, \'Times New Roman\', 宋体, sans-serif;white-space:normal;background-color:#FFFFFF;\">\r\n	<span lang=\"EN-US\" style=\"line-height:24px;font-family:宋体;font-size:12pt;\">1</span><span style=\"line-height:24px;font-family:宋体;font-size:12pt;\">、招标编号<span lang=\"EN-US\">: FYZB-S2-2015002-1<o:p></o:p></span></span>\r\n</p>\r\n<p class=\"MsoNormal\" style=\"margin-top:0px;margin-bottom:0px;padding:0px;color:#333333;font-family:\'Lucida Grande\', Verdana, Lucida, Arial, Helvetica, \'Times New Roman\', 宋体, sans-serif;white-space:normal;background-color:#FFFFFF;\">\r\n	<span lang=\"EN-US\" style=\"line-height:24px;font-family:宋体;font-size:12pt;\">2</span><span style=\"line-height:24px;font-family:宋体;font-size:12pt;\">、采购方式：公开招标<span lang=\"EN-US\"><o:p></o:p></span></span>\r\n</p>\r\n<p class=\"MsoNormal\" style=\"margin-top:0px;margin-bottom:0px;padding:0px;color:#333333;font-family:\'Lucida Grande\', Verdana, Lucida, Arial, Helvetica, \'Times New Roman\', 宋体, sans-serif;white-space:normal;background-color:#FFFFFF;\">\r\n	<span lang=\"EN-US\" style=\"line-height:24px;font-family:宋体;font-size:12pt;\">3</span><span style=\"line-height:24px;font-family:宋体;font-size:12pt;\">、采购单位名称：福州大学至诚学院<span lang=\"EN-US\"><o:p></o:p></span></span>\r\n</p>\r\n<p class=\"MsoNormal\" style=\"margin-top:0px;margin-bottom:0px;padding:0px;color:#333333;font-family:\'Lucida Grande\', Verdana, Lucida, Arial, Helvetica, \'Times New Roman\', 宋体, sans-serif;white-space:normal;background-color:#FFFFFF;\">\r\n	<span lang=\"EN-US\" style=\"line-height:24px;font-family:宋体;font-size:12pt;\">&nbsp;</span><span style=\"line-height:24px;font-family:宋体;font-size:12pt;\">联系人：林老师<span lang=\"EN-US\"><o:p></o:p></span></span>\r\n</p>\r\n<p class=\"MsoNormal\" style=\"margin-top:0px;margin-bottom:0px;padding:0px;color:#333333;font-family:\'Lucida Grande\', Verdana, Lucida, Arial, Helvetica, \'Times New Roman\', 宋体, sans-serif;white-space:normal;background-color:#FFFFFF;\">\r\n	<span lang=\"EN-US\" style=\"line-height:24px;font-family:宋体;font-size:12pt;\">&nbsp;</span><span style=\"line-height:24px;font-family:宋体;font-size:12pt;\">联系电话：<span lang=\"EN-US\">0591-83779501<o:p></o:p></span></span>\r\n</p>\r\n<p class=\"MsoNormal\" style=\"margin-top:0px;margin-bottom:0px;padding:0px;color:#333333;font-family:\'Lucida Grande\', Verdana, Lucida, Arial, Helvetica, \'Times New Roman\', 宋体, sans-serif;white-space:normal;background-color:#FFFFFF;\">\r\n	<span lang=\"EN-US\" style=\"line-height:24px;font-family:宋体;font-size:12pt;\">4</span><span style=\"line-height:24px;font-family:宋体;font-size:12pt;\">、招标代理机构名称<span lang=\"EN-US\">:&nbsp;</span>福建省福怡药械招标有限公司<span lang=\"EN-US\"><o:p></o:p></span></span>\r\n</p>\r\n<p class=\"MsoNormal\" style=\"margin-top:0px;margin-bottom:0px;padding:0px;color:#333333;font-family:\'Lucida Grande\', Verdana, Lucida, Arial, Helvetica, \'Times New Roman\', 宋体, sans-serif;white-space:normal;background-color:#FFFFFF;\">\r\n	<span style=\"line-height:24px;font-family:宋体;font-size:12pt;\">招标代理机构地址：福州市交通路<span lang=\"EN-US\">88</span>号<span lang=\"EN-US\"><o:p></o:p></span></span>\r\n</p>\r\n<p class=\"MsoNormal\" style=\"margin-top:0px;margin-bottom:0px;padding:0px;color:#333333;font-family:\'Lucida Grande\', Verdana, Lucida, Arial, Helvetica, \'Times New Roman\', 宋体, sans-serif;white-space:normal;background-color:#FFFFFF;\">\r\n	<span lang=\"EN-US\" style=\"line-height:24px;font-family:宋体;font-size:12pt;\">5</span><span style=\"line-height:24px;font-family:宋体;font-size:12pt;\">、联系人：林小姐<span lang=\"EN-US\">&nbsp;&nbsp;&nbsp;&nbsp;&nbsp;<o:p></o:p></span></span>\r\n</p>\r\n<p class=\"MsoNormal\" style=\"margin-top:0px;margin-bottom:0px;padding:0px;color:#333333;font-family:\'Lucida Grande\', Verdana, Lucida, Arial, Helvetica, \'Times New Roman\', 宋体, sans-serif;white-space:normal;background-color:#FFFFFF;\">\r\n	<span style=\"line-height:24px;font-family:宋体;font-size:12pt;\">联系方式：（<span lang=\"EN-US\">0591</span>）<span lang=\"EN-US\">83569183</span>、<span lang=\"EN-US\">83569185</span>、<span lang=\"EN-US\">83569369</span>（传真）<span lang=\"EN-US\"><o:p></o:p></span></span>\r\n</p>\r\n<p class=\"MsoNormal\" style=\"margin-top:0px;margin-bottom:0px;padding:0px;color:#333333;font-family:\'Lucida Grande\', Verdana, Lucida, Arial, Helvetica, \'Times New Roman\', 宋体, sans-serif;white-space:normal;background-color:#FFFFFF;\">\r\n	<span lang=\"EN-US\" style=\"line-height:24px;font-family:宋体;font-size:12pt;\">6</span><span style=\"line-height:24px;font-family:宋体;font-size:12pt;\">、招标公告日期：二<span lang=\"EN-US\">0</span>一五年三月六日<span lang=\"EN-US\"><o:p></o:p></span></span>\r\n</p>\r\n<p class=\"MsoNormal\" style=\"margin-top:0px;margin-bottom:0px;padding:0px;color:#333333;font-family:\'Lucida Grande\', Verdana, Lucida, Arial, Helvetica, \'Times New Roman\', 宋体, sans-serif;white-space:normal;background-color:#FFFFFF;\">\r\n	<span lang=\"EN-US\" style=\"line-height:24px;font-family:宋体;font-size:12pt;\">7</span><span style=\"line-height:24px;font-family:宋体;font-size:12pt;\">、定标日期<span lang=\"EN-US\">:&nbsp;</span>二<span lang=\"EN-US\">0</span>一五年三月三十日<span lang=\"EN-US\"><o:p></o:p></span></span>\r\n</p>\r\n<p class=\"MsoNormal\" style=\"margin-top:0px;margin-bottom:0px;padding:0px;color:#333333;font-family:\'Lucida Grande\', Verdana, Lucida, Arial, Helvetica, \'Times New Roman\', 宋体, sans-serif;white-space:normal;background-color:#FFFFFF;\">\r\n	<span lang=\"EN-US\" style=\"line-height:24px;font-family:宋体;font-size:12pt;\">8</span><span style=\"line-height:24px;font-family:宋体;font-size:12pt;\">、情况<span lang=\"EN-US\">:<o:p></o:p></span></span>\r\n</p>\r\n<div align=\"center\" style=\"color:#333333;font-family:\'Lucida Grande\', Verdana, Lucida, Arial, Helvetica, \'Times New Roman\', 宋体, sans-serif;line-height:15.6000003814697px;white-space:normal;background-color:#FFFFFF;\">\r\n	<table class=\"MsoNormalTable ke-zeroborder\" border=\"0\" cellspacing=\"0\" cellpadding=\"0\">\r\n		<tbody>\r\n			<tr style=\"height:47pt;\">\r\n				<td width=\"38\" style=\"border:1pt solid windowtext;padding:0cm 1.4pt;width:28.45pt;height:47pt;\">\r\n					<p align=\"center\" style=\"margin-top:0px;margin-bottom:0px;padding:0px;text-align:center;\">\r\n						<span style=\"font-family:宋体;\">合同包</span>\r\n					</p>\r\n				</td>\r\n				<td width=\"41\" style=\"border-bottom-color:windowtext;border-width:1pt 1pt 1pt medium;border-style:solid solid solid none;padding:0cm 1.4pt;width:30.4pt;height:47pt;border-top-color:windowtext;border-right-color:windowtext;\">\r\n					<p align=\"center\" style=\"margin-top:0px;margin-bottom:0px;padding:0px;text-align:center;\">\r\n						<span style=\"font-family:宋体;\">品目号</span>\r\n					</p>\r\n				</td>\r\n				<td width=\"71\" style=\"border-bottom-color:windowtext;border-width:1pt 1pt 1pt medium;border-style:solid solid solid none;padding:0cm 1.4pt;width:53.4pt;height:47pt;border-top-color:windowtext;border-right-color:windowtext;\">\r\n					<p align=\"center\" style=\"margin-top:0px;margin-bottom:0px;padding:0px;text-align:center;\">\r\n						<span style=\"font-family:宋体;\">品目名称</span>\r\n					</p>\r\n				</td>\r\n				<td width=\"135\" style=\"border-bottom-color:windowtext;border-width:1pt 1pt 1pt medium;border-style:solid solid solid none;padding:0cm 1.4pt;width:100.9pt;height:47pt;border-top-color:windowtext;border-right-color:windowtext;\">\r\n					<p align=\"center\" style=\"margin-top:0px;margin-bottom:0px;padding:0px;text-align:center;\">\r\n						<span style=\"font-family:宋体;\">型号和规格</span>\r\n					</p>\r\n				</td>\r\n				<td width=\"95\" style=\"border-bottom-color:windowtext;border-width:1pt 1pt 1pt medium;border-style:solid solid solid none;padding:0cm 1.4pt;width:70.9pt;height:47pt;border-top-color:windowtext;border-right-color:windowtext;\">\r\n					<p align=\"center\" style=\"margin-top:0px;margin-bottom:0px;padding:0px;text-align:center;\">\r\n						<span style=\"font-family:宋体;\">数量（米）</span>\r\n					</p>\r\n				</td>\r\n				<td width=\"97\" style=\"border-bottom-color:windowtext;border-width:1pt 1pt 1pt medium;border-style:solid solid solid none;padding:0cm 1.4pt;width:73.1pt;height:47pt;border-top-color:windowtext;border-right-color:windowtext;\">\r\n					<p align=\"center\" style=\"margin-top:0px;margin-bottom:0px;padding:0px;text-align:center;\">\r\n						<span style=\"font-family:宋体;\">中标价</span>\r\n					</p>\r\n				</td>\r\n				<td width=\"70\" style=\"border-bottom-color:windowtext;border-width:1pt 1pt 1pt medium;border-style:solid solid solid none;padding:0cm 1.4pt;width:52.65pt;height:47pt;border-top-color:windowtext;border-right-color:windowtext;\">\r\n					<p align=\"center\" style=\"margin-top:0px;margin-bottom:0px;padding:0px;text-align:center;\">\r\n						<span style=\"font-family:宋体;\">中标人</span>\r\n					</p>\r\n				</td>\r\n				<td width=\"74\" style=\"border-bottom-color:windowtext;border-width:1pt 1pt 1pt medium;border-style:solid solid solid none;padding:0cm 1.4pt;width:55.15pt;height:47pt;border-top-color:windowtext;border-right-color:windowtext;\">\r\n					<p align=\"center\" style=\"margin-top:0px;margin-bottom:0px;padding:0px;text-align:center;\">\r\n						<span style=\"font-family:宋体;\">地址</span>\r\n					</p>\r\n				</td>\r\n			</tr>\r\n			<tr style=\"height:38.7pt;\">\r\n				<td rowspan=\"5\" width=\"38\" style=\"border-bottom-color:windowtext;border-width:medium 1pt 1pt;border-style:none solid solid;border-left-color:windowtext;padding:0cm 1.4pt;width:28.45pt;height:38.7pt;border-right-color:windowtext;\">\r\n					<p align=\"center\" style=\"margin-top:0px;margin-bottom:0px;padding:0px;text-align:center;\">\r\n						<span lang=\"EN-US\" style=\"font-family:宋体;\">1</span>\r\n					</p>\r\n				</td>\r\n				<td width=\"41\" style=\"border-bottom-color:windowtext;border-width:medium 1pt 1pt medium;border-style:none solid solid none;padding:0cm 1.4pt;width:30.4pt;height:38.7pt;border-right-color:windowtext;\">\r\n					<p align=\"center\" style=\"margin-top:0px;margin-bottom:0px;padding:0px;text-align:center;\">\r\n						<span lang=\"EN-US\" style=\"font-family:宋体;\">1</span>\r\n					</p>\r\n				</td>\r\n				<td width=\"71\" style=\"border-bottom-color:windowtext;border-width:medium 1pt 1pt medium;border-style:none solid solid none;padding:0cm 1.4pt;width:53.4pt;height:38.7pt;border-right-color:windowtext;\">\r\n					<p align=\"center\" style=\"margin-top:0px;margin-bottom:0px;padding:0px;text-align:center;\">\r\n						<span style=\"font-family:宋体;\">电力电缆</span>\r\n					</p>\r\n				</td>\r\n				<td width=\"135\" style=\"border-bottom-color:windowtext;border-width:medium 1pt 1pt medium;border-style:none solid solid none;padding:0cm 1.4pt;width:100.9pt;height:38.7pt;border-right-color:windowtext;\">\r\n					<p class=\"MsoNormal\" align=\"center\" style=\"margin-top:0px;margin-bottom:0px;padding:0px;text-align:center;\">\r\n						<span lang=\"EN-US\" style=\"line-height:24px;font-family:宋体;font-size:12pt;\">YJV22/10KV3*95</span>\r\n					</p>\r\n				</td>\r\n				<td width=\"95\" style=\"border-bottom-color:windowtext;border-width:medium 1pt 1pt medium;border-style:none solid solid none;padding:0cm 1.4pt;width:70.9pt;height:38.7pt;border-right-color:windowtext;\">\r\n					<p class=\"MsoNormal\" align=\"center\" style=\"margin-top:0px;margin-bottom:0px;padding:0px;text-align:center;\">\r\n						<span lang=\"EN-US\" style=\"line-height:24px;font-family:宋体;font-size:12pt;\">500</span>\r\n					</p>\r\n				</td>\r\n				<td rowspan=\"5\" width=\"97\" style=\"border-bottom-color:windowtext;border-width:medium 1pt 1pt medium;border-style:none solid solid none;padding:0cm 1.4pt;width:73.1pt;height:38.7pt;border-right-color:windowtext;\">\r\n					<p class=\"MsoNormal\" align=\"center\" style=\"margin-top:0px;margin-bottom:0px;padding:0px;text-align:center;\">\r\n						<span style=\"line-height:24px;font-family:宋体;font-size:12pt;\">￥<span lang=\"EN-US\">1613255</span></span>\r\n					</p>\r\n				</td>\r\n				<td rowspan=\"5\" width=\"70\" style=\"border-bottom-color:windowtext;border-width:medium 1pt 1pt medium;border-style:none solid solid none;padding:0cm 1.4pt;width:52.65pt;height:38.7pt;border-right-color:windowtext;\">\r\n					<p class=\"MsoNormal\" align=\"center\" style=\"margin-top:0px;margin-bottom:0px;padding:0px;text-align:center;\">\r\n						<span style=\"line-height:24px;font-family:宋体;font-size:12pt;\">福建南平太阳电缆股份有限公司</span>\r\n					</p>\r\n				</td>\r\n				<td rowspan=\"5\" width=\"74\" style=\"border-bottom-color:windowtext;border-width:medium 1pt 1pt medium;border-style:none solid solid none;padding:0cm 1.4pt;width:55.15pt;height:38.7pt;border-right-color:windowtext;\">\r\n					<p class=\"MsoNormal\" align=\"center\" style=\"margin-top:0px;margin-bottom:0px;padding:0px;text-align:center;\">\r\n						<span style=\"line-height:24px;font-family:宋体;font-size:12pt;\">福建省南平市工业路<span lang=\"EN-US\">102</span>号</span>\r\n					</p>\r\n				</td>\r\n			</tr>\r\n			<tr style=\"height:39.2pt;\">\r\n				<td width=\"41\" style=\"border-bottom-color:windowtext;border-width:medium 1pt 1pt medium;border-style:none solid solid none;padding:0cm 5.4pt;width:30.4pt;height:39.2pt;border-right-color:windowtext;\">\r\n					<p align=\"center\" style=\"margin-top:0px;margin-bottom:0px;padding:0px;text-align:center;\">\r\n						<span lang=\"EN-US\" style=\"font-family:宋体;\">2</span>\r\n					</p>\r\n				</td>\r\n				<td width=\"71\" style=\"border-bottom-color:windowtext;border-width:medium 1pt 1pt medium;border-style:none solid solid none;padding:0cm 5.4pt;width:53.4pt;height:39.2pt;border-right-color:windowtext;\">\r\n					<p align=\"center\" style=\"margin-top:0px;margin-bottom:0px;padding:0px;text-align:center;\">\r\n						<span style=\"font-family:宋体;\">电力电缆</span>\r\n					</p>\r\n				</td>\r\n				<td width=\"135\" style=\"border-bottom-color:windowtext;border-width:medium 1pt 1pt medium;border-style:none solid solid none;padding:0cm 5.4pt;width:100.9pt;height:39.2pt;border-right-color:windowtext;\">\r\n					<p class=\"MsoNormal\" align=\"center\" style=\"margin-top:0px;margin-bottom:0px;padding:0px;text-align:center;\">\r\n						<span lang=\"EN-US\" style=\"line-height:24px;font-family:宋体;font-size:12pt;\">VV22/1KV4*240</span>\r\n					</p>\r\n				</td>\r\n				<td width=\"95\" style=\"border-bottom-color:windowtext;border-width:medium 1pt 1pt medium;border-style:none solid solid none;padding:0cm 5.4pt;width:70.9pt;height:39.2pt;border-right-color:windowtext;\">\r\n					<p class=\"MsoNormal\" align=\"center\" style=\"margin-top:0px;margin-bottom:0px;padding:0px;text-align:center;\">\r\n						<span lang=\"EN-US\" style=\"line-height:24px;font-family:宋体;font-size:12pt;\">600</span>\r\n					</p>\r\n				</td>\r\n			</tr>\r\n			<tr style=\"height:38.35pt;\">\r\n				<td width=\"41\" style=\"border-bottom-color:windowtext;border-width:medium 1pt 1pt medium;border-style:none solid solid none;padding:0cm 5.4pt;width:30.4pt;height:38.35pt;border-right-color:windowtext;\">\r\n					<p align=\"center\" style=\"margin-top:0px;margin-bottom:0px;padding:0px;text-align:center;\">\r\n						<span lang=\"EN-US\" style=\"font-family:宋体;\">3</span>\r\n					</p>\r\n				</td>\r\n				<td width=\"71\" style=\"border-bottom-color:windowtext;border-width:medium 1pt 1pt medium;border-style:none solid solid none;padding:0cm 5.4pt;width:53.4pt;height:38.35pt;border-right-color:windowtext;\">\r\n					<p align=\"center\" style=\"margin-top:0px;margin-bottom:0px;padding:0px;text-align:center;\">\r\n						<span style=\"font-family:宋体;\">电力电缆</span>\r\n					</p>\r\n				</td>\r\n				<td width=\"135\" style=\"border-bottom-color:windowtext;border-width:medium 1pt 1pt medium;border-style:none solid solid none;padding:0cm 5.4pt;width:100.9pt;height:38.35pt;border-right-color:windowtext;\">\r\n					<p class=\"MsoNormal\" align=\"center\" style=\"margin-top:0px;margin-bottom:0px;padding:0px;text-align:center;\">\r\n						<span lang=\"EN-US\" style=\"line-height:24px;font-family:宋体;font-size:12pt;\">VV22/1KV4*185</span>\r\n					</p>\r\n				</td>\r\n				<td width=\"95\" style=\"border-bottom-color:windowtext;border-width:medium 1pt 1pt medium;border-style:none solid solid none;padding:0cm 5.4pt;width:70.9pt;height:38.35pt;border-right-color:windowtext;\">\r\n					<p class=\"MsoNormal\" align=\"center\" style=\"margin-top:0px;margin-bottom:0px;padding:0px;text-align:center;\">\r\n						<span lang=\"EN-US\" style=\"line-height:24px;font-family:宋体;font-size:12pt;\">1300</span>\r\n					</p>\r\n				</td>\r\n			</tr>\r\n			<tr style=\"height:38.1pt;\">\r\n				<td width=\"41\" style=\"border-bottom-color:windowtext;border-width:medium 1pt 1pt medium;border-style:none solid solid none;padding:0cm 5.4pt;width:30.4pt;height:38.1pt;border-right-color:windowtext;\">\r\n					<p align=\"center\" style=\"margin-top:0px;margin-bottom:0px;padding:0px;text-align:center;\">\r\n						<span lang=\"EN-US\" style=\"font-family:宋体;\">4</span>\r\n					</p>\r\n				</td>\r\n				<td width=\"71\" style=\"border-bottom-color:windowtext;border-width:medium 1pt 1pt medium;border-style:none solid solid none;padding:0cm 5.4pt;width:53.4pt;height:38.1pt;border-right-color:windowtext;\">\r\n					<p align=\"center\" style=\"margin-top:0px;margin-bottom:0px;padding:0px;text-align:center;\">\r\n						<span style=\"font-family:宋体;\">电力电缆</span>\r\n					</p>\r\n				</td>\r\n				<td width=\"135\" style=\"border-bottom-color:windowtext;border-width:medium 1pt 1pt medium;border-style:none solid solid none;padding:0cm 5.4pt;width:100.9pt;height:38.1pt;border-right-color:windowtext;\">\r\n					<p class=\"MsoNormal\" align=\"center\" style=\"margin-top:0px;margin-bottom:0px;padding:0px;text-align:center;\">\r\n						<span lang=\"EN-US\" style=\"line-height:24px;font-family:宋体;font-size:12pt;\">VV/1KV4*95+1*50</span>\r\n					</p>\r\n				</td>\r\n				<td width=\"95\" style=\"border-bottom-color:windowtext;border-width:medium 1pt 1pt medium;border-style:none solid solid none;padding:0cm 5.4pt;width:70.9pt;height:38.1pt;border-right-color:windowtext;\">\r\n					<p class=\"MsoNormal\" align=\"center\" style=\"margin-top:0px;margin-bottom:0px;padding:0px;text-align:center;\">\r\n						<span lang=\"EN-US\" style=\"line-height:24px;font-family:宋体;font-size:12pt;\">900</span>\r\n					</p>\r\n				</td>\r\n			</tr>\r\n			<tr style=\"height:38.6pt;\">\r\n				<td width=\"41\" style=\"border-bottom-color:windowtext;border-width:medium 1pt 1pt medium;border-style:none solid solid none;padding:0cm 5.4pt;width:30.4pt;height:38.6pt;border-right-color:windowtext;\">\r\n					<p align=\"center\" style=\"margin-top:0px;margin-bottom:0px;padding:0px;text-align:center;\">\r\n						<span lang=\"EN-US\" style=\"font-family:宋体;\">5</span>\r\n					</p>\r\n				</td>\r\n				<td width=\"71\" style=\"border-bottom-color:windowtext;border-width:medium 1pt 1pt medium;border-style:none solid solid none;padding:0cm 5.4pt;width:53.4pt;height:38.6pt;border-right-color:windowtext;\">\r\n					<p align=\"center\" style=\"margin-top:0px;margin-bottom:0px;padding:0px;text-align:center;\">\r\n						<span style=\"font-family:宋体;\">电力电缆</span>\r\n					</p>\r\n				</td>\r\n				<td width=\"135\" style=\"border-bottom-color:windowtext;border-width:medium 1pt 1pt medium;border-style:none solid solid none;padding:0cm 5.4pt;width:100.9pt;height:38.6pt;border-right-color:windowtext;\">\r\n					<p class=\"MsoNormal\" align=\"center\" style=\"margin-top:0px;margin-bottom:0px;padding:0px;text-align:center;\">\r\n						<span lang=\"EN-US\" style=\"line-height:24px;font-family:宋体;font-size:12pt;\">VVR/1KV3*4.0</span>\r\n					</p>\r\n				</td>\r\n				<td width=\"95\" style=\"border-bottom-color:windowtext;border-width:medium 1pt 1pt medium;border-style:none solid solid none;padding:0cm 5.4pt;width:70.9pt;height:38.6pt;border-right-color:windowtext;\">\r\n					<p class=\"MsoNormal\" align=\"center\" style=\"margin-top:0px;margin-bottom:0px;padding:0px;text-align:center;\">\r\n						<span lang=\"EN-US\" style=\"line-height:24px;font-family:宋体;font-size:12pt;\">63000</span>\r\n					</p>\r\n				</td>\r\n			</tr>\r\n			<tr style=\"height:38.6pt;\">\r\n				<td width=\"620\" colspan=\"8\" style=\"border-bottom-color:windowtext;border-width:medium 1pt 1pt;border-style:none solid solid;border-left-color:windowtext;padding:0cm 5.4pt;width:464.95pt;height:38.6pt;border-right-color:windowtext;\">\r\n					<p style=\"margin-top:0px;margin-bottom:0px;padding:0px;\">\r\n						<span style=\"font-family:宋体;\">注：新缆集团有限公司未提供有效的检察机关行贿犯罪档案查询结果告知函，资格性检查不合格，未进入下一步评议及评分；福建奇东电线电缆有限公司未提供行政主管部门颁发的合格有效的所投电缆的生产许可证证书，资格性检查不合格，未进入下一步评议及评分。新缆集团有限公司与福建奇东电线电缆有限公司未实质性响应招标文件要求，按投标无效处理。</span>\r\n					</p>\r\n				</td>\r\n			</tr>\r\n			<tr style=\"height:38.6pt;\">\r\n				<td width=\"620\" colspan=\"8\" style=\"border-bottom-color:windowtext;border-width:medium 1pt 1pt;border-style:none solid solid;border-left-color:windowtext;padding:0cm 5.4pt;width:464.95pt;height:38.6pt;border-right-color:windowtext;\">\r\n					<p style=\"margin-top:0px;margin-bottom:0px;padding:0px;\">\r\n						<span style=\"font-family:宋体;\">交货时间：合同签订后<span lang=\"EN-US\">15</span>天内根据采购人要求分批供货。</span>\r\n					</p>\r\n					<p style=\"margin-top:0px;margin-bottom:0px;padding:0px;\">\r\n						<span style=\"font-family:宋体;\">交货地点：福州大学至诚学院指定地点。</span>\r\n					</p>\r\n					<p style=\"margin-top:0px;margin-bottom:0px;padding:0px;\">\r\n						<span style=\"font-family:宋体;\">付款方式：单批货物经验收合格无质量问题后，在<span lang=\"EN-US\">1</span>个月内付<span lang=\"EN-US\">50%</span>单批合同款，余款<span lang=\"EN-US\">3</span>个月内付清。</span>\r\n					</p>\r\n				</td>\r\n			</tr>\r\n		</tbody>\r\n	</table>\r\n</div>\r\n<p class=\"MsoNormal\" style=\"margin-top:0px;margin-bottom:0px;padding:0px;color:#333333;font-family:\'Lucida Grande\', Verdana, Lucida, Arial, Helvetica, \'Times New Roman\', 宋体, sans-serif;white-space:normal;background-color:#FFFFFF;\">\r\n	<span lang=\"EN-US\" style=\"line-height:24px;font-family:宋体;font-size:12pt;\">9</span><span style=\"line-height:24px;font-family:宋体;font-size:12pt;\">、评标委员会名单：任成红、刘林烟、丁卓群、彭建东、叶榕<span lang=\"EN-US\"><o:p></o:p></span></span>\r\n</p>\r\n<p class=\"MsoNormal\" style=\"margin-top:0px;margin-bottom:0px;padding:0px;color:#333333;font-family:\'Lucida Grande\', Verdana, Lucida, Arial, Helvetica, \'Times New Roman\', 宋体, sans-serif;white-space:normal;background-color:#FFFFFF;\">\r\n	<span lang=\"EN-US\" style=\"line-height:24px;font-family:宋体;font-size:12pt;\">&nbsp;<o:p></o:p></span>\r\n</p>\r\n<p class=\"MsoNormal\" style=\"margin-top:0px;margin-bottom:0px;padding:0px;color:#333333;font-family:\'Lucida Grande\', Verdana, Lucida, Arial, Helvetica, \'Times New Roman\', 宋体, sans-serif;white-space:normal;background-color:#FFFFFF;\">\r\n	<span style=\"line-height:24px;font-family:宋体;font-size:12pt;\">官方链接：<span lang=\"EN-US\"><a href=\"http://fyzb.com/Default.aspx?ShowType=1&amp;ProductID=601\" style=\"color:#333333;text-decoration:none;\"><span style=\"color:windowtext;\">http://fyzb.com/Default.aspx?ShowType=1&amp;ProductID=601</span></a><o:p></o:p></span></span>\r\n</p>\r\n<p class=\"MsoNormal\" style=\"margin-top:0px;margin-bottom:0px;padding:0px;color:#333333;font-family:\'Lucida Grande\', Verdana, Lucida, Arial, Helvetica, \'Times New Roman\', 宋体, sans-serif;white-space:normal;background-color:#FFFFFF;\">\r\n	<span lang=\"EN-US\" style=\"line-height:24px;font-family:宋体;font-size:12pt;\"><a href=\"http://www.ccgp.gov.cn/cggg/dfgg/zbgg/201503/t20150330_5141352.htm\" style=\"color:#333333;text-decoration:none;\"><span style=\"color:windowtext;\">http://www.ccgp.gov.cn/cggg/dfgg/zbgg/201503/t20150330_5141352.htm</span></a></span>\r\n</p>', '1', '2015-04-01 21:20:05');
INSERT INTO `t_notice` VALUES ('31', '关于做好福建省教育科学“十二五”规划2015年度课题申报立项工作的通知', '<p class=\"MsoNormal\" style=\"margin-top:0px;margin-bottom:0px;padding:0px;color:#333333;font-family:\'Lucida Grande\', Verdana, Lucida, Arial, Helvetica, \'Times New Roman\', 宋体, sans-serif;white-space:normal;background-color:#FFFFFF;\">\r\n	<b><span style=\"line-height:24px;font-family:宋体;font-size:12pt;\">各系、各部门：<span lang=\"EN-US\"><o:p></o:p></span></span></b>\r\n</p>\r\n<p class=\"MsoNormal\" style=\"margin-top:0px;margin-bottom:0px;padding:0px;color:#333333;font-family:\'Lucida Grande\', Verdana, Lucida, Arial, Helvetica, \'Times New Roman\', 宋体, sans-serif;white-space:normal;text-indent:24pt;background-color:#FFFFFF;\">\r\n	<span style=\"line-height:24px;font-family:宋体;font-size:12pt;\">根据福建省教育科学规划课题管理的有关规定，决定开展福建省教育科学“十二五”规划<span lang=\"EN-US\">2015</span>年度课题申报立项工作。此次申报面向全省各级各类学校及教科研机构教师。现将有关事宜通知如下：<span lang=\"EN-US\"><o:p></o:p></span></span>\r\n</p>\r\n<p class=\"MsoNormal\" style=\"margin-top:0px;margin-bottom:0px;padding:0px;color:#333333;font-family:\'Lucida Grande\', Verdana, Lucida, Arial, Helvetica, \'Times New Roman\', 宋体, sans-serif;white-space:normal;text-indent:24pt;background-color:#FFFFFF;\">\r\n	<span style=\"line-height:24px;font-family:宋体;font-size:12pt;\">一、课题类别<span lang=\"EN-US\"><o:p></o:p></span></span>\r\n</p>\r\n<p class=\"MsoNormal\" style=\"margin-top:0px;margin-bottom:0px;padding:0px;color:#333333;font-family:\'Lucida Grande\', Verdana, Lucida, Arial, Helvetica, \'Times New Roman\', 宋体, sans-serif;white-space:normal;text-indent:24pt;background-color:#FFFFFF;\">\r\n	<span style=\"line-height:24px;font-family:宋体;font-size:12pt;\">本年度课题分为重点课题和一般课题。重点课题给予一定的科研经费资助。一般课题经费自筹。建议有条件的单位提供配套经费。<span lang=\"EN-US\"><o:p></o:p></span></span>\r\n</p>\r\n<p class=\"MsoNormal\" style=\"margin-top:0px;margin-bottom:0px;padding:0px;color:#333333;font-family:\'Lucida Grande\', Verdana, Lucida, Arial, Helvetica, \'Times New Roman\', 宋体, sans-serif;white-space:normal;text-indent:24pt;background-color:#FFFFFF;\">\r\n	<span style=\"line-height:24px;font-family:宋体;font-size:12pt;\">课题选择请参照《福建省教育科学“十二五”规划<span lang=\"EN-US\">2015</span>年度课题指南》（简称《课题指南》）所提出的研究领域，结合具体的工作岗位、专业、院校和区域特点选择研究题目，鼓励申报反映国家、福建教育教学发展趋势的前瞻性、创新性课题。<span lang=\"EN-US\">&nbsp;&nbsp;<o:p></o:p></span></span>\r\n</p>\r\n<p class=\"MsoNormal\" style=\"margin-top:0px;margin-bottom:0px;padding:0px;color:#333333;font-family:\'Lucida Grande\', Verdana, Lucida, Arial, Helvetica, \'Times New Roman\', 宋体, sans-serif;white-space:normal;text-indent:24pt;background-color:#FFFFFF;\">\r\n	<span style=\"line-height:24px;font-family:宋体;font-size:12pt;\">二、申报要求<span lang=\"EN-US\"><o:p></o:p></span></span>\r\n</p>\r\n<p class=\"MsoNormal\" style=\"margin-top:0px;margin-bottom:0px;padding:0px;color:#333333;font-family:\'Lucida Grande\', Verdana, Lucida, Arial, Helvetica, \'Times New Roman\', 宋体, sans-serif;white-space:normal;text-indent:24pt;background-color:#FFFFFF;\">\r\n	<span lang=\"EN-US\" style=\"line-height:24px;font-family:宋体;font-size:12pt;\">1</span><span style=\"line-height:24px;font-family:宋体;font-size:12pt;\">．本年度立项课题研究时间为两年，研究周期从立项通知下发之日起算。<span lang=\"EN-US\"><o:p></o:p></span></span>\r\n</p>\r\n<p class=\"MsoNormal\" style=\"margin-top:0px;margin-bottom:0px;padding:0px;color:#333333;font-family:\'Lucida Grande\', Verdana, Lucida, Arial, Helvetica, \'Times New Roman\', 宋体, sans-serif;white-space:normal;text-indent:24pt;background-color:#FFFFFF;\">\r\n	<span lang=\"EN-US\" style=\"line-height:24px;font-family:宋体;font-size:12pt;\">2</span><span style=\"line-height:24px;font-family:宋体;font-size:12pt;\">．每个课题只能填报一个主持人，每个申报者只能申报<span lang=\"EN-US\">1</span>个课题，课题组成员不能同时参加<span lang=\"EN-US\">2</span>个以上省教育科学规划办课题；课题组成员的填报须征得本人同意，并承担相应的研究任务。填报人数不超过<span lang=\"EN-US\">14</span>人。鼓励跨单位跨学科组建课题组。<span lang=\"EN-US\"><o:p></o:p></span></span>\r\n</p>\r\n<p class=\"MsoNormal\" style=\"margin-top:0px;margin-bottom:0px;padding:0px;color:#333333;font-family:\'Lucida Grande\', Verdana, Lucida, Arial, Helvetica, \'Times New Roman\', 宋体, sans-serif;white-space:normal;text-indent:24pt;background-color:#FFFFFF;\">\r\n	<span style=\"line-height:24px;font-family:宋体;font-size:12pt;\">承担省教育科学规划立项课题未结题者不得申报；已经获得省级课题立项者，不得以同一内容和题目申报。<span lang=\"EN-US\"><o:p></o:p></span></span>\r\n</p>\r\n<p class=\"MsoNormal\" style=\"margin-top:0px;margin-bottom:0px;padding:0px;color:#333333;font-family:\'Lucida Grande\', Verdana, Lucida, Arial, Helvetica, \'Times New Roman\', 宋体, sans-serif;white-space:normal;text-indent:24pt;background-color:#FFFFFF;\">\r\n	<span lang=\"EN-US\" style=\"line-height:24px;font-family:宋体;font-size:12pt;\">3</span><span style=\"line-height:24px;font-family:宋体;font-size:12pt;\">．申报者须具有高级（相当于副高级或副高级以上）专业技术职务，仅具有中级专业技术职务的须请两名具有高级专业技术职务的人员推荐。<span lang=\"EN-US\"><o:p></o:p></span></span>\r\n</p>\r\n<p class=\"MsoNormal\" style=\"margin-top:0px;margin-bottom:0px;padding:0px;color:#333333;font-family:\'Lucida Grande\', Verdana, Lucida, Arial, Helvetica, \'Times New Roman\', 宋体, sans-serif;white-space:normal;text-indent:24pt;background-color:#FFFFFF;\">\r\n	<span lang=\"EN-US\" style=\"line-height:24px;font-family:宋体;font-size:12pt;\">4</span><span style=\"line-height:24px;font-family:宋体;font-size:12pt;\">．课题研究执行过程中，原则上不得中途更换课题主持人或改变课题名称、成果形式等主要内容。<span lang=\"EN-US\"><o:p></o:p></span></span>\r\n</p>\r\n<p class=\"MsoNormal\" style=\"margin-top:0px;margin-bottom:0px;padding:0px;color:#333333;font-family:\'Lucida Grande\', Verdana, Lucida, Arial, Helvetica, \'Times New Roman\', 宋体, sans-serif;white-space:normal;text-indent:24pt;background-color:#FFFFFF;\">\r\n	<span lang=\"EN-US\" style=\"line-height:24px;font-family:宋体;font-size:12pt;\">5</span><span style=\"line-height:24px;font-family:宋体;font-size:12pt;\">．申报者应如实填写申报材料，保证没有知识产权争议。凡在申请中弄虚作假者，一经发现并查实后，取消个人三年申报资格；如已获准立项一律按撤销立项处理。<span lang=\"EN-US\"><o:p></o:p></span></span>\r\n</p>\r\n<p class=\"MsoNormal\" style=\"margin-top:0px;margin-bottom:0px;padding:0px;color:#333333;font-family:\'Lucida Grande\', Verdana, Lucida, Arial, Helvetica, \'Times New Roman\', 宋体, sans-serif;white-space:normal;text-indent:24pt;background-color:#FFFFFF;\">\r\n	<span lang=\"EN-US\" style=\"line-height:24px;font-family:宋体;font-size:12pt;\">6</span><span style=\"line-height:24px;font-family:宋体;font-size:12pt;\">．课题主持人均须为代表作（著作、论文）的第一作者或独立作者。课题组核心成员须有公开发表的成果，无关成果不得列入课题研究成果。<span lang=\"EN-US\"><o:p></o:p></span></span>\r\n</p>\r\n<p class=\"MsoNormal\" style=\"margin-top:0px;margin-bottom:0px;padding:0px;color:#333333;font-family:\'Lucida Grande\', Verdana, Lucida, Arial, Helvetica, \'Times New Roman\', 宋体, sans-serif;white-space:normal;text-indent:24pt;background-color:#FFFFFF;\">\r\n	<span lang=\"EN-US\" style=\"line-height:24px;font-family:宋体;font-size:12pt;\">7.&nbsp;</span><span style=\"line-height:24px;font-family:宋体;font-size:12pt;\">课题的阶段性成果和最终成果，不论是公开出版或内部选用均需标明：福建省教育科学“十二五”规划<span lang=\"EN-US\">2015</span>年度立项课题字样以及课题名称和立项批准号。没有注明或注明多家课题发布机构的成果不得列入课题研究成果。<span lang=\"EN-US\"><o:p></o:p></span></span>\r\n</p>\r\n<p class=\"MsoNormal\" style=\"margin-top:0px;margin-bottom:0px;padding:0px;color:#333333;font-family:\'Lucida Grande\', Verdana, Lucida, Arial, Helvetica, \'Times New Roman\', 宋体, sans-serif;white-space:normal;text-indent:24pt;background-color:#FFFFFF;\">\r\n	<span lang=\"EN-US\" style=\"line-height:24px;font-family:宋体;font-size:12pt;\">8</span><span style=\"line-height:24px;font-family:宋体;font-size:12pt;\">．不收取申报评审费。<span lang=\"EN-US\"><o:p></o:p></span></span>\r\n</p>\r\n<p class=\"MsoNormal\" style=\"margin-top:0px;margin-bottom:0px;padding:0px;color:#333333;font-family:\'Lucida Grande\', Verdana, Lucida, Arial, Helvetica, \'Times New Roman\', 宋体, sans-serif;white-space:normal;text-indent:24pt;background-color:#FFFFFF;\">\r\n	<span style=\"line-height:24px;font-family:宋体;font-size:12pt;\">三、申报程序与时间<span lang=\"EN-US\"><o:p></o:p></span></span>\r\n</p>\r\n<p class=\"MsoNormal\" style=\"margin-top:0px;margin-bottom:0px;padding:0px;color:#333333;font-family:\'Lucida Grande\', Verdana, Lucida, Arial, Helvetica, \'Times New Roman\', 宋体, sans-serif;white-space:normal;text-indent:24pt;background-color:#FFFFFF;\">\r\n	<span lang=\"EN-US\" style=\"line-height:24px;font-family:宋体;font-size:12pt;\">1</span><span style=\"line-height:24px;font-family:宋体;font-size:12pt;\">．本年度课题实行网上申报，课题申报者登陆福建省教育科学规划课题申报系统<span lang=\"EN-US\"><a href=\"http://fjjyghb.eicp.net:8888/\" style=\"color:#333333;text-decoration:none;\">http://fjjyghb.eicp.net:8888/</a></span>填报课题信息，提交前请确认所填报电子信息的准确性和规范性，并确保与报送纸质申请评审书内容一致；将确认申报后生成的课题编号填入《福建省教育科学“十二五”规划<span lang=\"EN-US\">2015</span>年度课题立项申请评审书》（简称《申请评审书》）封面相应位置。请牢记课题编号，以便修改和查询使用。《设计论证活页》全文中不得出现申报者姓名与单位，若出现则取消评审资格。<span lang=\"EN-US\"><o:p></o:p></span></span>\r\n</p>\r\n<p class=\"MsoNormal\" style=\"margin-top:0px;margin-bottom:0px;padding:0px;color:#333333;font-family:\'Lucida Grande\', Verdana, Lucida, Arial, Helvetica, \'Times New Roman\', 宋体, sans-serif;white-space:normal;text-indent:24pt;background-color:#FFFFFF;\">\r\n	<span lang=\"EN-US\" style=\"line-height:24px;font-family:宋体;font-size:12pt;\">2</span><span style=\"line-height:24px;font-family:宋体;font-size:12pt;\">．课题申报实行二级管理制度。高等教育类课题申报纸质材料经所在学校科研管理部门初审后报送至福建省教育科学规划领导小组办公室。<span lang=\"EN-US\"><o:p></o:p></span></span>\r\n</p>\r\n<p class=\"MsoNormal\" style=\"margin-top:0px;margin-bottom:0px;padding:0px;color:#333333;font-family:\'Lucida Grande\', Verdana, Lucida, Arial, Helvetica, \'Times New Roman\', 宋体, sans-serif;white-space:normal;text-indent:24pt;background-color:#FFFFFF;\">\r\n	<span lang=\"EN-US\" style=\"line-height:24px;font-family:宋体;font-size:12pt;\">3</span><span style=\"line-height:24px;font-family:宋体;font-size:12pt;\">．报送材料包括：①《申请评审书》（纸质）一式<span lang=\"EN-US\">3</span>份及电子文档；②《设计论证活页》电子文档（请填好后再复制进申报系统中相应位置并提交，无需上传，务必在<span lang=\"EN-US\">30</span>分钟内填毕并保存）。以上材料电子文档均以<span lang=\"EN-US\">word2003</span>版本保存并发送至：<span lang=\"EN-US\"><a href=\"mailto:kycs@fzu.edu.cn\" style=\"color:#333333;text-decoration:none;\">xings@sina.com</a></span>，文档文件名为网上申报生成的课题编号<span lang=\"EN-US\">+</span>申报者姓名。<span lang=\"EN-US\"><o:p></o:p></span></span>\r\n</p>\r\n<p class=\"MsoNormal\" style=\"margin-top:0px;margin-bottom:0px;padding:0px;color:#333333;font-family:\'Lucida Grande\', Verdana, Lucida, Arial, Helvetica, \'Times New Roman\', 宋体, sans-serif;white-space:normal;text-indent:24pt;background-color:#FFFFFF;\">\r\n	<span lang=\"EN-US\" style=\"line-height:24px;font-family:宋体;font-size:12pt;\">4.</span><span style=\"line-height:24px;font-family:宋体;font-size:12pt;\">学院申报截止时间为<st1:chsdate w:st=\"on\" isrocdate=\"False\" islunardate=\"False\" day=\"30\" month=\"4\" year=\"2015\"><span lang=\"EN-US\">2015</span>年<span lang=\"EN-US\">4</span>月<span lang=\"EN-US\">30</span>日</st1:chsdate>，逾期不予受理。<span lang=\"EN-US\"><o:p></o:p></span></span>\r\n</p>\r\n<p class=\"MsoNormal\" style=\"margin-top:0px;margin-bottom:0px;padding:0px;color:#333333;font-family:\'Lucida Grande\', Verdana, Lucida, Arial, Helvetica, \'Times New Roman\', 宋体, sans-serif;white-space:normal;text-indent:24pt;background-color:#FFFFFF;\">\r\n	<span lang=\"EN-US\" style=\"line-height:24px;font-family:宋体;font-size:12pt;\">&nbsp;</span>\r\n</p>\r\n<p class=\"MsoNormal\" style=\"margin-top:0px;margin-bottom:0px;padding:0px;color:#333333;font-family:\'Lucida Grande\', Verdana, Lucida, Arial, Helvetica, \'Times New Roman\', 宋体, sans-serif;white-space:normal;text-indent:24pt;background-color:#FFFFFF;\">\r\n	<span style=\"line-height:24px;font-family:宋体;font-size:12pt;\">联系人：潘馨<span lang=\"EN-US\">&nbsp;&nbsp;&nbsp;&nbsp;&nbsp;&nbsp;</span>联系电话：<span lang=\"EN-US\">0591-83775659</span>。<span lang=\"EN-US\"><o:p></o:p></span></span>\r\n</p>\r\n<p class=\"MsoNormal\" style=\"margin-top:0px;margin-bottom:0px;padding:0px;color:#333333;font-family:\'Lucida Grande\', Verdana, Lucida, Arial, Helvetica, \'Times New Roman\', 宋体, sans-serif;white-space:normal;text-indent:24pt;background-color:#FFFFFF;\">\r\n	<span lang=\"EN-US\" style=\"line-height:24px;font-family:宋体;font-size:12pt;\">&nbsp;</span>\r\n</p>\r\n<p class=\"MsoNormal\" style=\"margin-top:0px;margin-bottom:0px;padding:0px;color:#333333;font-family:\'Lucida Grande\', Verdana, Lucida, Arial, Helvetica, \'Times New Roman\', 宋体, sans-serif;white-space:normal;text-indent:24pt;background-color:#FFFFFF;\">\r\n	<span style=\"line-height:24px;font-family:宋体;font-size:12pt;\">附件：<img border=\"0\" src=\"http://www.fdzcxy.com/admin/editor/sysimage/file/rar.gif\" /><a href=\"http://www.fdzcxy.com/admin/editor/UploadFile/201532510033390.rar\" target=\"_blank\" style=\"color:#333333;text-decoration:none;\">2015年度教育规划课题申报材料下载.rar</a><span lang=\"EN-US\"><o:p></o:p></span></span>\r\n</p>\r\n<p class=\"MsoNormal\" style=\"margin-top:0px;margin-bottom:0px;padding:0px;color:#333333;font-family:\'Lucida Grande\', Verdana, Lucida, Arial, Helvetica, \'Times New Roman\', 宋体, sans-serif;white-space:normal;text-indent:24pt;background-color:#FFFFFF;\">\r\n	<span lang=\"EN-US\" style=\"line-height:24px;font-family:宋体;font-size:12pt;\">&nbsp;</span>\r\n</p>\r\n<p class=\"MsoNormal\" align=\"right\" style=\"margin-top:0px;margin-bottom:0px;padding:0px;color:#333333;font-family:\'Lucida Grande\', Verdana, Lucida, Arial, Helvetica, \'Times New Roman\', 宋体, sans-serif;white-space:normal;text-align:right;text-indent:24pt;background-color:#FFFFFF;\">\r\n	<span style=\"line-height:24px;font-family:宋体;font-size:12pt;\">福州大学至诚学院科研办<span lang=\"EN-US\"><o:p></o:p></span></span>\r\n</p>\r\n<p class=\"MsoNormal\" align=\"right\" style=\"margin-top:0px;margin-bottom:0px;padding:0px;color:#333333;font-family:\'Lucida Grande\', Verdana, Lucida, Arial, Helvetica, \'Times New Roman\', 宋体, sans-serif;white-space:normal;text-align:right;text-indent:24pt;background-color:#FFFFFF;\">\r\n	<st1:chsdate w:st=\"on\" isrocdate=\"False\" islunardate=\"False\" day=\"25\" month=\"3\" year=\"2015\"><span lang=\"EN-US\" style=\"line-height:24px;font-family:宋体;font-size:12pt;\">2015</span><span style=\"line-height:24px;font-family:宋体;font-size:12pt;\">年<span lang=\"EN-US\">3</span>月<span lang=\"EN-US\">25</span>日</span></st1:chsdate>\r\n</p>', '1', '2015-04-01 21:20:31');
INSERT INTO `t_notice` VALUES ('32', '关于我院低压开关柜等设备、电力变压器采购公开招标公告', '<p class=\"MsoNormal\" align=\"left\" style=\"margin-top:0px;margin-bottom:0px;margin-left:18pt;padding:0px;color:#333333;font-family:\'Lucida Grande\', Verdana, Lucida, Arial, Helvetica, \'Times New Roman\', 宋体, sans-serif;white-space:normal;text-indent:-18pt;background-color:#FFFFFF;\">\r\n	<span lang=\"EN-US\" style=\"font-size:12pt;font-family:宋体;line-height:24px;\">1</span><span style=\"font-size:12pt;font-family:宋体;line-height:24px;\">、采购单位：福州大学至诚学院</span><span lang=\"EN-US\" style=\"font-size:12pt;font-family:宋体;line-height:24px;\"><o:p></o:p></span>\r\n</p>\r\n<p class=\"MsoNormal\" align=\"left\" style=\"margin-top:0px;margin-bottom:0px;margin-left:18pt;padding:0px;color:#333333;font-family:\'Lucida Grande\', Verdana, Lucida, Arial, Helvetica, \'Times New Roman\', 宋体, sans-serif;white-space:normal;background-color:#FFFFFF;\">\r\n	<span style=\"font-size:12pt;font-family:宋体;line-height:24px;\">联系人：林老师</span><span lang=\"EN-US\" style=\"font-size:12pt;font-family:宋体;line-height:24px;\"><o:p></o:p></span>\r\n</p>\r\n<p class=\"MsoNormal\" align=\"left\" style=\"margin-top:0px;margin-bottom:0px;padding:0px;color:#333333;font-family:\'Lucida Grande\', Verdana, Lucida, Arial, Helvetica, \'Times New Roman\', 宋体, sans-serif;white-space:normal;text-indent:18pt;background-color:#FFFFFF;\">\r\n	<span style=\"font-size:12pt;font-family:宋体;line-height:24px;\">联系电话：<span lang=\"EN-US\">0591-83779501</span></span><span lang=\"EN-US\" style=\"font-size:12pt;font-family:宋体;line-height:24px;\"><o:p></o:p></span>\r\n</p>\r\n<p class=\"MsoNormal\" align=\"left\" style=\"margin-top:0px;margin-bottom:0px;padding:0px;color:#333333;font-family:\'Lucida Grande\', Verdana, Lucida, Arial, Helvetica, \'Times New Roman\', 宋体, sans-serif;white-space:normal;background-color:#FFFFFF;\">\r\n	<span lang=\"EN-US\" style=\"font-size:12pt;font-family:宋体;line-height:24px;\">2</span><span style=\"font-size:12pt;font-family:宋体;line-height:24px;\">、招标文书编号：<span lang=\"EN-US\">FYZB-S2-2015001-1</span></span><span lang=\"EN-US\" style=\"font-size:12pt;font-family:宋体;line-height:24px;\"><o:p></o:p></span>\r\n</p>\r\n<p class=\"MsoNormal\" align=\"left\" style=\"margin-top:0px;margin-bottom:0px;padding:0px;color:#333333;font-family:\'Lucida Grande\', Verdana, Lucida, Arial, Helvetica, \'Times New Roman\', 宋体, sans-serif;white-space:normal;background-color:#FFFFFF;\">\r\n	<span lang=\"EN-US\" style=\"font-size:12pt;font-family:宋体;line-height:24px;\">3</span><span style=\"font-size:12pt;font-family:宋体;line-height:24px;\">、项目名称、数量及预算：</span><span lang=\"EN-US\" style=\"font-size:12pt;font-family:宋体;line-height:24px;\"><o:p></o:p></span>\r\n</p>\r\n<table class=\"MsoNormalTable ke-zeroborder\" cellspacing=\"0\" cellpadding=\"0\" border=\"0\" style=\"color:#333333;font-family:\'Lucida Grande\', Verdana, Lucida, Arial, Helvetica, \'Times New Roman\', 宋体, sans-serif;font-size:12px;line-height:15.6000003814697px;margin-left:23.4pt;background-color:#FFFFFF;\">\r\n	<tbody>\r\n		<tr style=\"height:43.45pt;page-break-inside:avoid;\">\r\n			<td width=\"47\" style=\"border:1pt solid windowtext;height:43.45pt;width:35.05pt;padding:0cm 5.4pt;\">\r\n				<p align=\"center\" style=\"margin-top:0px;margin-right:-5.35pt;margin-bottom:0px;padding:0px;text-align:center;\">\r\n					<span style=\"font-family:宋体;\">合同包</span><span lang=\"EN-US\" style=\"font-family:宋体;\"><o:p></o:p></span>\r\n				</p>\r\n			</td>\r\n			<td width=\"60\" style=\"border-top-color:windowtext;border-width:1pt 1pt 1pt medium;border-style:solid solid solid none;height:43.45pt;border-right-color:windowtext;width:44.75pt;border-bottom-color:windowtext;padding:0cm 5.4pt;\">\r\n				<p align=\"center\" style=\"margin-top:0px;margin-bottom:0px;padding:0px;text-align:center;\">\r\n					<span style=\"font-family:宋体;\">品目号</span><span lang=\"EN-US\" style=\"font-family:宋体;\"><o:p></o:p></span>\r\n				</p>\r\n			</td>\r\n			<td width=\"82\" style=\"border-top-color:windowtext;border-width:1pt 1pt 1pt medium;border-style:solid solid solid none;height:43.45pt;border-right-color:windowtext;width:61.85pt;border-bottom-color:windowtext;padding:0cm 5.4pt;\">\r\n				<p align=\"center\" style=\"margin-top:0px;margin-bottom:0px;padding:0px;text-align:center;\">\r\n					<span style=\"font-family:宋体;\">项目名称</span><span lang=\"EN-US\" style=\"font-family:宋体;\"><o:p></o:p></span>\r\n				</p>\r\n			</td>\r\n			<td width=\"41\" style=\"border-top-color:windowtext;border-width:1pt 1pt 1pt medium;border-style:solid solid solid none;height:43.45pt;border-right-color:windowtext;width:30.4pt;border-bottom-color:windowtext;padding:0cm 5.4pt;\">\r\n				<p align=\"center\" style=\"margin-top:0px;margin-bottom:0px;padding:0px;text-align:center;\">\r\n					<span style=\"font-family:宋体;\">数量</span><span lang=\"EN-US\" style=\"font-family:宋体;\"><o:p></o:p></span>\r\n				</p>\r\n			</td>\r\n			<td width=\"57\" style=\"border-top-color:windowtext;border-width:1pt 1pt 1pt medium;border-style:solid solid solid none;height:43.45pt;border-right-color:windowtext;width:42.6pt;border-bottom-color:windowtext;padding:0cm 5.4pt;\">\r\n				<p align=\"center\" style=\"margin:0cm -1.35pt 0pt -4.95pt;padding:0px;text-align:center;\">\r\n					<span style=\"font-family:宋体;\">是否进口论证</span><span lang=\"EN-US\" style=\"font-family:宋体;\"><o:p></o:p></span>\r\n				</p>\r\n			</td>\r\n			<td width=\"70\" style=\"border-top-color:windowtext;border-width:1pt 1pt 1pt medium;border-style:solid solid solid none;height:43.45pt;border-right-color:windowtext;width:52.45pt;border-bottom-color:windowtext;padding:0cm 5.4pt;\">\r\n				<p align=\"center\" style=\"margin:0cm -8.9pt 0pt -4.95pt;padding:0px;text-align:center;\">\r\n					<span style=\"font-family:宋体;\">主要技</span><span lang=\"EN-US\" style=\"font-family:宋体;\"><o:p></o:p></span>\r\n				</p>\r\n				<p align=\"center\" style=\"margin:0cm -8.9pt 0pt 0.7pt;padding:0px;text-align:center;text-indent:-5.65pt;\">\r\n					<span style=\"font-family:宋体;\">术规格</span><span lang=\"EN-US\" style=\"font-family:宋体;\"><o:p></o:p></span>\r\n				</p>\r\n			</td>\r\n			<td width=\"82\" style=\"border-top-color:windowtext;border-width:1pt 1pt 1pt medium;border-style:solid solid solid none;height:43.45pt;border-right-color:windowtext;width:61.2pt;border-bottom-color:windowtext;padding:0cm 5.4pt;\">\r\n				<p align=\"center\" style=\"margin-top:0px;margin-bottom:0px;padding:0px;text-align:center;\">\r\n					<span style=\"font-family:宋体;\">交货地点</span><span lang=\"EN-US\" style=\"font-family:宋体;\"><o:p></o:p></span>\r\n				</p>\r\n			</td>\r\n			<td width=\"99\" style=\"border-top-color:windowtext;border-width:1pt 1pt 1pt medium;border-style:solid solid solid none;height:43.45pt;border-right-color:windowtext;width:74.2pt;border-bottom-color:windowtext;padding:0cm 5.4pt;\">\r\n				<p align=\"center\" style=\"margin-top:0px;margin-bottom:0px;padding:0px;text-align:center;\">\r\n					<span style=\"font-family:宋体;\">项目预算价</span><span lang=\"EN-US\" style=\"font-family:宋体;\"><o:p></o:p></span>\r\n				</p>\r\n			</td>\r\n		</tr>\r\n		<tr style=\"height:53.7pt;page-break-inside:avoid;\">\r\n			<td rowspan=\"2\" width=\"47\" style=\"border-width:medium 1pt 1pt;border-style:none solid solid;height:53.7pt;border-right-color:windowtext;width:35.05pt;border-bottom-color:windowtext;padding:0cm 5.4pt;border-left-color:windowtext;\">\r\n				<p align=\"center\" style=\"margin-top:0px;margin-right:-5.35pt;margin-bottom:0px;padding:0px;text-align:center;\">\r\n					<span style=\"font-family:宋体;\">包<span lang=\"EN-US\">1</span></span><span lang=\"EN-US\" style=\"font-family:宋体;\"><o:p></o:p></span>\r\n				</p>\r\n			</td>\r\n			<td width=\"60\" style=\"border-width:medium 1pt 1pt medium;border-style:none solid solid none;height:53.7pt;border-right-color:windowtext;width:44.75pt;border-bottom-color:windowtext;padding:0cm 5.4pt;\">\r\n				<p align=\"center\" style=\"margin-top:0px;margin-bottom:0px;padding:0px;text-align:center;\">\r\n					<span lang=\"EN-US\" style=\"font-family:宋体;\">1</span><span lang=\"EN-US\" style=\"font-family:宋体;\"><o:p></o:p></span>\r\n				</p>\r\n			</td>\r\n			<td width=\"82\" style=\"border-width:medium 1pt 1pt medium;border-style:none solid solid none;height:53.7pt;border-right-color:windowtext;width:61.85pt;border-bottom-color:windowtext;padding:0cm 5.4pt;\">\r\n				<p align=\"center\" style=\"margin-top:0px;margin-bottom:0px;padding:0px;text-align:center;\">\r\n					<span style=\"font-family:宋体;\">低压开关柜等设备</span><span lang=\"EN-US\" style=\"font-family:宋体;\"><o:p></o:p></span>\r\n				</p>\r\n			</td>\r\n			<td width=\"41\" style=\"border-width:medium 1pt 1pt medium;border-style:none solid solid none;height:53.7pt;border-right-color:windowtext;width:30.4pt;border-bottom-color:windowtext;padding:0cm 5.4pt;\">\r\n				<p align=\"center\" style=\"margin-top:0px;margin-bottom:0px;padding:0px;text-align:center;\">\r\n					<span lang=\"EN-US\" style=\"font-family:宋体;\">1</span><span style=\"font-family:宋体;\">批</span><span lang=\"EN-US\" style=\"font-family:宋体;\"><o:p></o:p></span>\r\n				</p>\r\n			</td>\r\n			<td width=\"57\" style=\"border-width:medium 1pt 1pt medium;border-style:none solid solid none;height:53.7pt;border-right-color:windowtext;width:42.6pt;border-bottom-color:windowtext;padding:0cm 5.4pt;\">\r\n				<p align=\"center\" style=\"margin-top:0px;margin-bottom:0px;padding:0px;text-align:center;\">\r\n					<span style=\"font-family:宋体;\">否</span><span lang=\"EN-US\" style=\"font-family:宋体;\"><o:p></o:p></span>\r\n				</p>\r\n			</td>\r\n			<td width=\"70\" style=\"border-width:medium 1pt 1pt medium;border-style:none solid solid none;height:53.7pt;border-right-color:windowtext;width:52.45pt;border-bottom-color:windowtext;padding:0cm 5.4pt;\">\r\n				<p align=\"center\" style=\"margin-top:0px;margin-bottom:0px;padding:0px;text-align:center;\">\r\n					<span style=\"font-family:宋体;\">详见招标文件第三章</span><span lang=\"EN-US\" style=\"font-family:宋体;\"><o:p></o:p></span>\r\n				</p>\r\n			</td>\r\n			<td width=\"82\" style=\"border-width:medium 1pt 1pt medium;border-style:none solid solid none;height:53.7pt;border-right-color:windowtext;width:61.2pt;border-bottom-color:windowtext;padding:0cm 5.4pt;\">\r\n				<p align=\"center\" style=\"margin-top:0px;margin-bottom:0px;padding:0px;text-align:center;\">\r\n					<span style=\"font-family:宋体;\">福州大学至诚学院指定地点</span><span lang=\"EN-US\" style=\"font-family:宋体;\"><o:p></o:p></span>\r\n				</p>\r\n			</td>\r\n			<td rowspan=\"2\" width=\"99\" style=\"border-width:medium 1pt 1pt medium;border-style:none solid solid none;height:53.7pt;border-right-color:windowtext;width:74.2pt;border-bottom-color:windowtext;padding:0cm 5.4pt;\">\r\n				<p align=\"center\" style=\"margin-top:0px;margin-bottom:0px;padding:0px;text-align:center;\">\r\n					<span style=\"font-family:宋体;\">人民币叁拾柒万元整<span lang=\"EN-US\">(</span>￥<span lang=\"EN-US\">370000)</span></span><span lang=\"EN-US\" style=\"font-family:宋体;\"><o:p></o:p></span>\r\n				</p>\r\n			</td>\r\n		</tr>\r\n		<tr style=\"height:53.7pt;page-break-inside:avoid;\">\r\n			<td width=\"60\" style=\"border-width:medium 1pt 1pt medium;border-style:none solid solid none;height:53.7pt;border-right-color:windowtext;width:44.75pt;border-bottom-color:windowtext;padding:0cm 5.4pt;\">\r\n				<p align=\"center\" style=\"margin-top:0px;margin-bottom:0px;padding:0px;text-align:center;\">\r\n					<span lang=\"EN-US\" style=\"font-family:宋体;\">2</span><span lang=\"EN-US\" style=\"font-family:宋体;\"><o:p></o:p></span>\r\n				</p>\r\n			</td>\r\n			<td width=\"82\" style=\"border-width:medium 1pt 1pt medium;border-style:none solid solid none;height:53.7pt;border-right-color:windowtext;width:61.85pt;border-bottom-color:windowtext;padding:0cm 5.4pt;\">\r\n				<p align=\"center\" style=\"margin-top:0px;margin-bottom:0px;padding:0px;text-align:center;\">\r\n					<span style=\"font-family:宋体;\">电力变压器</span><span lang=\"EN-US\" style=\"font-family:宋体;\"><o:p></o:p></span>\r\n				</p>\r\n			</td>\r\n			<td width=\"41\" style=\"border-width:medium 1pt 1pt medium;border-style:none solid solid none;height:53.7pt;border-right-color:windowtext;width:30.4pt;border-bottom-color:windowtext;padding:0cm 5.4pt;\">\r\n				<p align=\"center\" style=\"margin-top:0px;margin-bottom:0px;padding:0px;text-align:center;\">\r\n					<span lang=\"EN-US\" style=\"font-family:宋体;\">1</span><span style=\"font-family:宋体;\">台</span><span lang=\"EN-US\" style=\"font-family:宋体;\"><o:p></o:p></span>\r\n				</p>\r\n			</td>\r\n			<td width=\"57\" style=\"border-width:medium 1pt 1pt medium;border-style:none solid solid none;height:53.7pt;border-right-color:windowtext;width:42.6pt;border-bottom-color:windowtext;padding:0cm 5.4pt;\">\r\n				<p align=\"center\" style=\"margin-top:0px;margin-bottom:0px;padding:0px;text-align:center;\">\r\n					<span style=\"font-family:宋体;\">否</span><span lang=\"EN-US\" style=\"font-family:宋体;\"><o:p></o:p></span>\r\n				</p>\r\n			</td>\r\n			<td width=\"70\" style=\"border-width:medium 1pt 1pt medium;border-style:none solid solid none;height:53.7pt;border-right-color:windowtext;width:52.45pt;border-bottom-color:windowtext;padding:0cm 5.4pt;\">\r\n				<p align=\"center\" style=\"margin-top:0px;margin-bottom:0px;padding:0px;text-align:center;\">\r\n					<span style=\"font-family:宋体;\">详见招标文件第三章</span><span lang=\"EN-US\" style=\"font-family:宋体;\"><o:p></o:p></span>\r\n				</p>\r\n			</td>\r\n			<td width=\"82\" style=\"border-width:medium 1pt 1pt medium;border-style:none solid solid none;height:53.7pt;border-right-color:windowtext;width:61.2pt;border-bottom-color:windowtext;padding:0cm 5.4pt;\">\r\n				<p align=\"center\" style=\"margin-top:0px;margin-bottom:0px;padding:0px;text-align:center;\">\r\n					<span style=\"font-family:宋体;\">福州大学至诚学院指定地点</span><span lang=\"EN-US\" style=\"font-family:宋体;\"><o:p></o:p></span>\r\n				</p>\r\n			</td>\r\n		</tr>\r\n	</tbody>\r\n</table>\r\n<p class=\"MsoNormal\" align=\"left\" style=\"margin-top:0px;margin-bottom:0px;padding:0px;color:#333333;font-family:\'Lucida Grande\', Verdana, Lucida, Arial, Helvetica, \'Times New Roman\', 宋体, sans-serif;white-space:normal;background-color:#FFFFFF;\">\r\n	<span lang=\"EN-US\" style=\"font-size:12pt;font-family:宋体;line-height:24px;\">4</span><span style=\"font-size:12pt;font-family:宋体;line-height:24px;\">、技术规格要求：详见招标文件。</span><span lang=\"EN-US\" style=\"font-size:12pt;font-family:宋体;line-height:24px;\"><o:p></o:p></span>\r\n</p>\r\n<p class=\"MsoNormal\" align=\"left\" style=\"margin-top:0px;margin-bottom:0px;padding:0px;color:#333333;font-family:\'Lucida Grande\', Verdana, Lucida, Arial, Helvetica, \'Times New Roman\', 宋体, sans-serif;white-space:normal;background-color:#FFFFFF;\">\r\n	<span lang=\"EN-US\" style=\"font-size:12pt;font-family:宋体;line-height:24px;\">5</span><span style=\"font-size:12pt;font-family:宋体;line-height:24px;\">、投标人的资格要求：</span><span lang=\"EN-US\" style=\"font-size:12pt;font-family:宋体;line-height:24px;\"><o:p></o:p></span>\r\n</p>\r\n<p class=\"MsoNormal\" align=\"left\" style=\"margin-top:0px;margin-bottom:0px;padding:0px;color:#333333;font-family:\'Lucida Grande\', Verdana, Lucida, Arial, Helvetica, \'Times New Roman\', 宋体, sans-serif;white-space:normal;background-color:#FFFFFF;\">\r\n	<a name=\"合格投标人_bkvalue\"></a><span lang=\"EN-US\" style=\"font-size:12pt;font-family:宋体;line-height:24px;\">5.1&nbsp;</span><span style=\"font-size:12pt;font-family:宋体;line-height:24px;\">凡有能力提供本招标文件所述货物及服务、具有独立企业法人资格的境内供货商或制造商、具备政府采购法第二十二条规定条件的均可能成为合格的投标人。</span><span lang=\"EN-US\" style=\"font-size:12pt;font-family:宋体;line-height:24px;\"><o:p></o:p></span>\r\n</p>\r\n<p class=\"MsoNormal\" align=\"left\" style=\"margin-top:0px;margin-bottom:0px;padding:0px;color:#333333;font-family:\'Lucida Grande\', Verdana, Lucida, Arial, Helvetica, \'Times New Roman\', 宋体, sans-serif;white-space:normal;background-color:#FFFFFF;\">\r\n	<span lang=\"EN-US\" style=\"font-size:12pt;font-family:宋体;line-height:24px;\">5.2&nbsp;</span><span style=\"font-size:12pt;font-family:宋体;line-height:24px;\">投标人应遵守中国的有关法律、法规和规章的规定。</span><span lang=\"EN-US\" style=\"font-size:12pt;font-family:宋体;line-height:24px;\"><o:p></o:p></span>\r\n</p>\r\n<p class=\"MsoNormal\" align=\"left\" style=\"margin-top:0px;margin-bottom:0px;padding:0px;color:#333333;font-family:\'Lucida Grande\', Verdana, Lucida, Arial, Helvetica, \'Times New Roman\', 宋体, sans-serif;white-space:normal;background-color:#FFFFFF;\">\r\n	<span lang=\"EN-US\" style=\"font-size:12pt;font-family:宋体;line-height:24px;\">5.3&nbsp;</span><span style=\"font-size:12pt;font-family:宋体;line-height:24px;\">一个投标人只能提交一个投标文件。但如果投标人之间存在下列互为关联关系的情形之一的，不得同时参加本项目投标：</span><span lang=\"EN-US\" style=\"font-size:12pt;font-family:宋体;line-height:24px;\"><o:p></o:p></span>\r\n</p>\r\n<p class=\"MsoNormal\" align=\"left\" style=\"margin-top:0px;margin-bottom:0px;padding:0px;color:#333333;font-family:\'Lucida Grande\', Verdana, Lucida, Arial, Helvetica, \'Times New Roman\', 宋体, sans-serif;white-space:normal;background-color:#FFFFFF;\">\r\n	<span lang=\"EN-US\" style=\"font-size:12pt;font-family:宋体;line-height:24px;\">(1)&nbsp;</span><span style=\"font-size:12pt;font-family:宋体;line-height:24px;\">法定代表人为同一人的两个及两个以上法人；</span><span lang=\"EN-US\" style=\"font-size:12pt;font-family:宋体;line-height:24px;\"><o:p></o:p></span>\r\n</p>\r\n<p class=\"MsoNormal\" align=\"left\" style=\"margin-top:0px;margin-bottom:0px;padding:0px;color:#333333;font-family:\'Lucida Grande\', Verdana, Lucida, Arial, Helvetica, \'Times New Roman\', 宋体, sans-serif;white-space:normal;background-color:#FFFFFF;\">\r\n	<span lang=\"EN-US\" style=\"font-size:12pt;font-family:宋体;line-height:24px;\">(2)&nbsp;</span><span style=\"font-size:12pt;font-family:宋体;line-height:24px;\">母公司、直接或间接持股<span lang=\"EN-US\">50</span>％及以上的被投资公司<span lang=\"EN-US\">;</span></span><span lang=\"EN-US\" style=\"font-size:12pt;font-family:宋体;line-height:24px;\"><o:p></o:p></span>\r\n</p>\r\n<p class=\"MsoNormal\" align=\"left\" style=\"margin-top:0px;margin-bottom:0px;padding:0px;color:#333333;font-family:\'Lucida Grande\', Verdana, Lucida, Arial, Helvetica, \'Times New Roman\', 宋体, sans-serif;white-space:normal;background-color:#FFFFFF;\">\r\n	<span lang=\"EN-US\" style=\"font-size:12pt;font-family:宋体;line-height:24px;\">(3)&nbsp;</span><span style=\"font-size:12pt;font-family:宋体;line-height:24px;\">均为同一家母公司直接或间接持股<span lang=\"EN-US\">50</span>％及以上的被投资公司。</span><span lang=\"EN-US\" style=\"font-size:12pt;font-family:宋体;line-height:24px;\"><o:p></o:p></span>\r\n</p>\r\n<p class=\"MsoNormal\" align=\"left\" style=\"margin-top:0px;margin-bottom:0px;padding:0px;color:#333333;font-family:\'Lucida Grande\', Verdana, Lucida, Arial, Helvetica, \'Times New Roman\', 宋体, sans-serif;white-space:normal;background-color:#FFFFFF;\">\r\n	<span lang=\"EN-US\" style=\"font-size:12pt;font-family:宋体;line-height:24px;\">5.4</span><span style=\"font-size:12pt;font-family:宋体;line-height:24px;\">除单一来源采购项目外，为采购项目提供整体设计、规范编制或者项目管理、监理、检测等服务的投标人，不得再参加本采购项目的其他采购活动。</span><span lang=\"EN-US\" style=\"font-size:12pt;font-family:宋体;line-height:24px;\"><o:p></o:p></span>\r\n</p>\r\n<p class=\"MsoNormal\" align=\"left\" style=\"margin-top:0px;margin-bottom:0px;padding:0px;color:#333333;font-family:\'Lucida Grande\', Verdana, Lucida, Arial, Helvetica, \'Times New Roman\', 宋体, sans-serif;white-space:normal;background-color:#FFFFFF;\">\r\n	<span style=\"font-size:12pt;font-family:宋体;line-height:24px;\">投标人不得与本次招标项下设计、编制技术规格和其它文件的公司或提供咨询服务的公司（包括其附属机构）有任何关联。</span><span lang=\"EN-US\" style=\"font-size:12pt;font-family:宋体;line-height:24px;\"><o:p></o:p></span>\r\n</p>\r\n<p class=\"MsoNormal\" align=\"left\" style=\"margin-top:0px;margin-bottom:0px;padding:0px;color:#333333;font-family:\'Lucida Grande\', Verdana, Lucida, Arial, Helvetica, \'Times New Roman\', 宋体, sans-serif;white-space:normal;background-color:#FFFFFF;\">\r\n	<span lang=\"EN-US\" style=\"font-size:12pt;font-family:宋体;line-height:24px;\">5.5&nbsp;</span><span style=\"font-size:12pt;font-family:宋体;line-height:24px;\">本项目不接受联合体投标。</span><span lang=\"EN-US\" style=\"font-size:12pt;font-family:宋体;line-height:24px;\"><o:p></o:p></span>\r\n</p>\r\n<p class=\"MsoNormal\" align=\"left\" style=\"margin-top:0px;margin-bottom:0px;padding:0px;color:#333333;font-family:\'Lucida Grande\', Verdana, Lucida, Arial, Helvetica, \'Times New Roman\', 宋体, sans-serif;white-space:normal;background-color:#FFFFFF;\">\r\n	<span lang=\"EN-US\" style=\"font-size:12pt;font-family:宋体;line-height:24px;\">5.6&nbsp;</span><span style=\"font-size:12pt;font-family:宋体;line-height:24px;\">投标人代表在同一个项目中只能接受一个投标人的委托参加投标。</span><span lang=\"EN-US\" style=\"font-size:12pt;font-family:宋体;line-height:24px;\"><o:p></o:p></span>\r\n</p>\r\n<p class=\"MsoNormal\" align=\"left\" style=\"margin-top:0px;margin-bottom:0px;padding:0px;color:#333333;font-family:\'Lucida Grande\', Verdana, Lucida, Arial, Helvetica, \'Times New Roman\', 宋体, sans-serif;white-space:normal;background-color:#FFFFFF;\">\r\n	<span lang=\"EN-US\" style=\"font-size:12pt;font-family:宋体;line-height:24px;\">5.7&nbsp;</span><span style=\"font-size:12pt;font-family:宋体;line-height:24px;\">有效的检察机关行贿犯罪档案查询结果告知函复印件（如有注明复印无效的，则请将原件附在技术商务部分正本中，副本附复印件）。</span><span lang=\"EN-US\" style=\"font-size:12pt;font-family:宋体;line-height:24px;\"><o:p></o:p></span>\r\n</p>\r\n<p class=\"MsoNormal\" align=\"left\" style=\"margin-top:0px;margin-bottom:0px;margin-left:12pt;padding:0px;color:#333333;font-family:\'Lucida Grande\', Verdana, Lucida, Arial, Helvetica, \'Times New Roman\', 宋体, sans-serif;white-space:normal;text-indent:-12pt;background-color:#FFFFFF;\">\r\n	<span lang=\"EN-US\" style=\"font-size:12pt;font-family:宋体;line-height:24px;\">6</span><span style=\"font-size:12pt;font-family:宋体;line-height:24px;\">、购买招标文件时间：<span lang=\"EN-US\">2015</span>年<span lang=\"EN-US\">3</span>月<span lang=\"EN-US\">6</span>日起至<span lang=\"EN-US\">2015</span>年<span lang=\"EN-US\">3</span>月<span lang=\"EN-US\">23</span>日止（节假日及公休日除外），上午<span lang=\"EN-US\">08</span>：<span lang=\"EN-US\">30</span>—<span lang=\"EN-US\">12</span>：<span lang=\"EN-US\">00</span>，下午<span lang=\"EN-US\">14</span>：<span lang=\"EN-US\">00</span>—<span lang=\"EN-US\">17</span>：<span lang=\"EN-US\">00</span>（北京时间，以下同）；招标文件（文本或电子版）售价为<span lang=\"EN-US\">50</span>元人民币<span lang=\"EN-US\">/</span>份，售后不退，如需邮寄文件，另加<span lang=\"EN-US\">50</span>元人民币。</span><span lang=\"EN-US\" style=\"font-size:12pt;font-family:宋体;line-height:24px;\"><o:p></o:p></span>\r\n</p>\r\n<p class=\"MsoNormal\" align=\"left\" style=\"margin-top:0px;margin-bottom:0px;margin-left:18pt;padding:0px;color:#333333;font-family:\'Lucida Grande\', Verdana, Lucida, Arial, Helvetica, \'Times New Roman\', 宋体, sans-serif;white-space:normal;text-indent:-18pt;background-color:#FFFFFF;\">\r\n	<span lang=\"EN-US\" style=\"font-size:12pt;font-family:宋体;line-height:24px;\">7</span><span style=\"font-size:12pt;font-family:宋体;line-height:24px;\">、投标截标时间：<span lang=\"EN-US\">2015</span>年<span lang=\"EN-US\">3</span>月<span lang=\"EN-US\">27</span>日<span lang=\"EN-US\">09:30</span>时。<span lang=\"EN-US\"><br />\r\n</span>开标时间：<span lang=\"EN-US\">2015</span>年<span lang=\"EN-US\">3</span>月<span lang=\"EN-US\">27</span>日<span lang=\"EN-US\">09:30</span>时</span><span lang=\"EN-US\" style=\"font-size:12pt;font-family:宋体;line-height:24px;\"><o:p></o:p></span>\r\n</p>\r\n<p class=\"MsoNormal\" align=\"left\" style=\"margin-top:0px;margin-bottom:0px;margin-left:18pt;padding:0px;color:#333333;font-family:\'Lucida Grande\', Verdana, Lucida, Arial, Helvetica, \'Times New Roman\', 宋体, sans-serif;white-space:normal;text-indent:-18pt;background-color:#FFFFFF;\">\r\n	<span lang=\"EN-US\" style=\"font-size:12pt;font-family:宋体;line-height:24px;\">8</span><span style=\"font-size:12pt;font-family:宋体;line-height:24px;\">、开标地点：福建省福怡药械招标有限公司。</span><span lang=\"EN-US\" style=\"font-size:12pt;font-family:宋体;line-height:24px;\"><o:p></o:p></span>\r\n</p>\r\n<p class=\"MsoNormal\" align=\"left\" style=\"margin-top:0px;margin-bottom:0px;padding:0px;color:#333333;font-family:\'Lucida Grande\', Verdana, Lucida, Arial, Helvetica, \'Times New Roman\', 宋体, sans-serif;white-space:normal;background-color:#FFFFFF;\">\r\n	<span lang=\"EN-US\" style=\"font-size:12pt;font-family:宋体;line-height:24px;\">9</span><span style=\"font-size:12pt;font-family:宋体;line-height:24px;\">、购买招标文件地点：福州市交通路<span lang=\"EN-US\">88</span>号福建省福怡药械招标有限公司</span><span lang=\"EN-US\" style=\"font-size:12pt;font-family:宋体;line-height:24px;\"><o:p></o:p></span>\r\n</p>\r\n<p class=\"MsoNormal\" align=\"left\" style=\"margin-top:0px;margin-bottom:0px;padding:0px;color:#333333;font-family:\'Lucida Grande\', Verdana, Lucida, Arial, Helvetica, \'Times New Roman\', 宋体, sans-serif;white-space:normal;text-indent:18pt;background-color:#FFFFFF;\">\r\n	<span style=\"font-size:12pt;font-family:宋体;line-height:24px;\">联系人：林小姐<span lang=\"EN-US\">&nbsp;&nbsp;&nbsp;&nbsp;&nbsp;</span></span><span lang=\"EN-US\" style=\"font-size:12pt;font-family:宋体;line-height:24px;\"><o:p></o:p></span>\r\n</p>\r\n<p class=\"MsoNormal\" align=\"left\" style=\"margin-top:0px;margin-bottom:0px;margin-left:9.05pt;padding:0px;color:#333333;font-family:\'Lucida Grande\', Verdana, Lucida, Arial, Helvetica, \'Times New Roman\', 宋体, sans-serif;white-space:normal;text-indent:6pt;background-color:#FFFFFF;\">\r\n	<span style=\"font-size:12pt;font-family:宋体;line-height:24px;\">联系电话：<span lang=\"EN-US\">0591</span>—<span lang=\"EN-US\">83569185&nbsp;&nbsp;83569183&nbsp;&nbsp;83569369</span>（传真）<span lang=\"EN-US\">&nbsp;&nbsp;</span></span><span lang=\"EN-US\" style=\"font-size:12pt;font-family:宋体;line-height:24px;\"><o:p></o:p></span>\r\n</p>\r\n<p class=\"MsoNormal\" align=\"left\" style=\"margin-top:0px;margin-bottom:0px;margin-left:16.5pt;padding:0px;color:#333333;font-family:\'Lucida Grande\', Verdana, Lucida, Arial, Helvetica, \'Times New Roman\', 宋体, sans-serif;white-space:normal;background-color:#FFFFFF;\">\r\n	<span style=\"font-size:12pt;font-family:宋体;line-height:24px;\">招标公司网站：<span lang=\"EN-US\">http://www.fyzb.com&nbsp;<br />\r\nE-mail:fyzb2004@126.com</span></span><span lang=\"EN-US\" style=\"font-size:12pt;font-family:宋体;line-height:24px;\"><o:p></o:p></span>\r\n</p>\r\n<p class=\"MsoNormal\" align=\"left\" style=\"margin-top:0px;margin-bottom:0px;padding:0px;color:#333333;font-family:\'Lucida Grande\', Verdana, Lucida, Arial, Helvetica, \'Times New Roman\', 宋体, sans-serif;white-space:normal;text-indent:18pt;background-color:#FFFFFF;\">\r\n	<span style=\"font-size:12pt;font-family:宋体;line-height:24px;\">开户行：招商银行福州分行江滨支行</span><span lang=\"EN-US\" style=\"font-size:12pt;font-family:宋体;line-height:24px;\"><o:p></o:p></span>\r\n</p>\r\n<p class=\"MsoNormal\" align=\"left\" style=\"margin-top:0px;margin-bottom:0px;padding:0px;color:#333333;font-family:\'Lucida Grande\', Verdana, Lucida, Arial, Helvetica, \'Times New Roman\', 宋体, sans-serif;white-space:normal;text-indent:18pt;background-color:#FFFFFF;\">\r\n	<span style=\"font-size:12pt;font-family:宋体;line-height:24px;\">户名：福建省福怡药械招标有限公司</span><span lang=\"EN-US\" style=\"font-size:12pt;font-family:宋体;line-height:24px;\"><o:p></o:p></span>\r\n</p>\r\n<p class=\"MsoNormal\" align=\"left\" style=\"margin-top:0px;margin-bottom:0px;padding:0px;color:#333333;font-family:\'Lucida Grande\', Verdana, Lucida, Arial, Helvetica, \'Times New Roman\', 宋体, sans-serif;white-space:normal;text-indent:18pt;background-color:#FFFFFF;\">\r\n	<span style=\"font-size:12pt;font-family:宋体;line-height:24px;\">帐号：<span lang=\"EN-US\">673581399610001</span></span><span lang=\"EN-US\" style=\"font-size:12pt;font-family:宋体;line-height:24px;\"><o:p></o:p></span>\r\n</p>\r\n<p class=\"MsoNormal\" align=\"right\" style=\"margin-top:0px;margin-bottom:0px;padding:0px;color:#333333;font-family:\'Lucida Grande\', Verdana, Lucida, Arial, Helvetica, \'Times New Roman\', 宋体, sans-serif;white-space:normal;text-align:right;background-color:#FFFFFF;\">\r\n	<span lang=\"EN-US\" style=\"font-size:12pt;font-family:宋体;line-height:24px;\">&nbsp;</span>\r\n</p>\r\n<p class=\"MsoNormal\" align=\"right\" style=\"margin-top:0px;margin-bottom:0px;padding:0px;color:#333333;font-family:\'Lucida Grande\', Verdana, Lucida, Arial, Helvetica, \'Times New Roman\', 宋体, sans-serif;white-space:normal;text-align:right;background-color:#FFFFFF;\">\r\n	<span lang=\"EN-US\" style=\"font-size:12pt;font-family:宋体;line-height:24px;\">2015</span><span style=\"font-size:12pt;font-family:宋体;line-height:24px;\">年<span lang=\"EN-US\">3</span>月<span lang=\"EN-US\">6</span>日<span lang=\"EN-US\"><o:p></o:p></span></span>\r\n</p>\r\n<p class=\"MsoNormal\" align=\"right\" style=\"margin-top:0px;margin-bottom:0px;padding:0px;color:#333333;font-family:\'Lucida Grande\', Verdana, Lucida, Arial, Helvetica, \'Times New Roman\', 宋体, sans-serif;white-space:normal;text-align:right;background-color:#FFFFFF;\">\r\n	<span lang=\"EN-US\" style=\"font-size:12pt;font-family:宋体;line-height:24px;\">&nbsp;</span>\r\n</p>\r\n<p class=\"MsoNormal\" align=\"left\" style=\"margin-top:0px;margin-bottom:0px;padding:0px;color:#333333;font-family:\'Lucida Grande\', Verdana, Lucida, Arial, Helvetica, \'Times New Roman\', 宋体, sans-serif;white-space:normal;background-color:#FFFFFF;\">\r\n	<span style=\"font-size:12pt;font-family:宋体;line-height:24px;\">官方链接<span lang=\"EN-US\">:&nbsp;<a href=\"http://fyzb.com/Default.aspx?ShowType=1&amp;ProductID=577\" style=\"color:#333333;text-decoration:none;\"><span style=\"color:windowtext;\">http://fyzb.com/Default.aspx?ShowType=1&amp;ProductID=577</span></a><o:p></o:p></span></span>\r\n</p>\r\n<p class=\"MsoNormal\" align=\"left\" style=\"margin-top:0px;margin-bottom:0px;padding:0px;color:#333333;font-family:\'Lucida Grande\', Verdana, Lucida, Arial, Helvetica, \'Times New Roman\', 宋体, sans-serif;white-space:normal;background-color:#FFFFFF;\">\r\n	<span lang=\"EN-US\" style=\"font-size:12pt;font-family:宋体;line-height:24px;\">&nbsp;</span>\r\n</p>\r\n<p class=\"MsoNormal\" align=\"left\" style=\"margin-top:0px;margin-bottom:0px;padding:0px;color:#333333;font-family:\'Lucida Grande\', Verdana, Lucida, Arial, Helvetica, \'Times New Roman\', 宋体, sans-serif;white-space:normal;background-color:#FFFFFF;\">\r\n	<span lang=\"EN-US\" style=\"font-size:12pt;font-family:宋体;line-height:24px;\">&nbsp;&nbsp;&nbsp;&nbsp;&nbsp;&nbsp;&nbsp;&nbsp;&nbsp;<a href=\"http://www.ccgp.gov.cn/cggg/dfgg/gkzb/201503/t20150306_5050811.htm\" style=\"color:#333333;text-decoration:none;\"><span style=\"color:windowtext;\">http://www.ccgp.gov.cn/cggg/dfgg/gkzb/201503/t20150306_5050811.htm</span></a></span>\r\n</p>', '1', '2015-04-03 21:21:00');
INSERT INTO `t_notice` VALUES ('33', '关于我院电力电缆公开招标结果公示', '<pre style=\"color:#333333;text-indent:24pt;vertical-align:baseline;background-color:#FFFFFF;\"><span lang=\"EN-US\" style=\"color:black;\"> \r\n<pre style=\"text-indent:24pt;vertical-align:baseline;\"><span lang=\"EN-US\">\r\n<p class=\"MsoNormal\" style=\"margin-top:0px;margin-bottom:0px;padding:0px;\">\r\n	<span lang=\"EN-US\" style=\"line-height:24px;font-family:宋体;font-size:12pt;\">1</span><span style=\"line-height:24px;font-family:宋体;font-size:12pt;\">、 招标编号<span lang=\"EN-US\">: FYZB-S2-2015002<o:p></o:p></span></span>\r\n</p>\r\n\r\n<p class=\"MsoNormal\" style=\"margin-top:0px;margin-bottom:0px;padding:0px;\">\r\n	<span lang=\"EN-US\" style=\"line-height:24px;font-family:宋体;font-size:12pt;\">2</span><span style=\"line-height:24px;font-family:宋体;font-size:12pt;\">、 采购方式：公开招标<span lang=\"EN-US\"><o:p></o:p></span></span>\r\n</p>\r\n\r\n<p class=\"MsoNormal\" style=\"margin-top:0px;margin-bottom:0px;padding:0px;\">\r\n	<span lang=\"EN-US\" style=\"line-height:24px;font-family:宋体;font-size:12pt;\">3</span><span style=\"line-height:24px;font-family:宋体;font-size:12pt;\">、 采购单位名称：福州大学至诚学院<span lang=\"EN-US\"><o:p></o:p></span></span>\r\n</p>\r\n\r\n<p class=\"MsoNormal\" style=\"margin-top:0px;margin-bottom:0px;padding:0px;\">\r\n	<span lang=\"EN-US\" style=\"line-height:24px;font-family:宋体;font-size:12pt;\">&nbsp;&nbsp;&nbsp; </span><span style=\"line-height:24px;font-family:宋体;font-size:12pt;\">联系人：林老师<span lang=\"EN-US\"><o:p></o:p></span></span>\r\n</p>\r\n\r\n<p class=\"MsoNormal\" style=\"margin-top:0px;margin-bottom:0px;padding:0px;\">\r\n	<span lang=\"EN-US\" style=\"line-height:24px;font-family:宋体;font-size:12pt;\">&nbsp; &nbsp;</span><span style=\"line-height:24px;font-family:宋体;font-size:12pt;\">联系电话：<span lang=\"EN-US\">0591-83779501<o:p></o:p></span></span>\r\n</p>\r\n\r\n<p class=\"MsoNormal\" style=\"margin-top:0px;margin-bottom:0px;padding:0px;\">\r\n	<span lang=\"EN-US\" style=\"line-height:24px;font-family:宋体;font-size:12pt;\">4</span><span style=\"line-height:24px;font-family:宋体;font-size:12pt;\">、招标代理机构名称<span lang=\"EN-US\">: </span>福建省福怡药械招标有限公司<span lang=\"EN-US\"><o:p></o:p></span></span>\r\n</p>\r\n\r\n<p class=\"MsoNormal\" style=\"margin-top:0px;margin-bottom:0px;padding:0px;\">\r\n	<span style=\"line-height:24px;font-family:宋体;font-size:12pt;\">招标代理机构地址：福州市交通路<span lang=\"EN-US\">88</span>号<span lang=\"EN-US\"><o:p></o:p></span></span>\r\n</p>\r\n\r\n<p class=\"MsoNormal\" style=\"margin-top:0px;margin-bottom:0px;padding:0px;\">\r\n	<span lang=\"EN-US\" style=\"line-height:24px;font-family:宋体;font-size:12pt;\">5</span><span style=\"line-height:24px;font-family:宋体;font-size:12pt;\">、联系人：林小姐<span lang=\"EN-US\"> &nbsp;&nbsp;&nbsp;&nbsp;<o:p></o:p></span></span>\r\n</p>\r\n\r\n<p class=\"MsoNormal\" style=\"margin-top:0px;margin-bottom:0px;padding:0px;\">\r\n	<span style=\"line-height:24px;font-family:宋体;font-size:12pt;\">联系方式：（<span lang=\"EN-US\">0591</span>）<span lang=\"EN-US\">83569183</span>、<span lang=\"EN-US\">83569185</span>、<span lang=\"EN-US\">83569369</span>（传真）<span lang=\"EN-US\"><o:p></o:p></span></span>\r\n</p>\r\n\r\n<p class=\"MsoNormal\" style=\"margin-top:0px;margin-bottom:0px;padding:0px;\">\r\n	<span lang=\"EN-US\" style=\"line-height:24px;font-family:宋体;font-size:12pt;\">6</span><span style=\"line-height:24px;font-family:宋体;font-size:12pt;\">、招标公告日期：二<span lang=\"EN-US\">0</span>一五年二月六日<span lang=\"EN-US\"><o:p></o:p></span></span>\r\n</p>\r\n\r\n<p class=\"MsoNormal\" style=\"margin-top:0px;margin-bottom:0px;padding:0px;\">\r\n	<span lang=\"EN-US\" style=\"line-height:24px;font-family:宋体;font-size:12pt;\">7</span><span style=\"line-height:24px;font-family:宋体;font-size:12pt;\">、定标日期<span lang=\"EN-US\">: </span>二<span lang=\"EN-US\">0</span>一五年三月五日<span lang=\"EN-US\"><o:p></o:p></span></span>\r\n</p>\r\n\r\n<p class=\"MsoNormal\" style=\"margin-top:0px;margin-bottom:0px;padding:0px;\">\r\n	<span lang=\"EN-US\" style=\"line-height:24px;font-family:宋体;font-size:12pt;\">8</span><span style=\"line-height:24px;font-family:宋体;font-size:12pt;\">、废标情况<span lang=\"EN-US\">:</span>鉴于满足招标文件要求的供应商不足三家，本项目废标。<span lang=\"EN-US\"><o:p></o:p></span></span>\r\n</p>\r\n\r\n<p class=\"MsoNormal\" style=\"margin-top:0px;margin-bottom:0px;padding:0px;\">\r\n	<span lang=\"EN-US\" style=\"line-height:24px;font-family:宋体;font-size:12pt;\">9</span><span style=\"line-height:24px;font-family:宋体;font-size:12pt;\">、评标委员会名单：卢勇飞、刘永柱、吕凤明、柯芸笙、叶榕、<span lang=\"EN-US\"><o:p></o:p></span></span>\r\n</p>\r\n\r\n<p class=\"MsoNormal\" style=\"margin-top:0px;margin-bottom:0px;padding:0px;\">\r\n	<span lang=\"EN-US\" style=\"line-height:24px;font-family:宋体;font-size:12pt;\">&nbsp;<o:p></o:p></span>\r\n</p>\r\n\r\n<p class=\"MsoNormal\" align=\"right\" style=\"margin-top:0px;margin-bottom:0px;padding:0px;text-align:right;\">\r\n	<span lang=\"EN-US\" style=\"line-height:24px;font-family:宋体;font-size:12pt;\">&nbsp; <st1:chsdate w:st=\"on\" isrocdate=\"False\" islunardate=\"False\" day=\"5\" month=\"3\" year=\"2015\">2015<span lang=\"EN-US\"><span lang=\"EN-US\">年3</span></span><span lang=\"EN-US\"><span lang=\"EN-US\">月5</span></span><span lang=\"EN-US\"><span lang=\"EN-US\">日</span></span></st1:chsdate><o:p></o:p></span>\r\n</p>\r\n\r\n<p class=\"MsoNormal\" style=\"margin-top:0px;margin-bottom:0px;padding:0px;line-height:24pt;text-indent:28.5pt;\">\r\n	<b><span lang=\"EN-US\" style=\"font-family:仿宋_GB2312;font-size:14pt;\"><o:p>&nbsp;</o:p></span></b>\r\n</p>\r\n</span><span style=\"line-height:24px;font-family:宋体;font-size:12pt;background-image:initial;background-attachment:initial;background-size:initial;background-origin:initial;background-clip:initial;background-position:initial;background-repeat:initial;\">官方链接：<span lang=\"EN-US\"><a href=\"http://www.ccgp.gov.cn/cggg/dfgg/zbgg/201503/t20150305_5043241.htm\" style=\"color:#333333;text-decoration:none;\"><span style=\"color:windowtext;\">http://www.ccgp.gov.cn/cggg/dfgg/zbgg/201503/t20150305_5043241.htm</span></a><o:p></o:p></span></span></pre>\r\n<p class=\"MsoNormal\" align=\"left\" style=\"margin-top:0px;margin-bottom:0px;padding:0px;text-indent:24pt;\">\r\n	<span lang=\"EN-US\" style=\"line-height:24px;font-family:宋体;font-size:12pt;background-image:initial;background-attachment:initial;background-size:initial;background-origin:initial;background-clip:initial;background-position:initial;background-repeat:initial;\"><a href=\"http://fyzb.com/Default.aspx?ShowType=1&amp;ProductID=570\" style=\"color:#333333;text-decoration:none;\"><span style=\"color:windowtext;\">http://fyzb.com/Default.aspx?ShowType=1&amp;ProductID=570</span></a></span>\r\n</p>\r\n</span></pre>', '1', '2015-04-05 21:21:28');
INSERT INTO `t_notice` VALUES ('34', '关于游毅等同志任职的通知', '<p class=\"MsoNormal\" style=\"margin-top:0px;margin-bottom:0px;padding:0px;color:#333333;font-family:\'Lucida Grande\', Verdana, Lucida, Arial, Helvetica, \'Times New Roman\', 宋体, sans-serif;white-space:normal;line-height:28pt;background-color:#FFFFFF;\">\r\n	<span style=\"font-size:16pt;font-family:仿宋_GB2312;\">各系、各部门：</span><span lang=\"EN-US\" style=\"font-size:16pt;\"><o:p></o:p></span>\r\n</p>\r\n<p class=\"MsoNormal\" style=\"margin-top:0px;margin-bottom:0px;padding:0px;color:#333333;font-family:\'Lucida Grande\', Verdana, Lucida, Arial, Helvetica, \'Times New Roman\', 宋体, sans-serif;white-space:normal;line-height:28pt;text-indent:32.25pt;background-color:#FFFFFF;\">\r\n	<span style=\"font-size:16pt;font-family:仿宋_GB2312;\">因机构调整，经院务会研究决定：<span lang=\"EN-US\"><o:p></o:p></span></span>\r\n</p>\r\n<p class=\"MsoNormal\" style=\"margin-top:0px;margin-bottom:0px;padding:0px;color:#333333;font-family:\'Lucida Grande\', Verdana, Lucida, Arial, Helvetica, \'Times New Roman\', 宋体, sans-serif;white-space:normal;line-height:28pt;text-indent:32.25pt;background-color:#FFFFFF;\">\r\n	<span style=\"font-size:16pt;font-family:仿宋_GB2312;\">任命游<span lang=\"EN-US\">&nbsp;&nbsp;</span>毅同志为教务处处长；<span lang=\"EN-US\"><o:p></o:p></span></span>\r\n</p>\r\n<p class=\"MsoNormal\" style=\"margin-top:0px;margin-bottom:0px;padding:0px;color:#333333;font-family:\'Lucida Grande\', Verdana, Lucida, Arial, Helvetica, \'Times New Roman\', 宋体, sans-serif;white-space:normal;line-height:28pt;text-indent:32.25pt;background-color:#FFFFFF;\">\r\n	<span style=\"font-size:16pt;font-family:仿宋_GB2312;\">任命姚东生同志为教务处副处长；<span lang=\"EN-US\"><o:p></o:p></span></span>\r\n</p>\r\n<p class=\"MsoNormal\" style=\"margin-top:0px;margin-bottom:0px;padding:0px;color:#333333;font-family:\'Lucida Grande\', Verdana, Lucida, Arial, Helvetica, \'Times New Roman\', 宋体, sans-serif;white-space:normal;line-height:28pt;text-indent:32.25pt;background-color:#FFFFFF;\">\r\n	<span style=\"font-size:16pt;font-family:仿宋_GB2312;\">任命罗<span lang=\"EN-US\">&nbsp;&nbsp;</span>翔同志为教务处教务办公室主任；<span lang=\"EN-US\"><o:p></o:p></span></span>\r\n</p>\r\n<p class=\"MsoNormal\" style=\"margin-top:0px;margin-bottom:0px;padding:0px;color:#333333;font-family:\'Lucida Grande\', Verdana, Lucida, Arial, Helvetica, \'Times New Roman\', 宋体, sans-serif;white-space:normal;line-height:28pt;text-indent:32.25pt;background-color:#FFFFFF;\">\r\n	<span style=\"font-size:16pt;font-family:仿宋_GB2312;\">任命胡<span lang=\"EN-US\">&nbsp;&nbsp;</span>颖同志为教务处评建办公室主任。<span lang=\"EN-US\"><o:p></o:p></span></span>\r\n</p>\r\n<p class=\"MsoNormal\" style=\"margin-top:0px;margin-bottom:0px;padding:0px;color:#333333;font-family:\'Lucida Grande\', Verdana, Lucida, Arial, Helvetica, \'Times New Roman\', 宋体, sans-serif;white-space:normal;line-height:28pt;text-indent:32.25pt;background-color:#FFFFFF;\">\r\n	<span style=\"font-size:16pt;font-family:仿宋_GB2312;\">以上任命同志原任职务自然免除，自<st1:chsdate w:st=\"on\" isrocdate=\"False\" islunardate=\"False\" day=\"1\" month=\"3\" year=\"2015\"><span lang=\"EN-US\">2015</span>年<span lang=\"EN-US\">3</span>月<span lang=\"EN-US\">1</span>日起</st1:chsdate>执行。<span lang=\"EN-US\"><o:p></o:p></span></span>\r\n</p>\r\n<p class=\"MsoNormal\" style=\"margin-top:0px;margin-bottom:0px;padding:0px;color:#333333;font-family:\'Lucida Grande\', Verdana, Lucida, Arial, Helvetica, \'Times New Roman\', 宋体, sans-serif;line-height:15.6000003814697px;white-space:normal;background-color:#FFFFFF;\">\r\n	<span lang=\"EN-US\" style=\"font-size:16pt;\">&nbsp;</span>\r\n</p>\r\n<p class=\"MsoNormal\" align=\"right\" style=\"margin-top:0px;margin-bottom:0px;padding:0px;color:#333333;font-family:\'Lucida Grande\', Verdana, Lucida, Arial, Helvetica, \'Times New Roman\', 宋体, sans-serif;white-space:normal;line-height:28pt;text-indent:96pt;background-color:#FFFFFF;\">\r\n	<span lang=\"EN-US\" style=\"font-size:16pt;font-family:仿宋_GB2312;\">&nbsp;&nbsp;&nbsp;&nbsp;&nbsp;&nbsp;&nbsp;&nbsp;&nbsp;&nbsp;&nbsp;&nbsp;&nbsp;&nbsp;&nbsp;&nbsp;&nbsp;&nbsp;&nbsp;&nbsp;&nbsp;</span><span style=\"font-size:16pt;font-family:仿宋_GB2312;\">福州大学至诚学院<span lang=\"EN-US\"><o:p></o:p></span></span>\r\n</p>\r\n<p class=\"MsoNormal\" align=\"right\" style=\"margin-top:0px;margin-bottom:0px;padding:0px;color:#333333;font-family:\'Lucida Grande\', Verdana, Lucida, Arial, Helvetica, \'Times New Roman\', 宋体, sans-serif;white-space:normal;text-align:right;line-height:28pt;background-color:#FFFFFF;\">\r\n	<span lang=\"EN-US\" style=\"font-size:16pt;font-family:仿宋_GB2312;\">&nbsp;</span><span style=\"font-size:16pt;font-family:仿宋_GB2312;\">二Ｏ一五年三月一日</span>\r\n</p>', '1', '2015-04-07 21:21:49');
INSERT INTO `t_notice` VALUES ('35', '院领导接待日（2015年3月）安排表', '<p class=\"MsoNormal\" style=\"margin-top:0px;margin-bottom:0px;padding:0px;color:#333333;font-family:\'Lucida Grande\', Verdana, Lucida, Arial, Helvetica, \'Times New Roman\', 宋体, sans-serif;white-space:normal;background-color:#FFFFFF;\">\r\n	<span style=\"font-size:12pt;font-family:宋体;line-height:24px;\">各系、各部门：<span lang=\"EN-US\"><o:p></o:p></span></span>\r\n</p>\r\n<p class=\"MsoNormal\" style=\"margin-top:0px;margin-bottom:0px;padding:0px;color:#333333;font-family:\'Lucida Grande\', Verdana, Lucida, Arial, Helvetica, \'Times New Roman\', 宋体, sans-serif;white-space:normal;background-color:#FFFFFF;\">\r\n	<span lang=\"EN-US\" style=\"font-size:12pt;font-family:宋体;line-height:24px;\">&nbsp;&nbsp;&nbsp;&nbsp;</span><span style=\"font-size:12pt;font-family:宋体;line-height:24px;\">现将<span lang=\"EN-US\">2015</span>年<span lang=\"EN-US\">3</span>月份院领导接待日安排表公布如下：<span lang=\"EN-US\"><o:p></o:p></span></span>\r\n</p>\r\n<table class=\"MsoTableGrid\" cellspacing=\"0\" cellpadding=\"0\" width=\"603\" border=\"1\" style=\"color:#333333;font-family:\'Lucida Grande\', Verdana, Lucida, Arial, Helvetica, \'Times New Roman\', 宋体, sans-serif;font-size:12px;line-height:15.6000003814697px;border:medium none;width:451.95pt;background-color:#FFFFFF;\">\r\n	<tbody>\r\n		<tr>\r\n			<td valign=\"top\" width=\"189\" style=\"border:1pt solid windowtext;width:142pt;padding:0cm 5.4pt;\">\r\n				<p class=\"MsoNormal\" align=\"center\" style=\"margin-top:0px;margin-bottom:0px;padding:0px;text-align:center;\">\r\n					<span style=\"font-size:12pt;font-family:宋体;line-height:24px;\">时间<span lang=\"EN-US\"><o:p></o:p></span></span>\r\n				</p>\r\n			</td>\r\n			<td valign=\"top\" width=\"73\" style=\"border-top-color:windowtext;border-width:1pt 1pt 1pt medium;border-style:solid solid solid none;border-right-color:windowtext;width:54.8pt;border-bottom-color:windowtext;padding:0cm 5.4pt;\">\r\n				<p class=\"MsoNormal\" align=\"center\" style=\"margin-top:0px;margin-bottom:0px;padding:0px;text-align:center;\">\r\n					<span style=\"font-size:12pt;font-family:宋体;line-height:24px;\">接待人<span lang=\"EN-US\"><o:p></o:p></span></span>\r\n				</p>\r\n			</td>\r\n			<td valign=\"top\" width=\"340\" style=\"border-top-color:windowtext;border-width:1pt 1pt 1pt medium;border-style:solid solid solid none;border-right-color:windowtext;width:9cm;border-bottom-color:windowtext;padding:0cm 5.4pt;\">\r\n				<p class=\"MsoNormal\" align=\"center\" style=\"margin-top:0px;margin-bottom:0px;padding:0px;text-align:center;\">\r\n					<span style=\"font-size:12pt;font-family:宋体;line-height:24px;\">接待地点<span lang=\"EN-US\"><o:p></o:p></span></span>\r\n				</p>\r\n			</td>\r\n		</tr>\r\n		<tr>\r\n			<td valign=\"top\" width=\"189\" style=\"border-width:medium 1pt 1pt;border-style:none solid solid;border-right-color:windowtext;width:142pt;border-bottom-color:windowtext;padding:0cm 5.4pt;border-left-color:windowtext;\">\r\n				<p class=\"MsoNormal\" align=\"center\" style=\"margin-top:0px;margin-bottom:0px;padding:0px;text-align:center;\">\r\n					<span lang=\"EN-US\" style=\"font-size:12pt;font-family:宋体;line-height:24px;\">3</span><span style=\"font-size:12pt;font-family:宋体;line-height:24px;\">月<span lang=\"EN-US\">3</span>日（周二）上午<span lang=\"EN-US\"><o:p></o:p></span></span>\r\n				</p>\r\n			</td>\r\n			<td valign=\"top\" width=\"73\" style=\"border-width:medium 1pt 1pt medium;border-style:none solid solid none;border-right-color:windowtext;width:54.8pt;border-bottom-color:windowtext;padding:0cm 5.4pt;\">\r\n				<p class=\"MsoNormal\" align=\"center\" style=\"margin-top:0px;margin-bottom:0px;padding:0px;text-align:center;\">\r\n					<span style=\"font-size:12pt;font-family:宋体;line-height:24px;\">朱祖平<span lang=\"EN-US\"><o:p></o:p></span></span>\r\n				</p>\r\n			</td>\r\n			<td valign=\"top\" width=\"340\" style=\"border-width:medium 1pt 1pt medium;border-style:none solid solid none;border-right-color:windowtext;width:9cm;border-bottom-color:windowtext;padding:0cm 5.4pt;\">\r\n				<p class=\"MsoNormal\" align=\"center\" style=\"margin-top:0px;margin-bottom:0px;padding:0px;text-align:center;\">\r\n					<span style=\"font-size:12pt;font-family:宋体;line-height:24px;\">北门行政办公楼二楼院长办公室<span lang=\"EN-US\"><o:p></o:p></span></span>\r\n				</p>\r\n			</td>\r\n		</tr>\r\n		<tr>\r\n			<td valign=\"top\" width=\"189\" style=\"border-width:medium 1pt 1pt;border-style:none solid solid;border-right-color:windowtext;width:142pt;border-bottom-color:windowtext;padding:0cm 5.4pt;border-left-color:windowtext;\">\r\n				<p class=\"MsoNormal\" align=\"center\" style=\"margin-top:0px;margin-bottom:0px;padding:0px;text-align:center;\">\r\n					<span lang=\"EN-US\" style=\"font-size:12pt;font-family:宋体;line-height:24px;\">3</span><span style=\"font-size:12pt;font-family:宋体;line-height:24px;\">月<span lang=\"EN-US\">9</span>日（周一）上午<span lang=\"EN-US\"><o:p></o:p></span></span>\r\n				</p>\r\n			</td>\r\n			<td valign=\"top\" width=\"73\" style=\"border-width:medium 1pt 1pt medium;border-style:none solid solid none;border-right-color:windowtext;width:54.8pt;border-bottom-color:windowtext;padding:0cm 5.4pt;\">\r\n				<p class=\"MsoNormal\" align=\"center\" style=\"margin-top:0px;margin-bottom:0px;padding:0px;text-align:center;\">\r\n					<span style=\"font-size:12pt;font-family:宋体;line-height:24px;\">李文涛<span lang=\"EN-US\"><o:p></o:p></span></span>\r\n				</p>\r\n			</td>\r\n			<td valign=\"top\" width=\"340\" style=\"border-width:medium 1pt 1pt medium;border-style:none solid solid none;border-right-color:windowtext;width:9cm;border-bottom-color:windowtext;padding:0cm 5.4pt;\">\r\n				<p class=\"MsoNormal\" align=\"center\" style=\"margin-top:0px;margin-bottom:0px;padding:0px;text-align:center;\">\r\n					<span style=\"font-size:12pt;font-family:宋体;line-height:24px;\">北门行政办公楼二楼党委常务副书记办公室<span lang=\"EN-US\"><o:p></o:p></span></span>\r\n				</p>\r\n			</td>\r\n		</tr>\r\n		<tr>\r\n			<td valign=\"top\" width=\"189\" style=\"border-width:medium 1pt 1pt;border-style:none solid solid;border-right-color:windowtext;width:142pt;border-bottom-color:windowtext;padding:0cm 5.4pt;border-left-color:windowtext;\">\r\n				<p class=\"MsoNormal\" align=\"center\" style=\"margin-top:0px;margin-bottom:0px;padding:0px;text-align:center;\">\r\n					<span lang=\"EN-US\" style=\"font-size:12pt;font-family:宋体;line-height:24px;\">3</span><span style=\"font-size:12pt;font-family:宋体;line-height:24px;\">月<span lang=\"EN-US\">18</span>日（周三）下午<span lang=\"EN-US\"><o:p></o:p></span></span>\r\n				</p>\r\n			</td>\r\n			<td valign=\"top\" width=\"73\" style=\"border-width:medium 1pt 1pt medium;border-style:none solid solid none;border-right-color:windowtext;width:54.8pt;border-bottom-color:windowtext;padding:0cm 5.4pt;\">\r\n				<p class=\"MsoNormal\" align=\"center\" style=\"margin-top:0px;margin-bottom:0px;padding:0px;text-align:center;\">\r\n					<span style=\"font-size:12pt;font-family:宋体;line-height:24px;\">雷石宝<span lang=\"EN-US\"><o:p></o:p></span></span>\r\n				</p>\r\n			</td>\r\n			<td valign=\"top\" width=\"340\" style=\"border-width:medium 1pt 1pt medium;border-style:none solid solid none;border-right-color:windowtext;width:9cm;border-bottom-color:windowtext;padding:0cm 5.4pt;\">\r\n				<p class=\"MsoNormal\" align=\"center\" style=\"margin-top:0px;margin-bottom:0px;padding:0px;text-align:center;\">\r\n					<span style=\"font-size:12pt;font-family:宋体;line-height:24px;\">北门行政办公楼二楼党委副书记办公室<span lang=\"EN-US\"><o:p></o:p></span></span>\r\n				</p>\r\n			</td>\r\n		</tr>\r\n		<tr>\r\n			<td valign=\"top\" width=\"189\" style=\"border-width:medium 1pt 1pt;border-style:none solid solid;border-right-color:windowtext;width:142pt;border-bottom-color:windowtext;padding:0cm 5.4pt;border-left-color:windowtext;\">\r\n				<p class=\"MsoNormal\" align=\"center\" style=\"margin-top:0px;margin-bottom:0px;padding:0px;text-align:center;\">\r\n					<span lang=\"EN-US\" style=\"font-size:12pt;font-family:宋体;line-height:24px;\">3</span><span style=\"font-size:12pt;font-family:宋体;line-height:24px;\">月<span lang=\"EN-US\">25</span>日（周三）下午<span lang=\"EN-US\"><o:p></o:p></span></span>\r\n				</p>\r\n			</td>\r\n			<td valign=\"top\" width=\"73\" style=\"border-width:medium 1pt 1pt medium;border-style:none solid solid none;border-right-color:windowtext;width:54.8pt;border-bottom-color:windowtext;padding:0cm 5.4pt;\">\r\n				<p class=\"MsoNormal\" align=\"center\" style=\"margin-top:0px;margin-bottom:0px;padding:0px;text-align:center;\">\r\n					<span style=\"font-size:12pt;font-family:宋体;line-height:24px;\">朱敏琛<span lang=\"EN-US\"><o:p></o:p></span></span>\r\n				</p>\r\n			</td>\r\n			<td valign=\"top\" width=\"340\" style=\"border-width:medium 1pt 1pt medium;border-style:none solid solid none;border-right-color:windowtext;width:9cm;border-bottom-color:windowtext;padding:0cm 5.4pt;\">\r\n				<p class=\"MsoNormal\" align=\"center\" style=\"margin-top:0px;margin-bottom:0px;padding:0px;text-align:center;\">\r\n					<span style=\"font-size:12pt;font-family:宋体;line-height:24px;\">北门行政办公楼二楼副院长办公室<span lang=\"EN-US\"><o:p></o:p></span></span>\r\n				</p>\r\n			</td>\r\n		</tr>\r\n	</tbody>\r\n</table>\r\n<p class=\"MsoNormal\" align=\"left\" style=\"margin-top:0px;margin-bottom:0px;padding:0px;color:#333333;font-family:\'Lucida Grande\', Verdana, Lucida, Arial, Helvetica, \'Times New Roman\', 宋体, sans-serif;white-space:normal;text-indent:24pt;background:white;\">\r\n	<span style=\"font-size:12pt;font-family:宋体;color:black;line-height:24px;\">欢迎广大师生员工积极参与。<span lang=\"EN-US\"><o:p></o:p></span></span>\r\n</p>\r\n<p class=\"MsoNormal\" align=\"left\" style=\"margin-top:0px;margin-bottom:0px;padding:0px;color:#333333;font-family:\'Lucida Grande\', Verdana, Lucida, Arial, Helvetica, \'Times New Roman\', 宋体, sans-serif;white-space:normal;text-indent:24pt;background:white;\">\r\n	<span style=\"font-size:12pt;font-family:宋体;color:black;line-height:24px;\">特此通知<span lang=\"EN-US\"><o:p></o:p></span></span>\r\n</p>\r\n<p class=\"MsoNormal\" align=\"right\" style=\"margin-top:0px;margin-bottom:0px;padding:0px;color:#333333;font-family:\'Lucida Grande\', Verdana, Lucida, Arial, Helvetica, \'Times New Roman\', 宋体, sans-serif;white-space:normal;text-align:right;background-color:#FFFFFF;\">\r\n	<span style=\"font-size:12pt;font-family:宋体;line-height:24px;\">院长办公室、党委办公室<span lang=\"EN-US\"><o:p></o:p></span></span>\r\n</p>\r\n<p class=\"MsoNormal\" align=\"right\" style=\"margin-top:0px;margin-bottom:0px;padding:0px;color:#333333;font-family:\'Lucida Grande\', Verdana, Lucida, Arial, Helvetica, \'Times New Roman\', 宋体, sans-serif;white-space:normal;text-align:right;background-color:#FFFFFF;\">\r\n	<span lang=\"EN-US\" style=\"font-size:12pt;font-family:宋体;line-height:24px;\">2015</span><span style=\"font-size:12pt;font-family:宋体;line-height:24px;\">年<span lang=\"EN-US\">3</span>月<span lang=\"EN-US\">1</span>日</span>\r\n</p>', '1', '2015-04-09 21:22:09');
INSERT INTO `t_notice` VALUES ('36', '关于我院低压开关柜等设备、电力变压器采购公开招标公告', '<p class=\"MsoNormal\" style=\"margin-top:0px;margin-bottom:0px;padding:0px;color:#333333;font-family:\'Lucida Grande\', Verdana, Lucida, Arial, Helvetica, \'Times New Roman\', 宋体, sans-serif;white-space:normal;text-indent:24pt;background-color:#FFFFFF;\">\r\n	<span lang=\"EN-US\" style=\"font-size:12pt;line-height:24px;\">1</span><span style=\"font-size:12pt;font-family:宋体;line-height:24px;\">、采购单位：福州大学至诚学院</span><span lang=\"EN-US\" style=\"font-size:12pt;line-height:24px;\"><o:p></o:p></span>\r\n</p>\r\n<p class=\"MsoNormal\" style=\"margin-top:0px;margin-bottom:0px;padding:0px;color:#333333;font-family:\'Lucida Grande\', Verdana, Lucida, Arial, Helvetica, \'Times New Roman\', 宋体, sans-serif;white-space:normal;text-indent:24pt;background-color:#FFFFFF;\">\r\n	<span style=\"font-size:12pt;font-family:宋体;line-height:24px;\">联系人：林老师</span><span style=\"font-size:12pt;line-height:24px;\"><span lang=\"EN-US\"><o:p></o:p></span></span>\r\n</p>\r\n<p class=\"MsoNormal\" style=\"margin-top:0px;margin-bottom:0px;padding:0px;color:#333333;font-family:\'Lucida Grande\', Verdana, Lucida, Arial, Helvetica, \'Times New Roman\', 宋体, sans-serif;white-space:normal;text-indent:24pt;background-color:#FFFFFF;\">\r\n	<span style=\"font-size:12pt;font-family:宋体;line-height:24px;\">联系电话：</span><span lang=\"EN-US\" style=\"font-size:12pt;line-height:24px;\">0591-83779501<o:p></o:p></span>\r\n</p>\r\n<p class=\"MsoNormal\" style=\"margin-top:0px;margin-bottom:0px;padding:0px;color:#333333;font-family:\'Lucida Grande\', Verdana, Lucida, Arial, Helvetica, \'Times New Roman\', 宋体, sans-serif;white-space:normal;text-indent:24pt;background-color:#FFFFFF;\">\r\n	<span lang=\"EN-US\" style=\"font-size:12pt;line-height:24px;\">2</span><span style=\"font-size:12pt;font-family:宋体;line-height:24px;\">、招标文书编号：</span><span lang=\"EN-US\" style=\"font-size:12pt;line-height:24px;\">FYZB-S2-2015001<o:p></o:p></span>\r\n</p>\r\n<p class=\"MsoNormal\" style=\"margin-top:0px;margin-bottom:0px;padding:0px;color:#333333;font-family:\'Lucida Grande\', Verdana, Lucida, Arial, Helvetica, \'Times New Roman\', 宋体, sans-serif;white-space:normal;text-indent:24pt;background-color:#FFFFFF;\">\r\n	<span lang=\"EN-US\" style=\"font-size:12pt;line-height:24px;\">3</span><span style=\"font-size:12pt;font-family:宋体;line-height:24px;\">、项目名称、数量及预算：</span><span lang=\"EN-US\" style=\"font-size:12pt;line-height:24px;\"><o:p></o:p></span>\r\n</p>\r\n<p class=\"MsoNormal\" align=\"left\" style=\"margin:0cm 0cm 0pt 18pt;padding:0px;color:#333333;font-family:\'Lucida Grande\', Verdana, Lucida, Arial, Helvetica, \'Times New Roman\', 宋体, sans-serif;line-height:15.6000003814697px;white-space:normal;text-indent:-18pt;background-color:#FFFFFF;\">\r\n	<br />\r\n</p>\r\n<table class=\"MsoNormalTable\" cellspacing=\"0\" cellpadding=\"0\" border=\"1\" style=\"color:#333333;font-family:\'Lucida Grande\', Verdana, Lucida, Arial, Helvetica, \'Times New Roman\', 宋体, sans-serif;font-size:12px;line-height:15.6000003814697px;border:medium none;margin-left:41.4pt;background-color:#FFFFFF;\">\r\n	<tbody>\r\n		<tr style=\"height:43.45pt;page-break-inside:avoid;\">\r\n			<td width=\"63\" style=\"border:1pt solid windowtext;height:43.45pt;width:37.6pt;padding:0cm 5.4pt;\">\r\n				<p class=\"MsoNormal\" align=\"center\" style=\"margin-top:0px;margin-right:-5.35pt;margin-bottom:0px;padding:0px;text-align:center;line-height:22pt;\">\r\n					<span style=\"font-size:9pt;font-family:宋体;color:black;\">合同包</span><span lang=\"EN-US\" style=\"font-size:9pt;font-family:\'ˎ̥,Verdana,Arial\', serif;color:black;\"><o:p></o:p></span>\r\n				</p>\r\n			</td>\r\n			<td width=\"80\" style=\"border-top-color:windowtext;border-width:1pt 1pt 1pt medium;border-style:solid solid solid none;height:43.45pt;border-right-color:windowtext;width:47.9pt;border-bottom-color:windowtext;padding:0cm 5.4pt;\">\r\n				<p class=\"MsoNormal\" align=\"center\" style=\"margin-top:0px;margin-bottom:0px;padding:0px;text-align:center;line-height:22pt;\">\r\n					<span style=\"font-size:9pt;font-family:宋体;color:black;\">品目号</span><span lang=\"EN-US\" style=\"font-size:9pt;font-family:\'ˎ̥,Verdana,Arial\', serif;color:black;\"><o:p></o:p></span>\r\n				</p>\r\n			</td>\r\n			<td width=\"113\" style=\"border-top-color:windowtext;border-width:1pt 1pt 1pt medium;border-style:solid solid solid none;height:43.45pt;border-right-color:windowtext;width:67.5pt;border-bottom-color:windowtext;padding:0cm 5.4pt;\">\r\n				<p class=\"MsoNormal\" align=\"center\" style=\"margin-top:0px;margin-bottom:0px;padding:0px;text-align:center;line-height:22pt;\">\r\n					<span style=\"font-size:9pt;font-family:宋体;color:black;\">项目名称</span><span lang=\"EN-US\" style=\"font-size:9pt;font-family:\'ˎ̥,Verdana,Arial\', serif;color:black;\"><o:p></o:p></span>\r\n				</p>\r\n			</td>\r\n			<td width=\"53\" style=\"border-top-color:windowtext;border-width:1pt 1pt 1pt medium;border-style:solid solid solid none;height:43.45pt;border-right-color:windowtext;width:31.5pt;border-bottom-color:windowtext;padding:0cm 5.4pt;\">\r\n				<p class=\"MsoNormal\" align=\"center\" style=\"margin-top:0px;margin-bottom:0px;padding:0px;text-align:center;line-height:22pt;\">\r\n					<span style=\"font-size:9pt;font-family:宋体;color:black;\">数量</span><span lang=\"EN-US\" style=\"font-size:9pt;font-family:\'ˎ̥,Verdana,Arial\', serif;color:black;\"><o:p></o:p></span>\r\n				</p>\r\n			</td>\r\n			<td width=\"76\" style=\"border-top-color:windowtext;border-width:1pt 1pt 1pt medium;border-style:solid solid solid none;height:43.45pt;border-right-color:windowtext;width:45.45pt;border-bottom-color:windowtext;padding:0cm 5.4pt;\">\r\n				<p class=\"MsoNormal\" align=\"center\" style=\"margin:0cm -1.35pt 0pt -4.95pt;padding:0px;text-align:center;\">\r\n					<span style=\"font-size:9pt;font-family:宋体;color:black;\">是否进口论证</span><span lang=\"EN-US\" style=\"font-size:9pt;font-family:\'ˎ̥,Verdana,Arial\', serif;color:black;\"><o:p></o:p></span>\r\n				</p>\r\n			</td>\r\n			<td width=\"95\" style=\"border-top-color:windowtext;border-width:1pt 1pt 1pt medium;border-style:solid solid solid none;height:43.45pt;border-right-color:windowtext;width:2cm;border-bottom-color:windowtext;padding:0cm 5.4pt;\">\r\n				<p class=\"MsoNormal\" align=\"center\" style=\"margin:0cm -8.9pt 0pt -4.95pt;padding:0px;text-align:center;\">\r\n					<span style=\"font-size:9pt;font-family:宋体;color:black;\">主要技</span><span lang=\"EN-US\" style=\"font-size:9pt;font-family:\'ˎ̥,Verdana,Arial\', serif;color:black;\"><o:p></o:p></span>\r\n				</p>\r\n				<p class=\"MsoNormal\" align=\"center\" style=\"margin:0cm -8.9pt 0pt 0.7pt;padding:0px;text-align:center;text-indent:-5.65pt;\">\r\n					<span style=\"font-size:9pt;font-family:宋体;color:black;\">术规格</span><span lang=\"EN-US\" style=\"font-size:9pt;font-family:\'ˎ̥,Verdana,Arial\', serif;color:black;\"><o:p></o:p></span>\r\n				</p>\r\n			</td>\r\n			<td width=\"111\" style=\"border-top-color:windowtext;border-width:1pt 1pt 1pt medium;border-style:solid solid solid none;height:43.45pt;border-right-color:windowtext;width:66.75pt;border-bottom-color:windowtext;padding:0cm 5.4pt;\">\r\n				<p class=\"MsoNormal\" align=\"center\" style=\"margin-top:0px;margin-bottom:0px;padding:0px;text-align:center;line-height:22pt;\">\r\n					<span style=\"font-size:9pt;font-family:宋体;color:black;\">交货地点</span><span lang=\"EN-US\" style=\"font-size:9pt;font-family:\'ˎ̥,Verdana,Arial\', serif;color:black;\"><o:p></o:p></span>\r\n				</p>\r\n			</td>\r\n			<td width=\"126\" style=\"border-top-color:windowtext;border-width:1pt 1pt 1pt medium;border-style:solid solid solid none;height:43.45pt;border-right-color:windowtext;width:75.55pt;border-bottom-color:windowtext;padding:0cm 5.4pt;\">\r\n				<p class=\"MsoNormal\" align=\"center\" style=\"margin-top:0px;margin-bottom:0px;padding:0px;text-align:center;line-height:22pt;\">\r\n					<span style=\"font-size:9pt;font-family:宋体;color:black;\">项目预算价</span><span lang=\"EN-US\" style=\"font-size:9pt;font-family:\'ˎ̥,Verdana,Arial\', serif;color:black;\"><o:p></o:p></span>\r\n				</p>\r\n			</td>\r\n		</tr>\r\n		<tr style=\"height:53.7pt;page-break-inside:avoid;\">\r\n			<td rowspan=\"2\" width=\"63\" style=\"border-width:medium 1pt 1pt;border-style:none solid solid;height:53.7pt;border-right-color:windowtext;width:37.6pt;border-bottom-color:windowtext;padding:0cm 5.4pt;border-left-color:windowtext;\">\r\n				<p class=\"MsoNormal\" align=\"center\" style=\"margin-top:0px;margin-right:-5.35pt;margin-bottom:0px;padding:0px;text-align:center;line-height:22pt;\">\r\n					<span style=\"font-size:9pt;font-family:宋体;color:black;\">包</span><span lang=\"EN-US\" style=\"font-size:9pt;font-family:\'ˎ̥,Verdana,Arial\', serif;color:black;\">1<o:p></o:p></span>\r\n				</p>\r\n			</td>\r\n			<td width=\"80\" style=\"border-width:medium 1pt 1pt medium;border-style:none solid solid none;height:53.7pt;border-right-color:windowtext;width:47.9pt;border-bottom-color:windowtext;padding:0cm 5.4pt;\">\r\n				<p class=\"MsoNormal\" align=\"center\" style=\"margin-top:0px;margin-bottom:0px;padding:0px;text-align:center;line-height:22pt;\">\r\n					<span lang=\"EN-US\" style=\"font-size:9pt;font-family:\'ˎ̥,Verdana,Arial\', serif;color:black;\">1</span><span lang=\"EN-US\" style=\"font-size:9pt;font-family:\'ˎ̥,Verdana,Arial\', serif;color:black;\"><o:p></o:p></span>\r\n				</p>\r\n			</td>\r\n			<td width=\"113\" style=\"border-width:medium 1pt 1pt medium;border-style:none solid solid none;height:53.7pt;border-right-color:windowtext;width:67.5pt;border-bottom-color:windowtext;padding:0cm 5.4pt;\">\r\n				<p class=\"MsoNormal\" align=\"center\" style=\"margin-top:0px;margin-bottom:0px;padding:0px;text-align:center;line-height:22pt;\">\r\n					<span style=\"font-size:9pt;font-family:宋体;color:black;\">低压开关柜等设备</span><span lang=\"EN-US\" style=\"font-size:9pt;font-family:\'ˎ̥,Verdana,Arial\', serif;color:black;\"><o:p></o:p></span>\r\n				</p>\r\n			</td>\r\n			<td width=\"53\" style=\"border-width:medium 1pt 1pt medium;border-style:none solid solid none;height:53.7pt;border-right-color:windowtext;width:31.5pt;border-bottom-color:windowtext;padding:0cm 5.4pt;\">\r\n				<p class=\"MsoNormal\" align=\"center\" style=\"margin-top:0px;margin-bottom:0px;padding:0px;text-align:center;line-height:22pt;\">\r\n					<span lang=\"EN-US\" style=\"font-size:9pt;font-family:\'ˎ̥,Verdana,Arial\', serif;color:black;\">1</span><span style=\"font-size:9pt;font-family:宋体;color:black;\">批</span><span lang=\"EN-US\" style=\"font-size:9pt;font-family:\'ˎ̥,Verdana,Arial\', serif;color:black;\"><o:p></o:p></span>\r\n				</p>\r\n			</td>\r\n			<td width=\"76\" style=\"border-width:medium 1pt 1pt medium;border-style:none solid solid none;height:53.7pt;border-right-color:windowtext;width:45.45pt;border-bottom-color:windowtext;padding:0cm 5.4pt;\">\r\n				<p class=\"MsoNormal\" align=\"center\" style=\"margin-top:0px;margin-bottom:0px;padding:0px;text-align:center;\">\r\n					<span style=\"font-size:9pt;font-family:宋体;color:black;\">否</span><span lang=\"EN-US\" style=\"font-size:9pt;font-family:\'ˎ̥,Verdana,Arial\', serif;color:black;\"><o:p></o:p></span>\r\n				</p>\r\n			</td>\r\n			<td width=\"95\" style=\"border-width:medium 1pt 1pt medium;border-style:none solid solid none;height:53.7pt;border-right-color:windowtext;width:2cm;border-bottom-color:windowtext;padding:0cm 5.4pt;\">\r\n				<p class=\"MsoNormal\" align=\"center\" style=\"margin-top:0px;margin-bottom:0px;padding:0px;text-align:center;\">\r\n					<span style=\"font-size:9pt;font-family:宋体;color:black;\">详见招标文件第三章</span><span lang=\"EN-US\" style=\"font-size:9pt;font-family:\'ˎ̥,Verdana,Arial\', serif;color:black;\"><o:p></o:p></span>\r\n				</p>\r\n			</td>\r\n			<td width=\"111\" style=\"border-width:medium 1pt 1pt medium;border-style:none solid solid none;height:53.7pt;border-right-color:windowtext;width:66.75pt;border-bottom-color:windowtext;padding:0cm 5.4pt;\">\r\n				<p class=\"MsoNormal\" align=\"center\" style=\"margin-top:0px;margin-bottom:0px;padding:0px;text-align:center;line-height:22pt;\">\r\n					<span style=\"font-size:9pt;font-family:宋体;color:black;\">福州大学至诚学院指定地点</span><span lang=\"EN-US\" style=\"font-size:9pt;font-family:\'ˎ̥,Verdana,Arial\', serif;color:black;\"><o:p></o:p></span>\r\n				</p>\r\n			</td>\r\n			<td rowspan=\"2\" width=\"126\" style=\"border-width:medium 1pt 1pt medium;border-style:none solid solid none;height:53.7pt;border-right-color:windowtext;width:75.55pt;border-bottom-color:windowtext;padding:0cm 5.4pt;\">\r\n				<p class=\"MsoNormal\" align=\"center\" style=\"margin-top:0px;margin-bottom:0px;padding:0px;text-align:center;line-height:22pt;\">\r\n					<span style=\"font-size:9pt;font-family:宋体;color:black;\">人民币叁拾贰万元整</span><span lang=\"EN-US\" style=\"font-size:9pt;font-family:\'ˎ̥,Verdana,Arial\', serif;color:black;\">(</span><span style=\"font-size:9pt;font-family:宋体;color:black;\">￥</span><span lang=\"EN-US\" style=\"font-size:9pt;font-family:\'ˎ̥,Verdana,Arial\', serif;color:black;\">320000)<o:p></o:p></span>\r\n				</p>\r\n			</td>\r\n		</tr>\r\n		<tr style=\"height:53.7pt;page-break-inside:avoid;\">\r\n			<td width=\"80\" style=\"border-width:medium 1pt 1pt medium;border-style:none solid solid none;height:53.7pt;border-right-color:windowtext;width:47.9pt;border-bottom-color:windowtext;padding:0cm 5.4pt;\">\r\n				<p class=\"MsoNormal\" align=\"center\" style=\"margin-top:0px;margin-bottom:0px;padding:0px;text-align:center;line-height:22pt;\">\r\n					<span lang=\"EN-US\" style=\"font-size:9pt;font-family:\'ˎ̥,Verdana,Arial\', serif;color:black;\">2</span><span lang=\"EN-US\" style=\"font-size:9pt;font-family:\'ˎ̥,Verdana,Arial\', serif;color:black;\"><o:p></o:p></span>\r\n				</p>\r\n			</td>\r\n			<td width=\"113\" style=\"border-width:medium 1pt 1pt medium;border-style:none solid solid none;height:53.7pt;border-right-color:windowtext;width:67.5pt;border-bottom-color:windowtext;padding:0cm 5.4pt;\">\r\n				<p class=\"MsoNormal\" align=\"center\" style=\"margin-top:0px;margin-bottom:0px;padding:0px;text-align:center;line-height:22pt;\">\r\n					<span style=\"font-size:9pt;font-family:宋体;color:black;\">电力变压器</span><span lang=\"EN-US\" style=\"font-size:9pt;font-family:\'ˎ̥,Verdana,Arial\', serif;color:black;\"><o:p></o:p></span>\r\n				</p>\r\n			</td>\r\n			<td width=\"53\" style=\"border-width:medium 1pt 1pt medium;border-style:none solid solid none;height:53.7pt;border-right-color:windowtext;width:31.5pt;border-bottom-color:windowtext;padding:0cm 5.4pt;\">\r\n				<p class=\"MsoNormal\" align=\"center\" style=\"margin-top:0px;margin-bottom:0px;padding:0px;text-align:center;line-height:22pt;\">\r\n					<span lang=\"EN-US\" style=\"font-size:9pt;font-family:\'ˎ̥,Verdana,Arial\', serif;color:black;\">1</span><span style=\"font-size:9pt;font-family:宋体;color:black;\">台</span><span lang=\"EN-US\" style=\"font-size:9pt;font-family:\'ˎ̥,Verdana,Arial\', serif;color:black;\"><o:p></o:p></span>\r\n				</p>\r\n			</td>\r\n			<td width=\"76\" style=\"border-width:medium 1pt 1pt medium;border-style:none solid solid none;height:53.7pt;border-right-color:windowtext;width:45.45pt;border-bottom-color:windowtext;padding:0cm 5.4pt;\">\r\n				<p class=\"MsoNormal\" align=\"center\" style=\"margin-top:0px;margin-bottom:0px;padding:0px;text-align:center;\">\r\n					<span style=\"font-size:9pt;font-family:宋体;color:black;\">否</span><span lang=\"EN-US\" style=\"font-size:9pt;font-family:\'ˎ̥,Verdana,Arial\', serif;color:black;\"><o:p></o:p></span>\r\n				</p>\r\n			</td>\r\n			<td width=\"95\" style=\"border-width:medium 1pt 1pt medium;border-style:none solid solid none;height:53.7pt;border-right-color:windowtext;width:2cm;border-bottom-color:windowtext;padding:0cm 5.4pt;\">\r\n				<p class=\"MsoNormal\" align=\"center\" style=\"margin-top:0px;margin-bottom:0px;padding:0px;text-align:center;\">\r\n					<span style=\"font-size:9pt;font-family:宋体;color:black;\">详见招标文件第三章</span><span lang=\"EN-US\" style=\"font-size:9pt;font-family:\'ˎ̥,Verdana,Arial\', serif;color:black;\"><o:p></o:p></span>\r\n				</p>\r\n			</td>\r\n			<td width=\"111\" style=\"border-width:medium 1pt 1pt medium;border-style:none solid solid none;height:53.7pt;border-right-color:windowtext;width:66.75pt;border-bottom-color:windowtext;padding:0cm 5.4pt;\">\r\n				<p class=\"MsoNormal\" align=\"center\" style=\"margin-top:0px;margin-bottom:0px;padding:0px;text-align:center;line-height:22pt;\">\r\n					<span style=\"font-size:9pt;font-family:宋体;color:black;\">福州大学至诚学院指定地点</span><span lang=\"EN-US\" style=\"font-size:9pt;font-family:\'ˎ̥,Verdana,Arial\', serif;color:black;\"><o:p></o:p></span>\r\n				</p>\r\n			</td>\r\n		</tr>\r\n	</tbody>\r\n</table>\r\n<p style=\"margin-top:0px;margin-bottom:0px;padding:0px;color:#333333;font-family:\'Lucida Grande\', Verdana, Lucida, Arial, Helvetica, \'Times New Roman\', 宋体, sans-serif;line-height:15.6000003814697px;white-space:normal;background-color:#FFFFFF;\">\r\n	<br />\r\n</p>\r\n<p class=\"MsoNormal\" style=\"margin-top:0px;margin-bottom:0px;padding:0px;color:#333333;font-family:\'Lucida Grande\', Verdana, Lucida, Arial, Helvetica, \'Times New Roman\', 宋体, sans-serif;white-space:normal;text-indent:24pt;background-color:#FFFFFF;\">\r\n	<span lang=\"EN-US\" style=\"font-size:12pt;line-height:24px;\">4</span><span style=\"font-size:12pt;font-family:宋体;line-height:24px;\">、技术规格要求：详见招标文件。</span><span lang=\"EN-US\" style=\"font-size:12pt;line-height:24px;\"><o:p></o:p></span>\r\n</p>\r\n<p class=\"MsoNormal\" style=\"margin-top:0px;margin-bottom:0px;padding:0px;color:#333333;font-family:\'Lucida Grande\', Verdana, Lucida, Arial, Helvetica, \'Times New Roman\', 宋体, sans-serif;white-space:normal;text-indent:24pt;background-color:#FFFFFF;\">\r\n	<span lang=\"EN-US\" style=\"font-size:12pt;line-height:24px;\">5</span><span style=\"font-size:12pt;font-family:宋体;line-height:24px;\">、投标人的资格要求：</span><span lang=\"EN-US\" style=\"font-size:12pt;line-height:24px;\"><o:p></o:p></span>\r\n</p>\r\n<p class=\"MsoNormal\" style=\"margin-top:0px;margin-bottom:0px;padding:0px;color:#333333;font-family:\'Lucida Grande\', Verdana, Lucida, Arial, Helvetica, \'Times New Roman\', 宋体, sans-serif;white-space:normal;text-indent:24pt;background-color:#FFFFFF;\">\r\n	<span lang=\"EN-US\" style=\"font-size:12pt;line-height:24px;\">5.1&nbsp;</span><span style=\"font-size:12pt;font-family:宋体;line-height:24px;\">凡有能力提供本招标文件所述货物及服务、具有独立企业法人资格的境内供货商或制造商均可能成为合格的投标人。</span><span lang=\"EN-US\" style=\"font-size:12pt;line-height:24px;\"><o:p></o:p></span>\r\n</p>\r\n<p class=\"MsoNormal\" style=\"margin-top:0px;margin-bottom:0px;padding:0px;color:#333333;font-family:\'Lucida Grande\', Verdana, Lucida, Arial, Helvetica, \'Times New Roman\', 宋体, sans-serif;white-space:normal;text-indent:24pt;background-color:#FFFFFF;\">\r\n	<span lang=\"EN-US\" style=\"font-size:12pt;line-height:24px;\">5.2&nbsp;</span><span style=\"font-size:12pt;font-family:宋体;line-height:24px;\">投标人应遵守中国的有关法律、法规和规章的规定。</span><span lang=\"EN-US\" style=\"font-size:12pt;line-height:24px;\"><o:p></o:p></span>\r\n</p>\r\n<p class=\"MsoNormal\" style=\"margin-top:0px;margin-bottom:0px;padding:0px;color:#333333;font-family:\'Lucida Grande\', Verdana, Lucida, Arial, Helvetica, \'Times New Roman\', 宋体, sans-serif;white-space:normal;text-indent:24pt;background-color:#FFFFFF;\">\r\n	<span lang=\"EN-US\" style=\"font-size:12pt;line-height:24px;\">5.3&nbsp;</span><span style=\"font-size:12pt;font-family:宋体;line-height:24px;\">一个投标人只能提交一个投标文件。但如果投标人之间存在下列互为关联关系的情形之一的，不得同时参加本项目投标：</span><span lang=\"EN-US\" style=\"font-size:12pt;line-height:24px;\"><o:p></o:p></span>\r\n</p>\r\n<p class=\"MsoNormal\" style=\"margin-top:0px;margin-bottom:0px;padding:0px;color:#333333;font-family:\'Lucida Grande\', Verdana, Lucida, Arial, Helvetica, \'Times New Roman\', 宋体, sans-serif;white-space:normal;text-indent:24pt;background-color:#FFFFFF;\">\r\n	<span lang=\"EN-US\" style=\"font-size:12pt;line-height:24px;\">(1)&nbsp;</span><span style=\"font-size:12pt;font-family:宋体;line-height:24px;\">法定代表人为同一人的两个及两个以上法人；</span><span lang=\"EN-US\" style=\"font-size:12pt;line-height:24px;\"><o:p></o:p></span>\r\n</p>\r\n<p class=\"MsoNormal\" style=\"margin-top:0px;margin-bottom:0px;padding:0px;color:#333333;font-family:\'Lucida Grande\', Verdana, Lucida, Arial, Helvetica, \'Times New Roman\', 宋体, sans-serif;white-space:normal;text-indent:24pt;background-color:#FFFFFF;\">\r\n	<span lang=\"EN-US\" style=\"font-size:12pt;line-height:24px;\">(2)&nbsp;</span><span style=\"font-size:12pt;font-family:宋体;line-height:24px;\">母公司、直接或间接持股</span><span lang=\"EN-US\" style=\"font-size:12pt;line-height:24px;\">50</span><span style=\"font-size:12pt;font-family:宋体;line-height:24px;\">％及以上的被投资公司</span><span lang=\"EN-US\" style=\"font-size:12pt;line-height:24px;\">;<o:p></o:p></span>\r\n</p>\r\n<p class=\"MsoNormal\" style=\"margin-top:0px;margin-bottom:0px;padding:0px;color:#333333;font-family:\'Lucida Grande\', Verdana, Lucida, Arial, Helvetica, \'Times New Roman\', 宋体, sans-serif;white-space:normal;text-indent:24pt;background-color:#FFFFFF;\">\r\n	<span lang=\"EN-US\" style=\"font-size:12pt;line-height:24px;\">(3)&nbsp;</span><span style=\"font-size:12pt;font-family:宋体;line-height:24px;\">均为同一家母公司直接或间接持股</span><span lang=\"EN-US\" style=\"font-size:12pt;line-height:24px;\">50</span><span style=\"font-size:12pt;font-family:宋体;line-height:24px;\">％及以上的被投资公司。</span><span lang=\"EN-US\" style=\"font-size:12pt;line-height:24px;\"><o:p></o:p></span>\r\n</p>\r\n<p class=\"MsoNormal\" style=\"margin-top:0px;margin-bottom:0px;padding:0px;color:#333333;font-family:\'Lucida Grande\', Verdana, Lucida, Arial, Helvetica, \'Times New Roman\', 宋体, sans-serif;white-space:normal;text-indent:24pt;background-color:#FFFFFF;\">\r\n	<span lang=\"EN-US\" style=\"font-size:12pt;line-height:24px;\">5.4&nbsp;</span><span style=\"font-size:12pt;font-family:宋体;line-height:24px;\">投标人不得与本次招标项下设计、编制技术规格和其它文件的公司或提供咨询服务的公司（包括其附属机构）有任何关联。</span><span style=\"font-size:12pt;line-height:24px;\"><span lang=\"EN-US\"><o:p></o:p></span></span>\r\n</p>\r\n<p class=\"MsoNormal\" style=\"margin-top:0px;margin-bottom:0px;padding:0px;color:#333333;font-family:\'Lucida Grande\', Verdana, Lucida, Arial, Helvetica, \'Times New Roman\', 宋体, sans-serif;white-space:normal;text-indent:24pt;background-color:#FFFFFF;\">\r\n	<span lang=\"EN-US\" style=\"font-size:12pt;line-height:24px;\">5.5&nbsp;</span><span style=\"font-size:12pt;font-family:宋体;line-height:24px;\">本项目不接受联合体投标。</span><span lang=\"EN-US\" style=\"font-size:12pt;line-height:24px;\"><o:p></o:p></span>\r\n</p>\r\n<p class=\"MsoNormal\" style=\"margin-top:0px;margin-bottom:0px;padding:0px;color:#333333;font-family:\'Lucida Grande\', Verdana, Lucida, Arial, Helvetica, \'Times New Roman\', 宋体, sans-serif;white-space:normal;text-indent:24pt;background-color:#FFFFFF;\">\r\n	<span lang=\"EN-US\" style=\"font-size:12pt;line-height:24px;\">5.6&nbsp;</span><span style=\"font-size:12pt;font-family:宋体;line-height:24px;\">投标人代表在同一个项目中只能接受一个投标人的委托参加投标。</span><span lang=\"EN-US\" style=\"font-size:12pt;line-height:24px;\"><o:p></o:p></span>\r\n</p>\r\n<p class=\"MsoNormal\" style=\"margin-top:0px;margin-bottom:0px;padding:0px;color:#333333;font-family:\'Lucida Grande\', Verdana, Lucida, Arial, Helvetica, \'Times New Roman\', 宋体, sans-serif;white-space:normal;text-indent:24pt;background-color:#FFFFFF;\">\r\n	<span lang=\"EN-US\" style=\"font-size:12pt;line-height:24px;\">5.7</span><span style=\"font-size:12pt;font-family:宋体;line-height:24px;\">有效的检察机关行贿犯罪档案查询结果告知函复印件（如有注明复印无效的，则请将原件附在技术商务部分正本中，副本附复印件）。</span><span lang=\"EN-US\" style=\"font-size:12pt;line-height:24px;\"><o:p></o:p></span>\r\n</p>\r\n<p class=\"MsoNormal\" style=\"margin-top:0px;margin-bottom:0px;padding:0px;color:#333333;font-family:\'Lucida Grande\', Verdana, Lucida, Arial, Helvetica, \'Times New Roman\', 宋体, sans-serif;white-space:normal;text-indent:24pt;background-color:#FFFFFF;\">\r\n	<span lang=\"EN-US\" style=\"font-size:12pt;line-height:24px;\">6</span><span style=\"font-size:12pt;font-family:宋体;line-height:24px;\">、购买招标文件时间：</span><span lang=\"EN-US\" style=\"font-size:12pt;line-height:24px;\">2015</span><span style=\"font-size:12pt;font-family:宋体;line-height:24px;\">年</span><span lang=\"EN-US\" style=\"font-size:12pt;line-height:24px;\">2</span><span style=\"font-size:12pt;font-family:宋体;line-height:24px;\">月</span><span lang=\"EN-US\" style=\"font-size:12pt;line-height:24px;\">6</span><span style=\"font-size:12pt;font-family:宋体;line-height:24px;\">日起至</span><span lang=\"EN-US\" style=\"font-size:12pt;line-height:24px;\">2015</span><span style=\"font-size:12pt;font-family:宋体;line-height:24px;\">年</span><span lang=\"EN-US\" style=\"font-size:12pt;line-height:24px;\">3</span><span style=\"font-size:12pt;font-family:宋体;line-height:24px;\">月</span><span lang=\"EN-US\" style=\"font-size:12pt;line-height:24px;\">3</span><span style=\"font-size:12pt;font-family:宋体;line-height:24px;\">日止（节假日及公休日除外），上午</span><span lang=\"EN-US\" style=\"font-size:12pt;line-height:24px;\">08</span><span style=\"font-size:12pt;font-family:宋体;line-height:24px;\">：</span><span lang=\"EN-US\" style=\"font-size:12pt;line-height:24px;\">30</span><span style=\"font-size:12pt;font-family:宋体;line-height:24px;\">—</span><span lang=\"EN-US\" style=\"font-size:12pt;line-height:24px;\">12</span><span style=\"font-size:12pt;font-family:宋体;line-height:24px;\">：</span><span lang=\"EN-US\" style=\"font-size:12pt;line-height:24px;\">00</span><span style=\"font-size:12pt;font-family:宋体;line-height:24px;\">，下午</span><span lang=\"EN-US\" style=\"font-size:12pt;line-height:24px;\">14</span><span style=\"font-size:12pt;font-family:宋体;line-height:24px;\">：</span><span lang=\"EN-US\" style=\"font-size:12pt;line-height:24px;\">00</span><span style=\"font-size:12pt;font-family:宋体;line-height:24px;\">—</span><span lang=\"EN-US\" style=\"font-size:12pt;line-height:24px;\">17</span><span style=\"font-size:12pt;font-family:宋体;line-height:24px;\">：</span><span lang=\"EN-US\" style=\"font-size:12pt;line-height:24px;\">00</span><span style=\"font-size:12pt;font-family:宋体;line-height:24px;\">（北京时间，以下同）；招标文件（文本或电子版）售价为</span><span lang=\"EN-US\" style=\"font-size:12pt;line-height:24px;\">50</span><span style=\"font-size:12pt;font-family:宋体;line-height:24px;\">元人民币</span><span lang=\"EN-US\" style=\"font-size:12pt;line-height:24px;\">/</span><span style=\"font-size:12pt;font-family:宋体;line-height:24px;\">份，售后不退，如需邮寄文件，另加</span><span lang=\"EN-US\" style=\"font-size:12pt;line-height:24px;\">50</span><span style=\"font-size:12pt;font-family:宋体;line-height:24px;\">元人民币。</span><span lang=\"EN-US\" style=\"font-size:12pt;line-height:24px;\"><o:p></o:p></span>\r\n</p>\r\n<p class=\"MsoNormal\" style=\"margin-top:0px;margin-bottom:0px;padding:0px;color:#333333;font-family:\'Lucida Grande\', Verdana, Lucida, Arial, Helvetica, \'Times New Roman\', 宋体, sans-serif;white-space:normal;text-indent:24pt;background-color:#FFFFFF;\">\r\n	<span lang=\"EN-US\" style=\"font-size:12pt;line-height:24px;\">7</span><span style=\"font-size:12pt;font-family:宋体;line-height:24px;\">、投标截标时间：</span><span lang=\"EN-US\" style=\"font-size:12pt;line-height:24px;\">2015</span><span style=\"font-size:12pt;font-family:宋体;line-height:24px;\">年</span><span lang=\"EN-US\" style=\"font-size:12pt;line-height:24px;\">3</span><span style=\"font-size:12pt;font-family:宋体;line-height:24px;\">月</span><span lang=\"EN-US\" style=\"font-size:12pt;line-height:24px;\">5</span><span style=\"font-size:12pt;font-family:宋体;line-height:24px;\">日</span><span lang=\"EN-US\" style=\"font-size:12pt;line-height:24px;\">09:00</span><span style=\"font-size:12pt;font-family:宋体;line-height:24px;\">时。</span><span lang=\"EN-US\" style=\"font-size:12pt;line-height:24px;\"><br />\r\n</span><span style=\"font-size:12pt;font-family:宋体;line-height:24px;\">开标时间：</span><span lang=\"EN-US\" style=\"font-size:12pt;line-height:24px;\">2015</span><span style=\"font-size:12pt;font-family:宋体;line-height:24px;\">年</span><span lang=\"EN-US\" style=\"font-size:12pt;line-height:24px;\">3</span><span style=\"font-size:12pt;font-family:宋体;line-height:24px;\">月</span><span lang=\"EN-US\" style=\"font-size:12pt;line-height:24px;\">5</span><span style=\"font-size:12pt;font-family:宋体;line-height:24px;\">日</span><span lang=\"EN-US\" style=\"font-size:12pt;line-height:24px;\">09:00</span><span style=\"font-size:12pt;font-family:宋体;line-height:24px;\">时</span><span lang=\"EN-US\" style=\"font-size:12pt;line-height:24px;\"><o:p></o:p></span>\r\n</p>\r\n<p class=\"MsoNormal\" style=\"margin-top:0px;margin-bottom:0px;padding:0px;color:#333333;font-family:\'Lucida Grande\', Verdana, Lucida, Arial, Helvetica, \'Times New Roman\', 宋体, sans-serif;white-space:normal;text-indent:24pt;background-color:#FFFFFF;\">\r\n	<span lang=\"EN-US\" style=\"font-size:12pt;line-height:24px;\">8</span><span style=\"font-size:12pt;font-family:宋体;line-height:24px;\">、开标地点：福建省福怡药械招标有限公司。</span><span lang=\"EN-US\" style=\"font-size:12pt;line-height:24px;\"><o:p></o:p></span>\r\n</p>\r\n<p class=\"MsoNormal\" style=\"margin-top:0px;margin-bottom:0px;padding:0px;color:#333333;font-family:\'Lucida Grande\', Verdana, Lucida, Arial, Helvetica, \'Times New Roman\', 宋体, sans-serif;white-space:normal;text-indent:24pt;background-color:#FFFFFF;\">\r\n	<span lang=\"EN-US\" style=\"font-size:12pt;line-height:24px;\">9</span><span style=\"font-size:12pt;font-family:宋体;line-height:24px;\">、购买招标文件地点：福州市交通路</span><span lang=\"EN-US\" style=\"font-size:12pt;line-height:24px;\">88</span><span style=\"font-size:12pt;font-family:宋体;line-height:24px;\">号福建省福怡药械招标有限公司</span><span lang=\"EN-US\" style=\"font-size:12pt;line-height:24px;\"><o:p></o:p></span>\r\n</p>\r\n<p class=\"MsoNormal\" style=\"margin-top:0px;margin-bottom:0px;padding:0px;color:#333333;font-family:\'Lucida Grande\', Verdana, Lucida, Arial, Helvetica, \'Times New Roman\', 宋体, sans-serif;white-space:normal;text-indent:24pt;background-color:#FFFFFF;\">\r\n	<span style=\"font-size:12pt;font-family:宋体;line-height:24px;\">联系人：林小姐</span><span lang=\"EN-US\" style=\"font-size:12pt;line-height:24px;\">&nbsp;&nbsp;&nbsp;&nbsp;&nbsp;<o:p></o:p></span>\r\n</p>\r\n<p class=\"MsoNormal\" style=\"margin-top:0px;margin-bottom:0px;padding:0px;color:#333333;font-family:\'Lucida Grande\', Verdana, Lucida, Arial, Helvetica, \'Times New Roman\', 宋体, sans-serif;white-space:normal;text-indent:24pt;background-color:#FFFFFF;\">\r\n	<span style=\"font-size:12pt;font-family:宋体;line-height:24px;\">联系电话：</span><span lang=\"EN-US\" style=\"font-size:12pt;line-height:24px;\">0591</span><span style=\"font-size:12pt;font-family:宋体;line-height:24px;\">—</span><span lang=\"EN-US\" style=\"font-size:12pt;line-height:24px;\">83569185&nbsp;&nbsp;83569183&nbsp;&nbsp;83569369</span><span style=\"font-size:12pt;font-family:宋体;line-height:24px;\">（传真）</span><span lang=\"EN-US\" style=\"font-size:12pt;line-height:24px;\">&nbsp;&nbsp;<o:p></o:p></span>\r\n</p>\r\n<p class=\"MsoNormal\" style=\"margin-top:0px;margin-bottom:0px;padding:0px;color:#333333;font-family:\'Lucida Grande\', Verdana, Lucida, Arial, Helvetica, \'Times New Roman\', 宋体, sans-serif;white-space:normal;text-indent:24pt;background-color:#FFFFFF;\">\r\n	<span style=\"font-size:12pt;font-family:宋体;line-height:24px;\">招标公司网站：</span><span lang=\"EN-US\" style=\"font-size:12pt;line-height:24px;\">http://www.fyzb.com&nbsp;<br />\r\nE-mail:fyzb2004@126.com<o:p></o:p></span>\r\n</p>\r\n<p class=\"MsoNormal\" style=\"margin-top:0px;margin-bottom:0px;padding:0px;color:#333333;font-family:\'Lucida Grande\', Verdana, Lucida, Arial, Helvetica, \'Times New Roman\', 宋体, sans-serif;white-space:normal;text-indent:24pt;background-color:#FFFFFF;\">\r\n	<span style=\"font-size:12pt;font-family:宋体;line-height:24px;\">开户行：招商银行福州分行江滨支行</span><span lang=\"EN-US\" style=\"font-size:12pt;line-height:24px;\"><o:p></o:p></span>\r\n</p>\r\n<p class=\"MsoNormal\" style=\"margin-top:0px;margin-bottom:0px;padding:0px;color:#333333;font-family:\'Lucida Grande\', Verdana, Lucida, Arial, Helvetica, \'Times New Roman\', 宋体, sans-serif;white-space:normal;text-indent:24pt;background-color:#FFFFFF;\">\r\n	<span style=\"font-size:12pt;font-family:宋体;line-height:24px;\">户名：福建省福怡药械招标有限公司</span><span lang=\"EN-US\" style=\"font-size:12pt;line-height:24px;\"><o:p></o:p></span>\r\n</p>\r\n<p class=\"MsoNormal\" style=\"margin-top:0px;margin-bottom:0px;padding:0px;color:#333333;font-family:\'Lucida Grande\', Verdana, Lucida, Arial, Helvetica, \'Times New Roman\', 宋体, sans-serif;white-space:normal;text-indent:24pt;background-color:#FFFFFF;\">\r\n	<span style=\"font-size:12pt;font-family:宋体;line-height:24px;\">帐号：</span><span lang=\"EN-US\" style=\"font-size:12pt;line-height:24px;\">673581399610001<o:p></o:p></span>\r\n</p>\r\n<p class=\"MsoNormal\" style=\"margin-top:0px;margin-bottom:0px;padding:0px;color:#333333;font-family:\'Lucida Grande\', Verdana, Lucida, Arial, Helvetica, \'Times New Roman\', 宋体, sans-serif;white-space:normal;text-indent:24pt;background-color:#FFFFFF;\">\r\n	<span lang=\"EN-US\" style=\"font-size:12pt;line-height:24px;\"><o:p></o:p></span>&nbsp;\r\n</p>\r\n<p class=\"MsoNormal\" style=\"margin-top:0px;margin-bottom:0px;padding:0px;color:#333333;font-family:\'Lucida Grande\', Verdana, Lucida, Arial, Helvetica, \'Times New Roman\', 宋体, sans-serif;white-space:normal;text-indent:24pt;background-color:#FFFFFF;\">\r\n	<span lang=\"EN-US\" style=\"font-size:12pt;line-height:24px;\">附：中国政府采购网&nbsp;<span style=\"font-family:宋体;\"><a href=\"http://www.ccgp.gov.cn/cggg/dfgg/gkzb/201502/t20150206_4992511.htm\" target=\"_blank\" style=\"color:#333333;text-decoration:none;\">http://www.ccgp.gov.cn/cggg/dfgg/gkzb/201502/t20150206_4992511.htm</a></span>&nbsp;</span>\r\n</p>', '1', '2015-04-11 21:22:41');

-- ----------------------------
-- Table structure for t_question
-- ----------------------------
DROP TABLE IF EXISTS `t_question`;
CREATE TABLE `t_question` (
  `q_id` int(11) NOT NULL AUTO_INCREMENT,
  `q_title` varchar(255) NOT NULL,
  `q_type` int(1) NOT NULL,
  PRIMARY KEY (`q_id`)
) ENGINE=InnoDB AUTO_INCREMENT=13 DEFAULT CHARSET=utf8;

-- ----------------------------
-- Records of t_question
-- ----------------------------
INSERT INTO `t_question` VALUES ('1', '你喜欢吃的水果？', '1');
INSERT INTO `t_question` VALUES ('2', '你喜欢吃的水果2？', '1');
INSERT INTO `t_question` VALUES ('3', '你喜欢吃的水果？3', '1');
INSERT INTO `t_question` VALUES ('4', '你喜欢吃的水果？4', '1');
INSERT INTO `t_question` VALUES ('5', '你喜欢吃的水果？5', '1');
INSERT INTO `t_question` VALUES ('6', '你喜欢吃的水果？6', '1');
INSERT INTO `t_question` VALUES ('7', '你喜欢吃的水果？7', '1');
INSERT INTO `t_question` VALUES ('8', '你喜欢吃的水果？8', '1');
INSERT INTO `t_question` VALUES ('9', '你喜欢吃的水果？9', '1');
INSERT INTO `t_question` VALUES ('10', '你喜欢吃的水果？10', '1');
INSERT INTO `t_question` VALUES ('11', '你喜欢吃的水果？11', '1');

-- ----------------------------
-- Table structure for t_role
-- ----------------------------
DROP TABLE IF EXISTS `t_role`;
CREATE TABLE `t_role` (
  `role_id` int(11) NOT NULL AUTO_INCREMENT,
  `role_code` varchar(32) DEFAULT NULL,
  `role_name` varchar(32) DEFAULT NULL,
  `sys` int(11) DEFAULT NULL,
  `remark` varchar(255) DEFAULT NULL,
  `state` int(11) DEFAULT NULL,
  `create_id` int(11) DEFAULT NULL,
  `update_id` int(11) DEFAULT NULL,
  `create_time` datetime DEFAULT NULL,
  `update_time` datetime DEFAULT NULL,
  PRIMARY KEY (`role_id`),
  KEY `FK_ROLE_USER` (`create_id`),
  CONSTRAINT `FK_ROLE_USER` FOREIGN KEY (`create_id`) REFERENCES `t_user` (`user_id`)
) ENGINE=InnoDB AUTO_INCREMENT=4 DEFAULT CHARSET=utf8;

-- ----------------------------
-- Records of t_role
-- ----------------------------
INSERT INTO `t_role` VALUES ('1', 'admin', '管理员', null, '拥有最高权限。', '1', '1', '1', '2015-03-05 09:47:47', '2015-03-27 21:16:40');
INSERT INTO `t_role` VALUES ('2', 'teacher', '教师', null, '拥有一些信息之类的管理。', '1', '1', '1', '2015-03-05 11:19:05', '2015-04-03 10:08:12');
INSERT INTO `t_role` VALUES ('3', 'student', '学生', null, '不允许进入后台。', '1', '1', null, '2015-03-05 11:23:56', null);

-- ----------------------------
-- Table structure for t_role_permission
-- ----------------------------
DROP TABLE IF EXISTS `t_role_permission`;
CREATE TABLE `t_role_permission` (
  `role_id` int(11) DEFAULT NULL,
  `permission` varchar(64) DEFAULT NULL
) ENGINE=InnoDB DEFAULT CHARSET=utf8;

-- ----------------------------
-- Records of t_role_permission
-- ----------------------------
INSERT INTO `t_role_permission` VALUES ('3', 'zixun:');
INSERT INTO `t_role_permission` VALUES ('3', 'notice:');
INSERT INTO `t_role_permission` VALUES ('1', 'info:');
INSERT INTO `t_role_permission` VALUES ('1', 'toStudentAttendanceWork:');
INSERT INTO `t_role_permission` VALUES ('1', 'work:');
INSERT INTO `t_role_permission` VALUES ('1', 'attendance:');
INSERT INTO `t_role_permission` VALUES ('1', 'student:');
INSERT INTO `t_role_permission` VALUES ('1', 'course:');
INSERT INTO `t_role_permission` VALUES ('1', 'zixun:');
INSERT INTO `t_role_permission` VALUES ('1', 'message:');
INSERT INTO `t_role_permission` VALUES ('1', 'news:');
INSERT INTO `t_role_permission` VALUES ('1', 'notice:');
INSERT INTO `t_role_permission` VALUES ('1', 'ziyuan:');
INSERT INTO `t_role_permission` VALUES ('1', 'file:');
INSERT INTO `t_role_permission` VALUES ('1', 'gongneng:');
INSERT INTO `t_role_permission` VALUES ('1', 'jspDetectLink:');
INSERT INTO `t_role_permission` VALUES ('1', 'jspDetect:');
INSERT INTO `t_role_permission` VALUES ('1', 'singlejspDetect:');
INSERT INTO `t_role_permission` VALUES ('1', 'parameterJspDetect:');
INSERT INTO `t_role_permission` VALUES ('1', 'historyJspDetect:');
INSERT INTO `t_role_permission` VALUES ('1', 'system:');
INSERT INTO `t_role_permission` VALUES ('1', 'user:');
INSERT INTO `t_role_permission` VALUES ('1', 'role:');
INSERT INTO `t_role_permission` VALUES ('1', 'menu:');
INSERT INTO `t_role_permission` VALUES ('1', 'zidian:');
INSERT INTO `t_role_permission` VALUES ('1', 'attendAddr:');
INSERT INTO `t_role_permission` VALUES ('1', 'department:');
INSERT INTO `t_role_permission` VALUES ('2', 'info:');
INSERT INTO `t_role_permission` VALUES ('2', 'toStudentAttendanceWork:');
INSERT INTO `t_role_permission` VALUES ('2', 'work:');
INSERT INTO `t_role_permission` VALUES ('2', 'attendance:');
INSERT INTO `t_role_permission` VALUES ('2', 'student:');
INSERT INTO `t_role_permission` VALUES ('2', 'course:');
INSERT INTO `t_role_permission` VALUES ('2', 'zixun:');
INSERT INTO `t_role_permission` VALUES ('2', 'message:');
INSERT INTO `t_role_permission` VALUES ('2', 'ziyuan:');
INSERT INTO `t_role_permission` VALUES ('2', 'file:');
INSERT INTO `t_role_permission` VALUES ('2', 'gongneng:');
INSERT INTO `t_role_permission` VALUES ('2', 'jspDetectLink:');
INSERT INTO `t_role_permission` VALUES ('2', 'jspDetect:');
INSERT INTO `t_role_permission` VALUES ('2', 'singlejspDetect:');
INSERT INTO `t_role_permission` VALUES ('2', 'parameterJspDetect:');
INSERT INTO `t_role_permission` VALUES ('2', 'historyJspDetect:');

-- ----------------------------
-- Table structure for t_student
-- ----------------------------
DROP TABLE IF EXISTS `t_student`;
CREATE TABLE `t_student` (
  `s_id` int(11) NOT NULL AUTO_INCREMENT,
  `s_no` varchar(50) NOT NULL,
  `s_name` varchar(50) NOT NULL,
  `s_password` varchar(50) DEFAULT NULL,
  `salt` varchar(255) DEFAULT NULL,
  `user_role` int(11) DEFAULT NULL,
  `s_sex` tinyint(1) DEFAULT '0',
  `d_id` int(11) DEFAULT NULL,
  `grade` int(11) DEFAULT NULL,
  `s_class` varchar(50) DEFAULT NULL,
  PRIMARY KEY (`s_id`),
  KEY `FK_S_D` (`d_id`),
  CONSTRAINT `FK_S_D` FOREIGN KEY (`d_id`) REFERENCES `t_department` (`d_id`)
) ENGINE=InnoDB AUTO_INCREMENT=44 DEFAULT CHARSET=utf8;

-- ----------------------------
-- Records of t_student
-- ----------------------------
INSERT INTO `t_student` VALUES ('1', '211106402', '王荣坡', '', null, '3', '0', '2', '2011', '3');
INSERT INTO `t_student` VALUES ('25', '211106378', '陈洪玮', '', null, '3', '0', '2', '2011', '3');
INSERT INTO `t_student` VALUES ('26', '211106379', '陈建俊', '', null, '3', '0', '2', '2011', '3');
INSERT INTO `t_student` VALUES ('27', '211106380', '陈建旺', '', null, '3', '0', '2', '2011', '3');
INSERT INTO `t_student` VALUES ('28', '211106381', '陈建增', '', null, '3', '0', '2', '2011', '3');
INSERT INTO `t_student` VALUES ('29', '211106393', '李娜端', '', null, '3', '1', '2', '2011', '3');
INSERT INTO `t_student` VALUES ('30', '211106405', '谢能炎', '', null, '3', '0', '2', '2011', '3');
INSERT INTO `t_student` VALUES ('31', '211106412', '余双', '', null, '3', '1', '2', '2011', '3');
INSERT INTO `t_student` VALUES ('32', '211106409', '杨琴霞', '', null, '3', '1', '2', '2011', '3');
INSERT INTO `t_student` VALUES ('33', '211106413', '余永航', '', null, '3', '0', '2', '2011', '3');
INSERT INTO `t_student` VALUES ('34', '211106401', '测试', '', null, '3', '0', '2', '2011', '3');
INSERT INTO `t_student` VALUES ('35', '211106001', '张三', '', null, '3', '0', '2', '2012', '1');
INSERT INTO `t_student` VALUES ('36', '211106002', '李四', '', null, '3', '1', '3', '2012', '2');
INSERT INTO `t_student` VALUES ('37', '211106003', '王五', '', null, '3', '0', '2', '2012', '3');
INSERT INTO `t_student` VALUES ('38', '211106004', '赵六', '', null, '3', '0', '2', '2012', '2');
INSERT INTO `t_student` VALUES ('39', '211106005', '孙七', '', null, '3', '0', '2', '2012', '3');
INSERT INTO `t_student` VALUES ('40', '211106006', '周八', '', null, '3', '1', '3', '2012', '1');
INSERT INTO `t_student` VALUES ('41', '211106007', '吴九', '', null, '3', '0', '2', '2012', '2');
INSERT INTO `t_student` VALUES ('42', '211106008', '郑十', '', null, '3', '1', '3', '2012', '3');
INSERT INTO `t_student` VALUES ('43', '211101111', 'ceshi', '123456', null, '3', '0', '2', '2011', '2');

-- ----------------------------
-- Table structure for t_student_jsp
-- ----------------------------
DROP TABLE IF EXISTS `t_student_jsp`;
CREATE TABLE `t_student_jsp` (
  `s_id` int(11) NOT NULL AUTO_INCREMENT,
  `s_no` varchar(20) NOT NULL,
  `s_name` varchar(20) NOT NULL,
  `s_sex` tinyint(1) DEFAULT '0',
  PRIMARY KEY (`s_id`)
) ENGINE=InnoDB AUTO_INCREMENT=4 DEFAULT CHARSET=utf8;

-- ----------------------------
-- Records of t_student_jsp
-- ----------------------------
INSERT INTO `t_student_jsp` VALUES ('1', '211106101', '张三', '0');
INSERT INTO `t_student_jsp` VALUES ('2', '211106102', '李四', '1');
INSERT INTO `t_student_jsp` VALUES ('3', '211106103', '王五', '0');

-- ----------------------------
-- Table structure for t_user
-- ----------------------------
DROP TABLE IF EXISTS `t_user`;
CREATE TABLE `t_user` (
  `user_id` int(11) NOT NULL AUTO_INCREMENT,
  `login_name` varchar(32) DEFAULT NULL,
  `nick_name` varchar(32) DEFAULT NULL,
  `password` varchar(255) DEFAULT NULL,
  `salt` varchar(255) DEFAULT NULL,
  `user_role` int(11) DEFAULT NULL,
  `state` int(11) DEFAULT NULL,
  `create_id` int(11) DEFAULT NULL,
  `create_time` datetime DEFAULT NULL,
  PRIMARY KEY (`user_id`),
  KEY `FK_USER_ROLE` (`user_role`),
  CONSTRAINT `FK_USER_ROLE` FOREIGN KEY (`user_role`) REFERENCES `t_role` (`role_id`)
) ENGINE=InnoDB AUTO_INCREMENT=3 DEFAULT CHARSET=utf8;

-- ----------------------------
-- Records of t_user
-- ----------------------------
INSERT INTO `t_user` VALUES ('1', 'admin', 'wrp', '123456', null, '1', '1', '1', '2015-03-04 22:55:38');
INSERT INTO `t_user` VALUES ('2', 'cjr', '陈家瑞', '123456', null, '2', '1', '1', '2015-03-05 11:21:11');

-- ----------------------------
-- Table structure for t_work
-- ----------------------------
DROP TABLE IF EXISTS `t_work`;
CREATE TABLE `t_work` (
  `w_id` int(11) NOT NULL AUTO_INCREMENT,
  `c_id` int(11) DEFAULT NULL,
  `c_name` varchar(50) DEFAULT NULL,
  `w_add_time` datetime DEFAULT NULL,
  `w_desc` varchar(255) DEFAULT NULL,
  PRIMARY KEY (`w_id`),
  KEY `FK_WORK_COURSE` (`c_id`),
  CONSTRAINT `FK_WORK_COURSE` FOREIGN KEY (`c_id`) REFERENCES `t_course` (`c_id`)
) ENGINE=InnoDB AUTO_INCREMENT=2 DEFAULT CHARSET=utf8;

-- ----------------------------
-- Records of t_work
-- ----------------------------
INSERT INTO `t_work` VALUES ('1', '3', '2011', '2015-04-17 20:55:06', '做一个网上商城的项目。');

-- ----------------------------
-- Table structure for t_work_info
-- ----------------------------
DROP TABLE IF EXISTS `t_work_info`;
CREATE TABLE `t_work_info` (
  `wi_id` int(11) NOT NULL AUTO_INCREMENT,
  `w_id` int(11) DEFAULT NULL,
  `s_id` int(11) DEFAULT NULL,
  `wi_add_time` datetime DEFAULT NULL,
  `wi_file_name` varchar(100) DEFAULT NULL,
  `wi_file_addr` varchar(100) DEFAULT '0',
  `wi_file_size` int(11) DEFAULT NULL,
  `w_i_desc` varchar(500) DEFAULT NULL,
  PRIMARY KEY (`wi_id`),
  KEY `FK_WORKINFO_WORK` (`w_id`),
  KEY `FK_WORKINFO_STUDENT` (`s_id`),
  CONSTRAINT `FK_WORKINFO_STUDENT` FOREIGN KEY (`s_id`) REFERENCES `t_student` (`s_id`),
  CONSTRAINT `FK_WORKINFO_WORK` FOREIGN KEY (`w_id`) REFERENCES `t_work` (`w_id`)
) ENGINE=InnoDB AUTO_INCREMENT=3 DEFAULT CHARSET=utf8;

-- ----------------------------
-- Records of t_work_info
-- ----------------------------
INSERT INTO `t_work_info` VALUES ('1', '1', '1', '2015-04-17 20:56:12', 'XjyWeb.zip', 'File/Resources/201504/6957552017042015.zip', '6432296', '使用SSH框架。');
INSERT INTO `t_work_info` VALUES ('2', '1', '31', '2015-04-17 21:05:43', 'HotelSys.zip', 'File/Resources/201504/46024052117042015.zip', '1728941', '使用servlet+jdbc。');

-- ----------------------------
-- View structure for v_course
-- ----------------------------
DROP VIEW IF EXISTS `v_course`;
CREATE ALGORITHM=UNDEFINED DEFINER=`root`@`localhost` SQL SECURITY DEFINER  VIEW `v_course` AS select `t1`.`c_id` AS `c_id`,`t1`.`c_name` AS `c_name`,`t1`.`t_id` AS `t_id`,`t1`.`c_attend_time` AS `c_attend_time`,`t1`.`c_attend_addr` AS `c_attend_addr`,`t2`.`nick_name` AS `nick_name`,concat(`t4`.`aa_name`,'-',`t3`.`aa_name`) AS `aa_name` from (((`t_course` `t1` left join `t_user` `t2` on((`t1`.`t_id` = `t2`.`user_id`))) left join `t_attend_addr` `t3` on((`t1`.`c_attend_addr` = `t3`.`aa_id`))) left join `t_attend_addr` `t4` on((`t3`.`aa_pid` = `t4`.`aa_id`))) ;

-- ----------------------------
-- View structure for v_course_info
-- ----------------------------
DROP VIEW IF EXISTS `v_course_info`;
CREATE ALGORITHM=UNDEFINED DEFINER=`root`@`localhost` SQL SECURITY DEFINER  VIEW `v_course_info` AS select `t1`.`ci_id` AS `ci_id`,`t1`.`c_id` AS `c_id`,`t1`.`ct_id` AS `ct_id`,`t1`.`s_id` AS `s_id`,`t1`.`attendance_info` AS `attendance_info`,`t1`.`work_info` AS `work_info`,`t2`.`s_no` AS `s_no`,`t2`.`s_name` AS `s_name`,`t3`.`c_name` AS `c_name`,`t4`.`ct_time` AS `ct_time` from (((`t_course_info` `t1` left join `t_course` `t3` on((`t1`.`c_id` = `t3`.`c_id`))) left join `t_student` `t2` on((`t1`.`s_id` = `t2`.`s_id`))) left join `t_course_time` `t4` on((`t1`.`ct_id` = `t4`.`ct_id`))) ;

-- ----------------------------
-- View structure for v_course_student
-- ----------------------------
DROP VIEW IF EXISTS `v_course_student`;
CREATE ALGORITHM=UNDEFINED DEFINER=`root`@`localhost` SQL SECURITY DEFINER  VIEW `v_course_student` AS select `t1`.`cs_id` AS `cs_id`,`t1`.`c_id` AS `c_id`,`t1`.`s_id` AS `s_id`,`t2`.`s_no` AS `s_no`,`t2`.`s_name` AS `s_name` from (`t_course_student` `t1` left join `t_student` `t2` on((`t1`.`s_id` = `t2`.`s_id`))) ;

-- ----------------------------
-- View structure for v_message
-- ----------------------------
DROP VIEW IF EXISTS `v_message`;
CREATE ALGORITHM=UNDEFINED DEFINER=`root`@`localhost` SQL SECURITY DEFINER  VIEW `v_message` AS select `t1`.`msg_id` AS `msg_id`,`t1`.`msg_pid` AS `msg_pid`,`t1`.`user_id` AS `user_id`,`t1`.`student_id` AS `student_id`,`t1`.`send__role` AS `send__role`,`t1`.`msg_content` AS `msg_content`,`t1`.`msg_add_time` AS `msg_add_time`,`t1`.`msg_is_read` AS `msg_is_read`,`t4`.`role_name` AS `role_name`,`t1`.`msg_is_reply` AS `msg_is_reply`,`t2`.`nick_name` AS `teacher_name`,`t3`.`s_name` AS `student_name`,`t3`.`s_no` AS `s_no` from (((`t_message` `t1` left join `t_user` `t2` on((`t1`.`user_id` = `t2`.`user_id`))) left join `t_student` `t3` on((`t1`.`student_id` = `t3`.`s_id`))) left join `t_role` `t4` on((`t1`.`send__role` = `t4`.`role_id`))) ;

-- ----------------------------
-- View structure for v_news
-- ----------------------------
DROP VIEW IF EXISTS `v_news`;
CREATE ALGORITHM=UNDEFINED DEFINER=`root`@`localhost` SQL SECURITY DEFINER  VIEW `v_news` AS select `t1`.`news_id` AS `news_id`,`t1`.`news_title` AS `news_title`,`t1`.`news_content` AS `news_content`,`t1`.`add_user` AS `add_user`,`t1`.`add_time` AS `add_time`,`t2`.`nick_name` AS `nick_name` from (`t_news` `t1` left join `t_user` `t2` on((`t1`.`add_user` = `t2`.`user_id`))) ;

-- ----------------------------
-- View structure for v_notice
-- ----------------------------
DROP VIEW IF EXISTS `v_notice`;
CREATE ALGORITHM=UNDEFINED DEFINER=`root`@`localhost` SQL SECURITY DEFINER  VIEW `v_notice` AS select `t1`.`notice_id` AS `notice_id`,`t1`.`notice_title` AS `notice_title`,`t1`.`notice_content` AS `notice_content`,`t1`.`add_user` AS `add_user`,`t1`.`add_time` AS `add_time`,`t2`.`nick_name` AS `nick_name` from (`t_notice` `t1` left join `t_user` `t2` on((`t1`.`add_user` = `t2`.`user_id`))) ;

-- ----------------------------
-- View structure for v_student
-- ----------------------------
DROP VIEW IF EXISTS `v_student`;
CREATE ALGORITHM=UNDEFINED DEFINER=`root`@`localhost` SQL SECURITY DEFINER  VIEW `v_student` AS select `t1`.`s_id` AS `s_id`,`t1`.`s_no` AS `s_no`,`t1`.`s_name` AS `s_name`,`t1`.`s_password` AS `s_password`,`t1`.`salt` AS `salt`,`t1`.`user_role` AS `user_role`,`t1`.`s_sex` AS `s_sex`,`t1`.`d_id` AS `d_id`,`t1`.`grade` AS `grade`,`t1`.`s_class` AS `s_class`,`t2`.`d_name` AS `d_name`,`t2`.`d_pid` AS `d_pid` from (`t_student` `t1` left join `t_department` `t2` on((`t1`.`d_id` = `t2`.`d_id`))) ;

-- ----------------------------
-- View structure for v_user
-- ----------------------------
DROP VIEW IF EXISTS `v_user`;
CREATE ALGORITHM=UNDEFINED DEFINER=`root`@`localhost` SQL SECURITY DEFINER  VIEW `v_user` AS select `t1`.`user_id` AS `user_id`,`t1`.`login_name` AS `login_name`,`t1`.`nick_name` AS `nick_name`,`t1`.`password` AS `password`,`t1`.`salt` AS `salt`,`t1`.`user_role` AS `user_role`,`t1`.`state` AS `state`,`t1`.`create_id` AS `create_id`,`t1`.`create_time` AS `create_time`,`t2`.`role_name` AS `role_name`,`t2`.`role_code` AS `role_code`,`t3`.`login_name` AS `create_name` from ((`t_user` `t1` left join `t_role` `t2` on((`t1`.`user_role` = `t2`.`role_id`))) left join `t_user` `t3` on((`t1`.`create_id` = `t3`.`user_id`))) ;

--20180408 王荣坡
DROP VIEW IF EXISTS `v_notice`;
DROP VIEW IF EXISTS `v_news`;
DROP VIEW IF EXISTS `v_message`;
DROP TABLE IF EXISTS `t_student_jsp`;
DROP TABLE IF EXISTS `t_notice`;
DROP TABLE IF EXISTS `t_news`;
DROP TABLE IF EXISTS `t_message`;

DROP TABLE IF EXISTS `t_message`;
CREATE TABLE `t_message` (
  `msg_id` int(11) NOT NULL AUTO_INCREMENT,
  `msg_pid` int(11) NOT NULL,
  `msg_type` int(1) NOT NULL COMMENT '消息类型。1：提问，2：讨论',
  `msg_content` varchar(500) NOT NULL,
  `create_time` datetime DEFAULT NULL,
  `w_id` int(11) NOT NULL COMMENT '作业ID',
  `oper_role` int(1) NOT NULL COMMENT '发送角色，1:老师，2:学生',
  `oper_id` int(11) NOT NULL COMMENT '发送者ID',
  PRIMARY KEY (`msg_id`)
) ENGINE=InnoDB AUTO_INCREMENT=3 DEFAULT CHARSET=utf8;