/*
Navicat MySQL Data Transfer

Source Server         : loc
Source Server Version : 50528
Source Host           : localhost:3306
Source Database       : h5_work_sys

Target Server Type    : MYSQL
Target Server Version : 50528
File Encoding         : 65001

Date: 2018-04-08 15:09:32
*/

SET FOREIGN_KEY_CHECKS=0;

-- ----------------------------
-- Table structure for `t_answer`
-- ----------------------------
DROP TABLE IF EXISTS `t_answer`;
CREATE TABLE `t_answer` (
  `a_id` int(11) NOT NULL AUTO_INCREMENT,
  `a_answer` varchar(255) DEFAULT NULL,
  `q_id` int(11) NOT NULL,
  PRIMARY KEY (`a_id`)
) ENGINE=InnoDB DEFAULT CHARSET=utf8;

-- ----------------------------
-- Records of t_answer
-- ----------------------------

-- ----------------------------
-- Table structure for `t_attend_addr`
-- ----------------------------
DROP TABLE IF EXISTS `t_attend_addr`;
CREATE TABLE `t_attend_addr` (
  `aa_id` int(11) NOT NULL AUTO_INCREMENT,
  `aa_name` varchar(50) DEFAULT NULL,
  `aa_pid` int(11) DEFAULT '0',
  PRIMARY KEY (`aa_id`)
) ENGINE=InnoDB AUTO_INCREMENT=11 DEFAULT CHARSET=utf8;

-- ----------------------------
-- Records of t_attend_addr
-- ----------------------------
INSERT INTO `t_attend_addr` VALUES ('1', '化工楼', '0');
INSERT INTO `t_attend_addr` VALUES ('2', '101', '1');
INSERT INTO `t_attend_addr` VALUES ('3', '102', '1');
INSERT INTO `t_attend_addr` VALUES ('4', '103', '1');
INSERT INTO `t_attend_addr` VALUES ('5', '东教', '0');
INSERT INTO `t_attend_addr` VALUES ('6', '电机', '0');
INSERT INTO `t_attend_addr` VALUES ('7', '101', '5');
INSERT INTO `t_attend_addr` VALUES ('8', '102', '5');
INSERT INTO `t_attend_addr` VALUES ('9', '613', '6');
INSERT INTO `t_attend_addr` VALUES ('10', '614', '6');

-- ----------------------------
-- Table structure for `t_course`
-- ----------------------------
DROP TABLE IF EXISTS `t_course`;
CREATE TABLE `t_course` (
  `c_id` int(11) NOT NULL AUTO_INCREMENT,
  `c_name` varchar(50) DEFAULT NULL,
  `t_id` int(11) DEFAULT NULL,
  `c_attend_time` datetime DEFAULT NULL,
  `c_attend_addr` int(11) DEFAULT NULL,
  PRIMARY KEY (`c_id`)
) ENGINE=InnoDB AUTO_INCREMENT=5 DEFAULT CHARSET=utf8;

-- ----------------------------
-- Records of t_course
-- ----------------------------
INSERT INTO `t_course` VALUES ('1', '2010', '2', '2015-03-05 10:00:00', '7');
INSERT INTO `t_course` VALUES ('2', '2012', '2', '2015-03-07 10:00:00', '2');
INSERT INTO `t_course` VALUES ('3', '2011', '2', '2015-03-10 14:34:03', '2');
INSERT INTO `t_course` VALUES ('4', '2013', '2', '2015-03-10 14:34:39', '2');

-- ----------------------------
-- Table structure for `t_course_info`
-- ----------------------------
DROP TABLE IF EXISTS `t_course_info`;
CREATE TABLE `t_course_info` (
  `ci_id` int(11) NOT NULL AUTO_INCREMENT,
  `c_id` int(11) NOT NULL,
  `ct_id` int(11) NOT NULL,
  `s_id` int(11) NOT NULL,
  `attendance_info` int(11) DEFAULT '0',
  `work_info` int(11) DEFAULT '0',
  PRIMARY KEY (`ci_id`)
) ENGINE=InnoDB AUTO_INCREMENT=46 DEFAULT CHARSET=utf8;

-- ----------------------------
-- Records of t_course_info
-- ----------------------------
INSERT INTO `t_course_info` VALUES ('16', '3', '31', '25', '3', '2');
INSERT INTO `t_course_info` VALUES ('17', '3', '31', '26', '1', '1');
INSERT INTO `t_course_info` VALUES ('18', '3', '31', '27', '1', '3');
INSERT INTO `t_course_info` VALUES ('19', '3', '31', '28', '1', '2');
INSERT INTO `t_course_info` VALUES ('20', '3', '31', '29', '1', '1');
INSERT INTO `t_course_info` VALUES ('21', '3', '31', '1', '1', '2');
INSERT INTO `t_course_info` VALUES ('22', '3', '31', '30', '2', '3');
INSERT INTO `t_course_info` VALUES ('23', '3', '31', '32', '1', '1');
INSERT INTO `t_course_info` VALUES ('24', '3', '31', '31', '1', '3');
INSERT INTO `t_course_info` VALUES ('25', '3', '31', '33', '3', '1');
INSERT INTO `t_course_info` VALUES ('26', '3', '30', '25', '1', '1');
INSERT INTO `t_course_info` VALUES ('27', '3', '30', '26', '1', '1');
INSERT INTO `t_course_info` VALUES ('28', '3', '30', '27', '2', '2');
INSERT INTO `t_course_info` VALUES ('29', '3', '30', '28', '1', '1');
INSERT INTO `t_course_info` VALUES ('30', '3', '30', '29', '3', '1');
INSERT INTO `t_course_info` VALUES ('31', '3', '30', '1', '1', '3');
INSERT INTO `t_course_info` VALUES ('32', '3', '30', '30', '4', '1');
INSERT INTO `t_course_info` VALUES ('33', '3', '30', '32', '1', '1');
INSERT INTO `t_course_info` VALUES ('34', '3', '30', '31', '1', '3');
INSERT INTO `t_course_info` VALUES ('35', '3', '30', '33', '4', '1');
INSERT INTO `t_course_info` VALUES ('36', '1', '41', '35', '1', '0');
INSERT INTO `t_course_info` VALUES ('37', '1', '41', '36', '2', '0');
INSERT INTO `t_course_info` VALUES ('38', '1', '41', '37', '1', '0');
INSERT INTO `t_course_info` VALUES ('39', '1', '41', '38', '1', '0');
INSERT INTO `t_course_info` VALUES ('40', '1', '41', '39', '4', '0');
INSERT INTO `t_course_info` VALUES ('41', '1', '41', '40', '3', '0');
INSERT INTO `t_course_info` VALUES ('42', '1', '41', '41', '1', '0');
INSERT INTO `t_course_info` VALUES ('43', '1', '41', '42', '1', '0');
INSERT INTO `t_course_info` VALUES ('44', '1', '41', '25', '1', '0');
INSERT INTO `t_course_info` VALUES ('45', '1', '41', '26', '1', '0');

-- ----------------------------
-- Table structure for `t_course_student`
-- ----------------------------
DROP TABLE IF EXISTS `t_course_student`;
CREATE TABLE `t_course_student` (
  `cs_id` int(11) NOT NULL AUTO_INCREMENT,
  `c_id` int(11) NOT NULL,
  `s_id` int(11) NOT NULL,
  PRIMARY KEY (`cs_id`)
) ENGINE=InnoDB AUTO_INCREMENT=35 DEFAULT CHARSET=utf8;

-- ----------------------------
-- Records of t_course_student
-- ----------------------------
INSERT INTO `t_course_student` VALUES ('14', '3', '25');
INSERT INTO `t_course_student` VALUES ('15', '3', '26');
INSERT INTO `t_course_student` VALUES ('16', '3', '27');
INSERT INTO `t_course_student` VALUES ('17', '3', '28');
INSERT INTO `t_course_student` VALUES ('18', '3', '29');
INSERT INTO `t_course_student` VALUES ('19', '3', '1');
INSERT INTO `t_course_student` VALUES ('20', '3', '30');
INSERT INTO `t_course_student` VALUES ('21', '3', '32');
INSERT INTO `t_course_student` VALUES ('22', '3', '31');
INSERT INTO `t_course_student` VALUES ('24', '3', '33');
INSERT INTO `t_course_student` VALUES ('25', '1', '35');
INSERT INTO `t_course_student` VALUES ('26', '1', '36');
INSERT INTO `t_course_student` VALUES ('27', '1', '37');
INSERT INTO `t_course_student` VALUES ('28', '1', '38');
INSERT INTO `t_course_student` VALUES ('29', '1', '39');
INSERT INTO `t_course_student` VALUES ('30', '1', '40');
INSERT INTO `t_course_student` VALUES ('31', '1', '41');
INSERT INTO `t_course_student` VALUES ('32', '1', '42');
INSERT INTO `t_course_student` VALUES ('33', '1', '25');
INSERT INTO `t_course_student` VALUES ('34', '1', '26');

-- ----------------------------
-- Table structure for `t_course_time`
-- ----------------------------
DROP TABLE IF EXISTS `t_course_time`;
CREATE TABLE `t_course_time` (
  `ct_id` int(11) NOT NULL AUTO_INCREMENT,
  `c_id` int(11) NOT NULL,
  `ct_time` datetime DEFAULT NULL,
  `is_attendance` int(11) DEFAULT '0',
  `is_work` int(11) DEFAULT '0',
  PRIMARY KEY (`ct_id`)
) ENGINE=InnoDB AUTO_INCREMENT=44 DEFAULT CHARSET=utf8;

-- ----------------------------
-- Records of t_course_time
-- ----------------------------
INSERT INTO `t_course_time` VALUES ('30', '3', '2015-03-19 00:00:00', '1', '1');
INSERT INTO `t_course_time` VALUES ('31', '3', '2015-03-17 00:00:00', '1', '1');
INSERT INTO `t_course_time` VALUES ('32', '3', '2015-03-24 00:00:00', '0', '0');
INSERT INTO `t_course_time` VALUES ('33', '3', '2015-03-27 00:00:00', '0', '0');
INSERT INTO `t_course_time` VALUES ('34', '3', '2015-04-02 00:00:00', '0', '0');
INSERT INTO `t_course_time` VALUES ('35', '3', '2015-04-14 00:00:00', '0', '0');
INSERT INTO `t_course_time` VALUES ('36', '3', '2015-04-16 00:00:00', '0', '0');
INSERT INTO `t_course_time` VALUES ('37', '3', '2015-04-21 00:00:00', '0', '0');
INSERT INTO `t_course_time` VALUES ('38', '3', '2015-04-23 00:00:00', '0', '0');
INSERT INTO `t_course_time` VALUES ('39', '3', '2015-04-28 00:00:00', '0', '0');
INSERT INTO `t_course_time` VALUES ('40', '3', '2015-04-30 00:00:00', '0', '0');
INSERT INTO `t_course_time` VALUES ('41', '1', '2015-04-13 00:00:00', '1', '0');
INSERT INTO `t_course_time` VALUES ('42', '1', '2015-04-17 00:00:00', '0', '0');
INSERT INTO `t_course_time` VALUES ('43', '1', '2015-04-20 00:00:00', '0', '0');

-- ----------------------------
-- Table structure for `t_department`
-- ----------------------------
DROP TABLE IF EXISTS `t_department`;
CREATE TABLE `t_department` (
  `d_id` int(11) NOT NULL AUTO_INCREMENT,
  `leaf` tinyint(4) DEFAULT NULL,
  `d_name` varchar(50) NOT NULL,
  `d_pid` int(11) DEFAULT '0',
  PRIMARY KEY (`d_id`),
  KEY `d_pid` (`d_pid`)
) ENGINE=InnoDB AUTO_INCREMENT=7 DEFAULT CHARSET=utf8;

-- ----------------------------
-- Records of t_department
-- ----------------------------
INSERT INTO `t_department` VALUES ('1', null, '计算机工程系', '0');
INSERT INTO `t_department` VALUES ('2', null, '软件工程', '1');
INSERT INTO `t_department` VALUES ('3', null, '网络工程', '1');
INSERT INTO `t_department` VALUES ('4', null, '计算机科学与技术', '1');
INSERT INTO `t_department` VALUES ('5', null, '音乐系', '0');
INSERT INTO `t_department` VALUES ('6', null, '音乐', '5');

-- ----------------------------
-- Table structure for `t_menu`
-- ----------------------------
DROP TABLE IF EXISTS `t_menu`;
CREATE TABLE `t_menu` (
  `menu_id` int(11) NOT NULL AUTO_INCREMENT,
  `menu_code` varchar(32) DEFAULT NULL,
  `menu_pid` int(11) NOT NULL,
  `menu_name` varchar(32) DEFAULT NULL,
  `menu_link` varchar(50) DEFAULT NULL,
  `sort` int(11) DEFAULT NULL,
  `state` int(11) DEFAULT NULL,
  PRIMARY KEY (`menu_id`)
) ENGINE=InnoDB AUTO_INCREMENT=33 DEFAULT CHARSET=utf8;

-- ----------------------------
-- Records of t_menu
-- ----------------------------
INSERT INTO `t_menu` VALUES ('1', 'system', '0', '系统管理', '', '5', '1');
INSERT INTO `t_menu` VALUES ('2', 'menu', '1', '菜单管理', 'menu', '1', '1');
INSERT INTO `t_menu` VALUES ('3', 'role', '1', '角色管理', 'role', '2', '1');
INSERT INTO `t_menu` VALUES ('4', 'user', '1', '用户管理', 'user', '3', '1');
INSERT INTO `t_menu` VALUES ('5', 'zidian', '0', '系统数据', '', '6', '1');
INSERT INTO `t_menu` VALUES ('6', 'attendAddr', '5', '上课地址管理', 'attendAddr', '2', '1');
INSERT INTO `t_menu` VALUES ('8', 'info', '0', '信息管理', '', '1', '1');
INSERT INTO `t_menu` VALUES ('9', 'attendance', '8', '出勤和作业提交统计', 'courseStudent/attendanceInit', '4', '1');
INSERT INTO `t_menu` VALUES ('10', 'student', '8', '学生信息管理', 'student', '1', '1');
INSERT INTO `t_menu` VALUES ('11', 'course', '8', '课程管理', 'course', '2', '1');
INSERT INTO `t_menu` VALUES ('13', 'department', '5', '系别管理', 'department', '1', '1');
INSERT INTO `t_menu` VALUES ('21', 'toStudentAttendanceWork', '8', '出勤和作业提交修改', 'courseStudent/toStudentAttendanceWork', '3', '1');
INSERT INTO `t_menu` VALUES ('23', 'gongneng', '0', '教师工具', '', '4', '1');
INSERT INTO `t_menu` VALUES ('29', 'work', '8', '作业管理', 'work', '5', '1');
INSERT INTO `t_menu` VALUES ('31', '1429321176178', '0', '父', '', null, '1');
INSERT INTO `t_menu` VALUES ('32', 'questionAnswer', '23', '题库管理', 'questionAnswer', '1', '1');

-- ----------------------------
-- Table structure for `t_notice`
-- ----------------------------
DROP TABLE IF EXISTS `t_notice`;
CREATE TABLE `t_notice` (
  `notice_id` int(11) NOT NULL AUTO_INCREMENT,
  `notice_title` varchar(50) NOT NULL,
  `notice_content` longtext NOT NULL,
  `add_user` int(11) NOT NULL,
  `add_time` datetime DEFAULT NULL,
  PRIMARY KEY (`notice_id`),
  KEY `FK_NOTICE_USER` (`add_user`),
  CONSTRAINT `FK_NOTICE_USER` FOREIGN KEY (`add_user`) REFERENCES `t_user` (`user_id`)
) ENGINE=InnoDB AUTO_INCREMENT=37 DEFAULT CHARSET=utf8;

-- ----------------------------
-- Records of t_notice
-- ----------------------------
INSERT INTO `t_notice` VALUES ('25', '关于我院低压开关柜、电力变压器竞争性谈判招标公告', '<p class=\"MsoNormal\" style=\"margin-top:0px;margin-bottom:0px;padding:0px;color:#333333;font-family:\'Lucida Grande\', Verdana, Lucida, Arial, Helvetica, \'Times New Roman\', 宋体, sans-serif;white-space:normal;background-color:#FFFFFF;\">\r\n	<span lang=\"EN-US\" style=\"font-family:宋体;\">1</span><span style=\"font-family:宋体;\">、采购单位：福州大学至诚学院<span lang=\"EN-US\"><o:p></o:p></span></span>\r\n</p>\r\n<p class=\"MsoNormal\" style=\"margin-top:0px;margin-bottom:0px;padding:0px;color:#333333;font-family:\'Lucida Grande\', Verdana, Lucida, Arial, Helvetica, \'Times New Roman\', 宋体, sans-serif;white-space:normal;background-color:#FFFFFF;\">\r\n	<span lang=\"EN-US\" style=\"font-family:宋体;\">&nbsp;&nbsp;&nbsp;</span><span style=\"font-family:宋体;\">联系人：林老师<span lang=\"EN-US\"><o:p></o:p></span></span>\r\n</p>\r\n<p class=\"MsoNormal\" style=\"margin-top:0px;margin-bottom:0px;padding:0px;color:#333333;font-family:\'Lucida Grande\', Verdana, Lucida, Arial, Helvetica, \'Times New Roman\', 宋体, sans-serif;white-space:normal;background-color:#FFFFFF;\">\r\n	<span lang=\"EN-US\" style=\"font-family:宋体;\">&nbsp;&nbsp;&nbsp;</span><span style=\"font-family:宋体;\">联系电话：<span lang=\"EN-US\">0591-83779501<o:p></o:p></span></span>\r\n</p>\r\n<p class=\"MsoNormal\" style=\"margin-top:0px;margin-bottom:0px;padding:0px;color:#333333;font-family:\'Lucida Grande\', Verdana, Lucida, Arial, Helvetica, \'Times New Roman\', 宋体, sans-serif;white-space:normal;background-color:#FFFFFF;\">\r\n	<span lang=\"EN-US\" style=\"font-family:宋体;\">2</span><span style=\"font-family:宋体;\">、招标文书编号：<span lang=\"EN-US\">FYZB-S2-2015007<o:p></o:p></span></span>\r\n</p>\r\n<p class=\"MsoNormal\" style=\"margin-top:0px;margin-bottom:0px;padding:0px;color:#333333;font-family:\'Lucida Grande\', Verdana, Lucida, Arial, Helvetica, \'Times New Roman\', 宋体, sans-serif;white-space:normal;background-color:#FFFFFF;\">\r\n	<span lang=\"EN-US\" style=\"font-family:宋体;\">3</span><span style=\"font-family:宋体;\">、项目名称、数量及预算：<span lang=\"EN-US\"><o:p></o:p></span></span>\r\n</p>\r\n<p style=\"margin-top:0px;margin-bottom:0px;padding:0px;color:#333333;font-family:\'Lucida Grande\', Verdana, Lucida, Arial, Helvetica, \'Times New Roman\', 宋体, sans-serif;line-height:15.6000003814697px;white-space:normal;background-color:#FFFFFF;\">\r\n	<br />\r\n</p>\r\n<table class=\"MsoNormalTable\" border=\"1\" cellspacing=\"0\" cellpadding=\"0\" style=\"color:#333333;font-family:\'Lucida Grande\', Verdana, Lucida, Arial, Helvetica, \'Times New Roman\', 宋体, sans-serif;font-size:12px;line-height:15.6000003814697px;border:medium none;background-color:#FFFFFF;\">\r\n	<tbody>\r\n		<tr>\r\n			<td width=\"64\" style=\"border:1.25pt solid windowtext;padding:0cm 5.4pt;width:47.95pt;\">\r\n				<p class=\"MsoNormal\" style=\"margin-top:0px;margin-bottom:0px;padding:0px;\">\r\n					<span style=\"font-family:宋体;\">合同包<span lang=\"EN-US\"><o:p></o:p></span></span>\r\n				</p>\r\n			</td>\r\n			<td width=\"94\" style=\"border-bottom-color:windowtext;border-width:1.25pt 1.25pt 1.25pt medium;border-style:solid solid solid none;padding:0cm 5.4pt;width:70.85pt;border-top-color:windowtext;border-right-color:windowtext;\">\r\n				<p class=\"MsoNormal\" style=\"margin-top:0px;margin-bottom:0px;padding:0px;\">\r\n					<span style=\"font-family:宋体;\">项目名称<span lang=\"EN-US\"><o:p></o:p></span></span>\r\n				</p>\r\n			</td>\r\n			<td width=\"66\" style=\"border-bottom-color:windowtext;border-width:1.25pt 1.25pt 1.25pt medium;border-style:solid solid solid none;padding:0cm 5.4pt;width:49.65pt;border-top-color:windowtext;border-right-color:windowtext;\">\r\n				<p class=\"MsoNormal\" style=\"margin-top:0px;margin-bottom:0px;padding:0px;\">\r\n					<span style=\"font-family:宋体;\">数量<span lang=\"EN-US\"><o:p></o:p></span></span>\r\n				</p>\r\n			</td>\r\n			<td width=\"66\" style=\"border-bottom-color:windowtext;border-width:1.25pt 1.25pt 1.25pt medium;border-style:solid solid solid none;padding:0cm 5.4pt;width:49.6pt;border-top-color:windowtext;border-right-color:windowtext;\">\r\n				<p class=\"MsoNormal\" style=\"margin-top:0px;margin-bottom:0px;padding:0px;\">\r\n					<span style=\"font-family:宋体;\">是否进口论证<span lang=\"EN-US\"><o:p></o:p></span></span>\r\n				</p>\r\n			</td>\r\n			<td width=\"142\" style=\"border-bottom-color:windowtext;border-width:1.25pt 1.25pt 1.25pt medium;border-style:solid solid solid none;padding:0cm 5.4pt;width:106.3pt;border-top-color:windowtext;border-right-color:windowtext;\">\r\n				<p class=\"MsoNormal\" style=\"margin-top:0px;margin-bottom:0px;padding:0px;\">\r\n					<span style=\"font-family:宋体;\">主要技<span lang=\"EN-US\"><o:p></o:p></span></span>\r\n				</p>\r\n				<p class=\"MsoNormal\" style=\"margin-top:0px;margin-bottom:0px;padding:0px;\">\r\n					<span style=\"font-family:宋体;\">术规格<span lang=\"EN-US\"><o:p></o:p></span></span>\r\n				</p>\r\n			</td>\r\n			<td width=\"104\" style=\"border-bottom-color:windowtext;border-width:1.25pt 1.25pt 1.25pt medium;border-style:solid solid solid none;padding:0cm 5.4pt;width:77.95pt;border-top-color:windowtext;border-right-color:windowtext;\">\r\n				<p class=\"MsoNormal\" style=\"margin-top:0px;margin-bottom:0px;padding:0px;\">\r\n					<span style=\"font-family:宋体;\">交货地点<span lang=\"EN-US\"><o:p></o:p></span></span>\r\n				</p>\r\n			</td>\r\n			<td width=\"132\" style=\"border-bottom-color:windowtext;border-width:1.25pt 1.25pt 1.25pt medium;border-style:solid solid solid none;padding:0cm 5.4pt;width:99.25pt;border-top-color:windowtext;border-right-color:windowtext;\">\r\n				<p class=\"MsoNormal\" style=\"margin-top:0px;margin-bottom:0px;padding:0px;\">\r\n					<span style=\"font-family:宋体;\">项目预算价<span lang=\"EN-US\"><o:p></o:p></span></span>\r\n				</p>\r\n			</td>\r\n		</tr>\r\n		<tr>\r\n			<td width=\"64\" style=\"border-bottom-color:windowtext;border-width:medium 1.25pt 1.25pt;border-style:none solid solid;border-left-color:windowtext;padding:0cm 5.4pt;width:47.95pt;border-right-color:windowtext;\">\r\n				<p class=\"MsoNormal\" style=\"margin-top:0px;margin-bottom:0px;padding:0px;\">\r\n					<span style=\"font-family:宋体;\">包<span lang=\"EN-US\">1<o:p></o:p></span></span>\r\n				</p>\r\n			</td>\r\n			<td width=\"94\" style=\"border-bottom-color:windowtext;border-width:medium 1.25pt 1.25pt medium;border-style:none solid solid none;padding:0cm 5.4pt;width:70.85pt;border-right-color:windowtext;\">\r\n				<p class=\"MsoNormal\" style=\"margin-top:0px;margin-bottom:0px;padding:0px;\">\r\n					<span style=\"font-family:宋体;\">低压开关柜<span lang=\"EN-US\"><o:p></o:p></span></span>\r\n				</p>\r\n			</td>\r\n			<td width=\"66\" style=\"border-bottom-color:windowtext;border-width:medium 1.25pt 1.25pt medium;border-style:none solid solid none;padding:0cm 5.4pt;width:49.65pt;border-right-color:windowtext;\">\r\n				<p class=\"MsoNormal\" style=\"margin-top:0px;margin-bottom:0px;padding:0px;\">\r\n					<span lang=\"EN-US\" style=\"font-family:宋体;\">1</span><span style=\"font-family:宋体;\">批<span lang=\"EN-US\"><o:p></o:p></span></span>\r\n				</p>\r\n			</td>\r\n			<td width=\"66\" style=\"border-bottom-color:windowtext;border-width:medium 1.25pt 1.25pt medium;border-style:none solid solid none;padding:0cm 5.4pt;width:49.6pt;border-right-color:windowtext;\">\r\n				<p class=\"MsoNormal\" style=\"margin-top:0px;margin-bottom:0px;padding:0px;\">\r\n					<span style=\"font-family:宋体;\">否<span lang=\"EN-US\"><o:p></o:p></span></span>\r\n				</p>\r\n			</td>\r\n			<td width=\"142\" style=\"border-width:medium 1.25pt medium medium;border-style:none solid none none;padding:0cm 5.4pt;width:106.3pt;border-right-color:windowtext;\">\r\n				<p class=\"MsoNormal\" style=\"margin-top:0px;margin-bottom:0px;padding:0px;\">\r\n					<span style=\"font-family:宋体;\">详见竞争性谈判文件第三章<span lang=\"EN-US\"><o:p></o:p></span></span>\r\n				</p>\r\n			</td>\r\n			<td width=\"104\" style=\"border-bottom-color:windowtext;border-width:medium 1.25pt 1.25pt medium;border-style:none solid solid none;padding:0cm 5.4pt;width:77.95pt;border-right-color:windowtext;\">\r\n				<p class=\"MsoNormal\" style=\"margin-top:0px;margin-bottom:0px;padding:0px;\">\r\n					<span style=\"font-family:宋体;\">福州大学至诚学院指定地点<span lang=\"EN-US\"><o:p></o:p></span></span>\r\n				</p>\r\n			</td>\r\n			<td width=\"132\" style=\"border-bottom-color:windowtext;border-width:medium 1.25pt 1.25pt medium;border-style:none solid solid none;padding:0cm 5.4pt;width:99.25pt;border-right-color:windowtext;\">\r\n				<p class=\"MsoNormal\" style=\"margin-top:0px;margin-bottom:0px;padding:0px;\">\r\n					<span style=\"font-family:宋体;\">人民币叁拾伍万元整<span lang=\"EN-US\">(</span>￥<span lang=\"EN-US\">350000)<o:p></o:p></span></span>\r\n				</p>\r\n			</td>\r\n		</tr>\r\n		<tr>\r\n			<td width=\"64\" style=\"border-bottom-color:windowtext;border-width:medium 1.25pt 1.25pt;border-style:none solid solid;border-left-color:windowtext;padding:0cm 5.4pt;width:47.95pt;border-right-color:windowtext;\">\r\n				<p class=\"MsoNormal\" style=\"margin-top:0px;margin-bottom:0px;padding:0px;\">\r\n					<span style=\"font-family:宋体;\">包<span lang=\"EN-US\">2<o:p></o:p></span></span>\r\n				</p>\r\n			</td>\r\n			<td width=\"94\" style=\"border-bottom-color:windowtext;border-width:medium 1.25pt 1.25pt medium;border-style:none solid solid none;padding:0cm 5.4pt;width:70.85pt;border-right-color:windowtext;\">\r\n				<p class=\"MsoNormal\" style=\"margin-top:0px;margin-bottom:0px;padding:0px;\">\r\n					<span style=\"font-family:宋体;\">电力变压器<span lang=\"EN-US\"><o:p></o:p></span></span>\r\n				</p>\r\n			</td>\r\n			<td width=\"66\" style=\"border-bottom-color:windowtext;border-width:medium 1.25pt 1.25pt medium;border-style:none solid solid none;padding:0cm 5.4pt;width:49.65pt;border-right-color:windowtext;\">\r\n				<p class=\"MsoNormal\" style=\"margin-top:0px;margin-bottom:0px;padding:0px;\">\r\n					<span lang=\"EN-US\" style=\"font-family:宋体;\">1</span><span style=\"font-family:宋体;\">套<span lang=\"EN-US\"><o:p></o:p></span></span>\r\n				</p>\r\n			</td>\r\n			<td width=\"66\" style=\"border-bottom-color:windowtext;border-width:medium 1.25pt 1.25pt medium;border-style:none solid solid none;padding:0cm 5.4pt;width:49.6pt;border-right-color:windowtext;\">\r\n				<p class=\"MsoNormal\" style=\"margin-top:0px;margin-bottom:0px;padding:0px;\">\r\n					<span style=\"font-family:宋体;\">否<span lang=\"EN-US\"><o:p></o:p></span></span>\r\n				</p>\r\n			</td>\r\n			<td width=\"142\" style=\"border-bottom-color:windowtext;border-width:medium 1.25pt 1.25pt medium;border-style:none solid solid none;padding:0cm 5.4pt;width:106.3pt;border-right-color:windowtext;\">\r\n				<p class=\"MsoNormal\" style=\"margin-top:0px;margin-bottom:0px;padding:0px;\">\r\n					<span style=\"font-family:宋体;\">详见竞争性谈判文件第三章<span lang=\"EN-US\"><o:p></o:p></span></span>\r\n				</p>\r\n			</td>\r\n			<td width=\"104\" style=\"border-bottom-color:windowtext;border-width:medium 1.25pt 1.25pt medium;border-style:none solid solid none;padding:0cm 5.4pt;width:77.95pt;border-right-color:windowtext;\">\r\n				<p class=\"MsoNormal\" style=\"margin-top:0px;margin-bottom:0px;padding:0px;\">\r\n					<span style=\"font-family:宋体;\">福州大学至诚学院指定地点<span lang=\"EN-US\"><o:p></o:p></span></span>\r\n				</p>\r\n			</td>\r\n			<td width=\"132\" style=\"border-bottom-color:windowtext;border-width:medium 1.25pt 1.25pt medium;border-style:none solid solid none;padding:0cm 5.4pt;width:99.25pt;border-right-color:windowtext;\">\r\n				<p class=\"MsoNormal\" style=\"margin-top:0px;margin-bottom:0px;padding:0px;\">\r\n					<span style=\"font-family:宋体;\">人民币壹拾伍万元整<span lang=\"EN-US\">(</span>￥<span lang=\"EN-US\">150000)<o:p></o:p></span></span>\r\n				</p>\r\n			</td>\r\n		</tr>\r\n	</tbody>\r\n</table>\r\n<p style=\"margin-top:0px;margin-bottom:0px;padding:0px;color:#333333;font-family:\'Lucida Grande\', Verdana, Lucida, Arial, Helvetica, \'Times New Roman\', 宋体, sans-serif;line-height:15.6000003814697px;white-space:normal;background-color:#FFFFFF;\">\r\n	<br />\r\n</p>\r\n<p class=\"MsoNormal\" style=\"margin-top:0px;margin-bottom:0px;padding:0px;color:#333333;font-family:\'Lucida Grande\', Verdana, Lucida, Arial, Helvetica, \'Times New Roman\', 宋体, sans-serif;white-space:normal;background-color:#FFFFFF;\">\r\n	<span lang=\"EN-US\" style=\"font-family:宋体;\">4</span><span style=\"font-family:宋体;\">、技术规格要求：详见竞争性谈判文件。<span lang=\"EN-US\"><o:p></o:p></span></span>\r\n</p>\r\n<p class=\"MsoNormal\" style=\"margin-top:0px;margin-bottom:0px;padding:0px;color:#333333;font-family:\'Lucida Grande\', Verdana, Lucida, Arial, Helvetica, \'Times New Roman\', 宋体, sans-serif;white-space:normal;background-color:#FFFFFF;\">\r\n	<span lang=\"EN-US\" style=\"font-family:宋体;\">5</span><span style=\"font-family:宋体;\">、投标人的资格要求：<span lang=\"EN-US\"><o:p></o:p></span></span>\r\n</p>\r\n<p class=\"MsoNormal\" style=\"margin-top:0px;margin-bottom:0px;padding:0px;color:#333333;font-family:\'Lucida Grande\', Verdana, Lucida, Arial, Helvetica, \'Times New Roman\', 宋体, sans-serif;white-space:normal;background-color:#FFFFFF;\">\r\n	<span lang=\"EN-US\" style=\"font-family:宋体;\">5.1&nbsp;</span><span style=\"font-family:宋体;\">凡有能力提供本竞争性谈判文件所述货物及服务、具有独立企业法人资格的境内供货商或制造商、具备政府采购法第二十二条规定条件的均可能成为合格的投标人。<span lang=\"EN-US\"><o:p></o:p></span></span>\r\n</p>\r\n<p class=\"MsoNormal\" style=\"margin-top:0px;margin-bottom:0px;padding:0px;color:#333333;font-family:\'Lucida Grande\', Verdana, Lucida, Arial, Helvetica, \'Times New Roman\', 宋体, sans-serif;white-space:normal;background-color:#FFFFFF;\">\r\n	<span lang=\"EN-US\" style=\"font-family:宋体;\">5.2&nbsp;</span><span style=\"font-family:宋体;\">投标人应遵守中国的有关法律、法规和规章的规定。<span lang=\"EN-US\"><o:p></o:p></span></span>\r\n</p>\r\n<p class=\"MsoNormal\" style=\"margin-top:0px;margin-bottom:0px;padding:0px;color:#333333;font-family:\'Lucida Grande\', Verdana, Lucida, Arial, Helvetica, \'Times New Roman\', 宋体, sans-serif;white-space:normal;background-color:#FFFFFF;\">\r\n	<span lang=\"EN-US\" style=\"font-family:宋体;\">5.3&nbsp;</span><span style=\"font-family:宋体;\">一个投标人只能提交一个投标文件。但如果投标人之间存在下列互为关联关系的情形之一的，不得同时参加本项目投标：<span lang=\"EN-US\"><o:p></o:p></span></span>\r\n</p>\r\n<p class=\"MsoNormal\" style=\"margin-top:0px;margin-bottom:0px;padding:0px;color:#333333;font-family:\'Lucida Grande\', Verdana, Lucida, Arial, Helvetica, \'Times New Roman\', 宋体, sans-serif;white-space:normal;background-color:#FFFFFF;\">\r\n	<span lang=\"EN-US\" style=\"font-family:宋体;\">(1)&nbsp;</span><span style=\"font-family:宋体;\">法定代表人为同一人的两个及两个以上法人；<span lang=\"EN-US\"><o:p></o:p></span></span>\r\n</p>\r\n<p class=\"MsoNormal\" style=\"margin-top:0px;margin-bottom:0px;padding:0px;color:#333333;font-family:\'Lucida Grande\', Verdana, Lucida, Arial, Helvetica, \'Times New Roman\', 宋体, sans-serif;white-space:normal;background-color:#FFFFFF;\">\r\n	<span lang=\"EN-US\" style=\"font-family:宋体;\">(2)&nbsp;</span><span style=\"font-family:宋体;\">母公司、直接或间接持股<span lang=\"EN-US\">50</span>％及以上的被投资公司<span lang=\"EN-US\">;<o:p></o:p></span></span>\r\n</p>\r\n<p class=\"MsoNormal\" style=\"margin-top:0px;margin-bottom:0px;padding:0px;color:#333333;font-family:\'Lucida Grande\', Verdana, Lucida, Arial, Helvetica, \'Times New Roman\', 宋体, sans-serif;white-space:normal;background-color:#FFFFFF;\">\r\n	<span lang=\"EN-US\" style=\"font-family:宋体;\">(3)&nbsp;</span><span style=\"font-family:宋体;\">均为同一家母公司直接或间接持股<span lang=\"EN-US\">50</span>％及以上的被投资公司。<span lang=\"EN-US\"><o:p></o:p></span></span>\r\n</p>\r\n<p class=\"MsoNormal\" style=\"margin-top:0px;margin-bottom:0px;padding:0px;color:#333333;font-family:\'Lucida Grande\', Verdana, Lucida, Arial, Helvetica, \'Times New Roman\', 宋体, sans-serif;white-space:normal;background-color:#FFFFFF;\">\r\n	<span lang=\"EN-US\" style=\"font-family:宋体;\">5.4</span><span style=\"font-family:宋体;\">除单一来源采购项目外，为采购项目提供整体设计、规范编制或者项目管理、监理、检测等服务的投标人，不得再参加本采购项目的其他采购活动。<span lang=\"EN-US\"><o:p></o:p></span></span>\r\n</p>\r\n<p class=\"MsoNormal\" style=\"margin-top:0px;margin-bottom:0px;padding:0px;color:#333333;font-family:\'Lucida Grande\', Verdana, Lucida, Arial, Helvetica, \'Times New Roman\', 宋体, sans-serif;white-space:normal;background-color:#FFFFFF;\">\r\n	<span style=\"font-family:宋体;\">投标人不得与本次招标项下设计、编制技术规格和其它文件的公司或提供咨询服务的公司（包括其附属机构）有任何关联。<span lang=\"EN-US\"><o:p></o:p></span></span>\r\n</p>\r\n<p class=\"MsoNormal\" style=\"margin-top:0px;margin-bottom:0px;padding:0px;color:#333333;font-family:\'Lucida Grande\', Verdana, Lucida, Arial, Helvetica, \'Times New Roman\', 宋体, sans-serif;white-space:normal;background-color:#FFFFFF;\">\r\n	<span lang=\"EN-US\" style=\"font-family:宋体;\">5.5&nbsp;</span><span style=\"font-family:宋体;\">本项目不接受联合体投标。<span lang=\"EN-US\"><o:p></o:p></span></span>\r\n</p>\r\n<p class=\"MsoNormal\" style=\"margin-top:0px;margin-bottom:0px;padding:0px;color:#333333;font-family:\'Lucida Grande\', Verdana, Lucida, Arial, Helvetica, \'Times New Roman\', 宋体, sans-serif;white-space:normal;background-color:#FFFFFF;\">\r\n	<span lang=\"EN-US\" style=\"font-family:宋体;\">5.6&nbsp;</span><span style=\"font-family:宋体;\">投标人代表在同一个项目中只能接受一个投标人的委托参加投标。<span lang=\"EN-US\"><o:p></o:p></span></span>\r\n</p>\r\n<p class=\"MsoNormal\" style=\"margin-top:0px;margin-bottom:0px;padding:0px;color:#333333;font-family:\'Lucida Grande\', Verdana, Lucida, Arial, Helvetica, \'Times New Roman\', 宋体, sans-serif;white-space:normal;background-color:#FFFFFF;\">\r\n	<span lang=\"EN-US\" style=\"font-family:宋体;\">5.7&nbsp;</span><span style=\"font-family:宋体;\">有效的检察机关行贿犯罪档案查询结果告知函复印件（如有注明复印无效的，则请将原件附在技术商务部分正本中，副本附复印件）。<span lang=\"EN-US\"><o:p></o:p></span></span>\r\n</p>\r\n<p class=\"MsoNormal\" style=\"margin-top:0px;margin-bottom:0px;padding:0px;color:#333333;font-family:\'Lucida Grande\', Verdana, Lucida, Arial, Helvetica, \'Times New Roman\', 宋体, sans-serif;white-space:normal;background-color:#FFFFFF;\">\r\n	<span lang=\"EN-US\" style=\"font-family:宋体;\">6</span><span style=\"font-family:宋体;\">、购买竞争性谈判文件时间：<st1:chsdate isrocdate=\"False\" islunardate=\"False\" day=\"10\" month=\"4\" year=\"2015\" w:st=\"on\"><span lang=\"EN-US\">2015</span>年<span lang=\"EN-US\">4</span>月<span lang=\"EN-US\">10</span>日</st1:chsdate>起至<st1:chsdate isrocdate=\"False\" islunardate=\"False\" day=\"19\" month=\"4\" year=\"2015\" w:st=\"on\"><span lang=\"EN-US\">2015</span>年<span lang=\"EN-US\">4</span>月<span lang=\"EN-US\">19</span>日</st1:chsdate>止（节假日及公休日除外），上午<span lang=\"EN-US\">08</span>：<span lang=\"EN-US\">30—12</span>：<span lang=\"EN-US\">00</span>，下午<span lang=\"EN-US\">14</span>：<span lang=\"EN-US\">00—17</span>：<span lang=\"EN-US\">00</span>（北京时间，以下同）；竞争性谈判文件（文本或电子版）售价为<span lang=\"EN-US\">50</span>元人民币<span lang=\"EN-US\">/</span>份，售后不退，如需邮寄文件，另加<span lang=\"EN-US\">50</span>元人民币。<span lang=\"EN-US\"><o:p></o:p></span></span>\r\n</p>\r\n<p class=\"MsoNormal\" style=\"margin-top:0px;margin-bottom:0px;padding:0px;color:#333333;font-family:\'Lucida Grande\', Verdana, Lucida, Arial, Helvetica, \'Times New Roman\', 宋体, sans-serif;white-space:normal;background-color:#FFFFFF;\">\r\n	<span lang=\"EN-US\" style=\"font-family:宋体;\">7</span><span style=\"font-family:宋体;\">、投标截标时间：<st1:chsdate isrocdate=\"False\" islunardate=\"False\" day=\"20\" month=\"4\" year=\"2015\" w:st=\"on\"><span lang=\"EN-US\">2015</span>年<span lang=\"EN-US\">4</span>月<span lang=\"EN-US\">20</span>日</st1:chsdate><span lang=\"EN-US\">09:00</span>时。<span lang=\"EN-US\"><o:p></o:p></span></span>\r\n</p>\r\n<p class=\"MsoNormal\" style=\"margin-top:0px;margin-bottom:0px;padding:0px;color:#333333;font-family:\'Lucida Grande\', Verdana, Lucida, Arial, Helvetica, \'Times New Roman\', 宋体, sans-serif;white-space:normal;background-color:#FFFFFF;\">\r\n	<span style=\"font-family:宋体;\">谈判时间：<st1:chsdate isrocdate=\"False\" islunardate=\"False\" day=\"20\" month=\"4\" year=\"2015\" w:st=\"on\"><span lang=\"EN-US\">2015</span>年<span lang=\"EN-US\">4</span>月<span lang=\"EN-US\">20</span>日</st1:chsdate><span lang=\"EN-US\">09:00</span>时<span lang=\"EN-US\"><o:p></o:p></span></span>\r\n</p>\r\n<p class=\"MsoNormal\" style=\"margin-top:0px;margin-bottom:0px;padding:0px;color:#333333;font-family:\'Lucida Grande\', Verdana, Lucida, Arial, Helvetica, \'Times New Roman\', 宋体, sans-serif;white-space:normal;background-color:#FFFFFF;\">\r\n	<span lang=\"EN-US\" style=\"font-family:宋体;\">8</span><span style=\"font-family:宋体;\">、开标地点：福建省福怡药械招标有限公司。<span lang=\"EN-US\"><o:p></o:p></span></span>\r\n</p>\r\n<p class=\"MsoNormal\" style=\"margin-top:0px;margin-bottom:0px;padding:0px;color:#333333;font-family:\'Lucida Grande\', Verdana, Lucida, Arial, Helvetica, \'Times New Roman\', 宋体, sans-serif;white-space:normal;background-color:#FFFFFF;\">\r\n	<span lang=\"EN-US\" style=\"font-family:宋体;\">9</span><span style=\"font-family:宋体;\">、购买竞争性谈判文件地点：福州市交通路<span lang=\"EN-US\">88</span>号福建省福怡药械招标有限公司<span lang=\"EN-US\"><o:p></o:p></span></span>\r\n</p>\r\n<p class=\"MsoNormal\" style=\"margin-top:0px;margin-bottom:0px;padding:0px;color:#333333;font-family:\'Lucida Grande\', Verdana, Lucida, Arial, Helvetica, \'Times New Roman\', 宋体, sans-serif;white-space:normal;background-color:#FFFFFF;\">\r\n	<span style=\"font-family:宋体;\">联系人：<st1:personname w:st=\"on\" productid=\"林\">林</st1:personname>小姐<span lang=\"EN-US\">&nbsp;&nbsp;&nbsp;&nbsp;&nbsp;<o:p></o:p></span></span>\r\n</p>\r\n<p class=\"MsoNormal\" style=\"margin-top:0px;margin-bottom:0px;padding:0px;color:#333333;font-family:\'Lucida Grande\', Verdana, Lucida, Arial, Helvetica, \'Times New Roman\', 宋体, sans-serif;white-space:normal;background-color:#FFFFFF;\">\r\n	<span style=\"font-family:宋体;\">联系电话：<span lang=\"EN-US\">0591—83569185&nbsp; 83569183&nbsp; 83569369</span>（传真）<span lang=\"EN-US\"><o:p></o:p></span></span>\r\n</p>\r\n<p class=\"MsoNormal\" style=\"margin-top:0px;margin-bottom:0px;padding:0px;color:#333333;font-family:\'Lucida Grande\', Verdana, Lucida, Arial, Helvetica, \'Times New Roman\', 宋体, sans-serif;white-space:normal;background-color:#FFFFFF;\">\r\n	<span style=\"font-family:宋体;\">招标公司网站：<span lang=\"EN-US\">http://www.fyzb.com&nbsp;&nbsp;&nbsp;<o:p></o:p></span></span>\r\n</p>\r\n<p class=\"MsoNormal\" style=\"margin-top:0px;margin-bottom:0px;padding:0px;color:#333333;font-family:\'Lucida Grande\', Verdana, Lucida, Arial, Helvetica, \'Times New Roman\', 宋体, sans-serif;white-space:normal;background-color:#FFFFFF;\">\r\n	<span lang=\"EN-US\" style=\"font-family:宋体;\">E-mail:fyzb2004@126.com<o:p></o:p></span>\r\n</p>\r\n<p class=\"MsoNormal\" style=\"margin-top:0px;margin-bottom:0px;padding:0px;color:#333333;font-family:\'Lucida Grande\', Verdana, Lucida, Arial, Helvetica, \'Times New Roman\', 宋体, sans-serif;white-space:normal;background-color:#FFFFFF;\">\r\n	<span style=\"font-family:宋体;\">开户行：招商银行福州分行江滨支行<span lang=\"EN-US\"><o:p></o:p></span></span>\r\n</p>\r\n<p class=\"MsoNormal\" style=\"margin-top:0px;margin-bottom:0px;padding:0px;color:#333333;font-family:\'Lucida Grande\', Verdana, Lucida, Arial, Helvetica, \'Times New Roman\', 宋体, sans-serif;white-space:normal;background-color:#FFFFFF;\">\r\n	<span style=\"font-family:宋体;\">户名：福建省福怡药械招标有限公司<span lang=\"EN-US\"><o:p></o:p></span></span>\r\n</p>\r\n<p class=\"MsoNormal\" style=\"margin-top:0px;margin-bottom:0px;padding:0px;color:#333333;font-family:\'Lucida Grande\', Verdana, Lucida, Arial, Helvetica, \'Times New Roman\', 宋体, sans-serif;white-space:normal;background-color:#FFFFFF;\">\r\n	<span style=\"font-family:宋体;\">帐号：<span lang=\"EN-US\">673581399610001&nbsp;&nbsp;&nbsp;&nbsp;&nbsp;&nbsp;&nbsp;&nbsp;&nbsp;&nbsp;&nbsp;&nbsp;&nbsp;&nbsp;&nbsp;&nbsp;&nbsp;&nbsp;&nbsp;&nbsp;&nbsp;&nbsp;&nbsp;&nbsp;&nbsp;&nbsp;&nbsp;&nbsp;&nbsp;&nbsp;&nbsp;&nbsp;&nbsp;&nbsp;&nbsp;&nbsp;&nbsp;&nbsp;&nbsp;&nbsp;&nbsp;&nbsp;&nbsp;&nbsp;&nbsp;&nbsp;&nbsp;&nbsp;&nbsp;<o:p></o:p></span></span>\r\n</p>\r\n<p class=\"MsoNormal\" style=\"margin-top:0px;margin-bottom:0px;padding:0px;color:#333333;font-family:\'Lucida Grande\', Verdana, Lucida, Arial, Helvetica, \'Times New Roman\', 宋体, sans-serif;white-space:normal;background-color:#FFFFFF;\">\r\n	<span style=\"font-family:宋体;\">官方链接：<span lang=\"EN-US\"><a href=\"http://fyzb.com/Default.aspx?ShowType=1&amp;ProductID=625\" style=\"color:#333333;text-decoration:none;\">http://fyzb.com/Default.aspx?ShowType=1&amp;ProductID=625</a><o:p></o:p></span></span>\r\n</p>\r\n<p class=\"MsoNormal\" style=\"margin-top:0px;margin-bottom:0px;padding:0px;color:#333333;font-family:\'Lucida Grande\', Verdana, Lucida, Arial, Helvetica, \'Times New Roman\', 宋体, sans-serif;white-space:normal;background-color:#FFFFFF;\">\r\n	<span lang=\"EN-US\" style=\"font-family:宋体;\"><a href=\"http://www.ccgp.gov.cn/cggg/dfgg/jzxtpgg/201504/t20150410_5181469.htm\" style=\"color:#333333;text-decoration:none;\">http://www.ccgp.gov.cn/cggg/dfgg/jzxtpgg/201504/t20150410_5181469.htm</a><o:p></o:p></span>\r\n</p>\r\n<p class=\"MsoNormal\" align=\"right\" style=\"margin-top:0px;margin-bottom:0px;padding:0px;color:#333333;font-family:\'Lucida Grande\', Verdana, Lucida, Arial, Helvetica, \'Times New Roman\', 宋体, sans-serif;white-space:normal;background-color:#FFFFFF;\">\r\n	<span lang=\"EN-US\" style=\"font-family:宋体;\">&nbsp;&nbsp;<st1:chsdate isrocdate=\"False\" islunardate=\"False\" day=\"10\" month=\"4\" year=\"2015\" w:st=\"on\">2015<span lang=\"EN-US\"><span lang=\"EN-US\">年4</span></span><span lang=\"EN-US\"><span lang=\"EN-US\">月10</span></span><span lang=\"EN-US\"><span lang=\"EN-US\">日</span></span></st1:chsdate></span>\r\n</p>', '1', '2015-03-11 21:16:19');
INSERT INTO `t_notice` VALUES ('26', '关于我院西区公寓女生宿舍楼室内线路改造工程中标结果公示', '<p class=\"MsoNormal\" style=\"margin-top:0px;margin-bottom:0px;padding:0px;color:#333333;font-family:\'Lucida Grande\', Verdana, Lucida, Arial, Helvetica, \'Times New Roman\', 宋体, sans-serif;white-space:normal;text-indent:24pt;background-color:#FFFFFF;\">\r\n	<span style=\"line-height:24px;font-family:宋体;font-size:12pt;\">二○<st1:chsdate isrocdate=\"False\" islunardate=\"False\" day=\"9\" month=\"4\" year=\"2015\" w:st=\"on\">一五年四月九日</st1:chsdate><span lang=\"EN-US\">,</span>福州大学至诚学院在院第二会议室组织福州大学怡山校区西区公寓女生宿舍楼室内线路改造工程公开评标工作会议。</span><span style=\"line-height:24px;font-family:宋体;font-size:12pt;\">经评标委员会评审，并经招标人确认，拟确定本次评标结果如下：<span lang=\"EN-US\"><o:p></o:p></span></span>\r\n</p>\r\n<p class=\"MsoNormal\" style=\"margin-top:0px;margin-bottom:0px;padding:0px;color:#333333;font-family:\'Lucida Grande\', Verdana, Lucida, Arial, Helvetica, \'Times New Roman\', 宋体, sans-serif;white-space:normal;text-indent:24pt;background-color:#FFFFFF;\">\r\n	<span style=\"line-height:24px;font-family:宋体;font-size:12pt;\">第一中标候选人为：福建鑫九洲建筑工程有限公司。<span lang=\"EN-US\"><o:p></o:p></span></span>\r\n</p>\r\n<p class=\"MsoNormal\" style=\"margin-top:0px;margin-bottom:0px;padding:0px;color:#333333;font-family:\'Lucida Grande\', Verdana, Lucida, Arial, Helvetica, \'Times New Roman\', 宋体, sans-serif;white-space:normal;text-indent:24pt;background-color:#FFFFFF;\">\r\n	<span style=\"line-height:24px;font-family:宋体;font-size:12pt;\">第二中标候选人为：福清市东楠建设工程有限公司。<span lang=\"EN-US\"><o:p></o:p></span></span>\r\n</p>\r\n<p class=\"MsoNormal\" align=\"left\" style=\"margin-top:0px;margin-bottom:0px;padding:0px;color:#333333;font-family:\'Lucida Grande\', Verdana, Lucida, Arial, Helvetica, \'Times New Roman\', 宋体, sans-serif;white-space:normal;text-indent:24pt;background:white;\">\r\n	<span style=\"line-height:24px;font-family:宋体;font-size:12pt;\">公示时间：<st1:chsdate isrocdate=\"False\" islunardate=\"False\" day=\"9\" month=\"4\" year=\"2015\" w:st=\"on\"><span lang=\"EN-US\">2015</span>年<span lang=\"EN-US\">4</span>月<span lang=\"EN-US\">9</span>日</st1:chsdate>至<st1:chsdate isrocdate=\"False\" islunardate=\"False\" day=\"12\" month=\"4\" year=\"2015\" w:st=\"on\"><span lang=\"EN-US\">2015</span>年<span lang=\"EN-US\">4</span>月<span lang=\"EN-US\">12</span>日</st1:chsdate>。<span lang=\"EN-US\"><o:p></o:p></span></span>\r\n</p>\r\n<p class=\"MsoNormal\" align=\"left\" style=\"margin-top:0px;margin-bottom:0px;padding:0px;color:#333333;font-family:\'Lucida Grande\', Verdana, Lucida, Arial, Helvetica, \'Times New Roman\', 宋体, sans-serif;white-space:normal;text-indent:24pt;background:white;\">\r\n	<span lang=\"EN-US\" style=\"line-height:24px;font-family:宋体;font-size:12pt;\">&nbsp;<o:p></o:p></span>\r\n</p>\r\n<p class=\"MsoNormal\" align=\"right\" style=\"margin-top:0px;margin-bottom:0px;padding:0px;color:#333333;font-family:\'Lucida Grande\', Verdana, Lucida, Arial, Helvetica, \'Times New Roman\', 宋体, sans-serif;white-space:normal;text-align:right;text-indent:24pt;background:white;\">\r\n	<span style=\"line-height:24px;font-family:宋体;font-size:12pt;\">福州大学至诚学院<span lang=\"EN-US\"><o:p></o:p></span></span>\r\n</p>\r\n<p class=\"MsoNormal\" align=\"right\" style=\"margin-top:0px;margin-bottom:0px;padding:0px;color:#333333;font-family:\'Lucida Grande\', Verdana, Lucida, Arial, Helvetica, \'Times New Roman\', 宋体, sans-serif;white-space:normal;text-align:right;background-color:#FFFFFF;\">\r\n	<st1:chsdate isrocdate=\"False\" islunardate=\"False\" day=\"9\" month=\"4\" year=\"2015\" w:st=\"on\"><span lang=\"EN-US\" style=\"line-height:24px;font-family:宋体;font-size:12pt;\">2015</span><span style=\"line-height:24px;font-family:宋体;font-size:12pt;\">年<span lang=\"EN-US\">4</span>月<span lang=\"EN-US\">9</span>日</span></st1:chsdate>\r\n</p>', '1', '2015-03-11 21:16:47');
INSERT INTO `t_notice` VALUES ('27', '关于2015年清明节放假的通知', '<p class=\"MsoNormal\" align=\"left\" style=\"margin-top:0px;margin-bottom:0px;padding:0px;color:#333333;font-family:\'Lucida Grande\', Verdana, Lucida, Arial, Helvetica, \'Times New Roman\', 宋体, sans-serif;white-space:normal;background-color:#FFFFFF;\">\r\n	<span style=\"line-height:24px;font-family:宋体;font-size:12pt;\">各系、各部门：<span lang=\"EN-US\"><o:p></o:p></span></span>\r\n</p>\r\n<p class=\"MsoNormal\" align=\"left\" style=\"margin-top:0px;margin-bottom:0px;padding:0px;color:#333333;font-family:\'Lucida Grande\', Verdana, Lucida, Arial, Helvetica, \'Times New Roman\', 宋体, sans-serif;white-space:normal;text-indent:28pt;background-color:#FFFFFF;\">\r\n	<span style=\"line-height:24px;font-family:宋体;font-size:12pt;\">根据《国务院办公厅关于<span lang=\"EN-US\">2015</span>年部分节假日安排的通知》（国办发明电〔<span lang=\"EN-US\">2014</span>〕<span lang=\"EN-US\">28</span>号），现将我院<span lang=\"EN-US\">2015</span>年清明节放假的有关事项通知如下：<span lang=\"EN-US\"><o:p></o:p></span></span>\r\n</p>\r\n<p class=\"MsoNormal\" align=\"left\" style=\"margin-top:0px;margin-bottom:0px;padding:0px;color:#333333;font-family:\'Lucida Grande\', Verdana, Lucida, Arial, Helvetica, \'Times New Roman\', 宋体, sans-serif;white-space:normal;text-indent:28pt;background-color:#FFFFFF;\">\r\n	<span style=\"line-height:24px;font-family:宋体;font-size:12pt;\">一、<st1:chsdate w:st=\"on\" isrocdate=\"False\" islunardate=\"False\" day=\"4\" month=\"4\" year=\"2015\"><span lang=\"EN-US\">4</span>月<span lang=\"EN-US\">4</span>日</st1:chsdate>至<span lang=\"EN-US\">6</span>日放假，共<span lang=\"EN-US\">3</span>天；<span lang=\"EN-US\"><o:p></o:p></span></span>\r\n</p>\r\n<p class=\"MsoNormal\" align=\"left\" style=\"margin-top:0px;margin-bottom:0px;padding:0px;color:#333333;font-family:\'Lucida Grande\', Verdana, Lucida, Arial, Helvetica, \'Times New Roman\', 宋体, sans-serif;white-space:normal;text-indent:28pt;background-color:#FFFFFF;\">\r\n	<span style=\"line-height:24px;font-family:宋体;font-size:12pt;\">二、有关课程调整请教务处负责安排；<span lang=\"EN-US\"><o:p></o:p></span></span>\r\n</p>\r\n<p class=\"MsoNormal\" align=\"left\" style=\"margin-top:0px;margin-bottom:0px;padding:0px;color:#333333;font-family:\'Lucida Grande\', Verdana, Lucida, Arial, Helvetica, \'Times New Roman\', 宋体, sans-serif;white-space:normal;text-indent:28pt;background-color:#FFFFFF;\">\r\n	<span style=\"line-height:24px;font-family:宋体;font-size:12pt;\">三、节日期间，相关部门要加强值班，认真做好安全保卫等各项工作。<span lang=\"EN-US\"><o:p></o:p></span></span>\r\n</p>\r\n<p class=\"MsoNormal\" align=\"left\" style=\"margin-top:0px;margin-bottom:0px;padding:0px;color:#333333;font-family:\'Lucida Grande\', Verdana, Lucida, Arial, Helvetica, \'Times New Roman\', 宋体, sans-serif;white-space:normal;background-color:#FFFFFF;\">\r\n	<span lang=\"EN-US\" style=\"line-height:24px;font-family:宋体;font-size:12pt;\">&nbsp;<o:p></o:p></span>\r\n</p>\r\n<p class=\"MsoNormal\" align=\"right\" style=\"margin-top:0px;margin-bottom:0px;padding:0px;color:#333333;font-family:\'Lucida Grande\', Verdana, Lucida, Arial, Helvetica, \'Times New Roman\', 宋体, sans-serif;white-space:normal;text-align:right;background-color:#FFFFFF;\">\r\n	<span style=\"line-height:24px;font-family:宋体;font-size:12pt;\">福州大学至诚学院<span lang=\"EN-US\"><o:p></o:p></span></span>\r\n</p>\r\n<p class=\"MsoNormal\" align=\"right\" style=\"margin-top:0px;margin-bottom:0px;padding:0px;color:#333333;font-family:\'Lucida Grande\', Verdana, Lucida, Arial, Helvetica, \'Times New Roman\', 宋体, sans-serif;white-space:normal;text-align:right;background-color:#FFFFFF;\">\r\n	<span lang=\"EN-US\" style=\"line-height:24px;font-family:宋体;font-size:12pt;\">&nbsp;&nbsp;&nbsp;&nbsp;&nbsp;&nbsp;&nbsp;&nbsp;&nbsp;&nbsp;&nbsp;&nbsp;&nbsp;&nbsp;&nbsp;&nbsp;&nbsp;&nbsp;&nbsp;&nbsp;&nbsp;&nbsp;&nbsp;&nbsp;&nbsp;&nbsp;&nbsp;&nbsp;&nbsp;&nbsp;<st1:chsdate w:st=\"on\" isrocdate=\"False\" islunardate=\"False\" day=\"2\" month=\"4\" year=\"2015\">2015<span lang=\"EN-US\"><span lang=\"EN-US\">年4</span></span><span lang=\"EN-US\"><span lang=\"EN-US\">月2</span></span><span lang=\"EN-US\"><span lang=\"EN-US\">日</span></span></st1:chsdate><o:p></o:p></span>\r\n</p>\r\n<p class=\"MsoNormal\" align=\"left\" style=\"margin-top:0px;margin-bottom:0px;padding:0px;color:#333333;font-family:\'Lucida Grande\', Verdana, Lucida, Arial, Helvetica, \'Times New Roman\', 宋体, sans-serif;white-space:normal;background:white;\">\r\n	<b><span lang=\"EN-US\" style=\"line-height:24px;font-family:宋体;font-size:12pt;\">&nbsp;<o:p></o:p></span></b>\r\n</p>\r\n<p class=\"MsoNormal\" align=\"left\" style=\"margin-top:0px;margin-bottom:0px;padding:0px;color:#333333;font-family:\'Lucida Grande\', Verdana, Lucida, Arial, Helvetica, \'Times New Roman\', 宋体, sans-serif;white-space:normal;background:white;\">\r\n	<b><span style=\"line-height:24px;font-family:宋体;font-size:12pt;\">附：福州大学至诚学院<span lang=\"EN-US\">2015</span>年清明值班安排表<span lang=\"EN-US\"><o:p></o:p></span></span></b>\r\n</p>\r\n<p class=\"MsoNormal\" align=\"left\" style=\"margin-top:0px;margin-bottom:0px;padding:0px;color:#333333;font-family:\'Lucida Grande\', Verdana, Lucida, Arial, Helvetica, \'Times New Roman\', 宋体, sans-serif;white-space:normal;background:white;\">\r\n	<span lang=\"EN-US\" style=\"line-height:24px;font-family:宋体;font-size:12pt;\">&nbsp;<o:p></o:p></span>\r\n</p>\r\n<div align=\"center\" style=\"color:#333333;font-family:\'Lucida Grande\', Verdana, Lucida, Arial, Helvetica, \'Times New Roman\', 宋体, sans-serif;line-height:15.6000003814697px;white-space:normal;background-color:#FFFFFF;\">\r\n	<table class=\"MsoNormalTable ke-zeroborder\" border=\"0\" cellspacing=\"0\" cellpadding=\"0\">\r\n		<tbody>\r\n			<tr>\r\n				<td width=\"140\" style=\"border:1pt solid windowtext;padding:0cm 5.4pt;width:104.65pt;\">\r\n					<p class=\"MsoNormal\" align=\"center\" style=\"margin-top:0px;margin-bottom:0px;padding:0px;text-align:center;\">\r\n						<b><span style=\"line-height:24px;font-family:宋体;font-size:12pt;\">时间<span lang=\"EN-US\"><o:p></o:p></span></span></b>\r\n					</p>\r\n				</td>\r\n				<td width=\"151\" style=\"border-bottom-color:windowtext;border-width:1pt 1pt 1pt medium;border-style:solid solid solid none;padding:0cm 5.4pt;width:4cm;border-top-color:windowtext;border-right-color:windowtext;\">\r\n					<p class=\"MsoNormal\" align=\"center\" style=\"margin-top:0px;margin-bottom:0px;padding:0px;text-align:center;\">\r\n						<b><span style=\"line-height:24px;font-family:宋体;font-size:12pt;\">值班人员<span lang=\"EN-US\"><o:p></o:p></span></span></b>\r\n					</p>\r\n				</td>\r\n				<td width=\"164\" style=\"border-bottom-color:windowtext;border-width:1pt 1pt 1pt medium;border-style:solid solid solid none;padding:0cm 5.4pt;width:123.15pt;border-top-color:windowtext;border-right-color:windowtext;\">\r\n					<p class=\"MsoNormal\" align=\"center\" style=\"margin-top:0px;margin-bottom:0px;padding:0px;text-align:center;\">\r\n						<b><span style=\"line-height:24px;font-family:宋体;font-size:12pt;\">带班领导<span lang=\"EN-US\"><o:p></o:p></span></span></b>\r\n					</p>\r\n				</td>\r\n			</tr>\r\n			<tr>\r\n				<td width=\"140\" style=\"border-bottom-color:windowtext;border-width:medium 1pt 1pt;border-style:none solid solid;border-left-color:windowtext;padding:0cm 5.4pt;width:104.65pt;border-right-color:windowtext;\">\r\n					<p class=\"MsoNormal\" align=\"center\" style=\"margin-top:0px;margin-bottom:0px;padding:0px;text-align:center;\">\r\n						<st1:chsdate w:st=\"on\" isrocdate=\"False\" islunardate=\"False\" day=\"4\" month=\"4\" year=\"2015\"><span lang=\"EN-US\" style=\"line-height:24px;font-family:宋体;font-size:12pt;\">4</span><span style=\"line-height:24px;font-family:宋体;font-size:12pt;\">月<span lang=\"EN-US\">4</span>日</span></st1:chsdate><span lang=\"EN-US\" style=\"line-height:24px;font-family:宋体;font-size:12pt;\"><o:p></o:p></span>\r\n					</p>\r\n				</td>\r\n				<td width=\"151\" style=\"border-bottom-color:windowtext;border-width:medium 1pt 1pt medium;border-style:none solid solid none;padding:0cm 5.4pt;width:4cm;border-right-color:windowtext;\">\r\n					<p class=\"MsoNormal\" align=\"center\" style=\"margin-top:0px;margin-bottom:0px;padding:0px;text-align:center;\">\r\n						<span style=\"line-height:24px;font-family:宋体;font-size:12pt;\">罗翔<span lang=\"EN-US\"><o:p></o:p></span></span>\r\n					</p>\r\n				</td>\r\n				<td width=\"164\" style=\"border-bottom-color:windowtext;border-width:medium 1pt 1pt medium;border-style:none solid solid none;padding:0cm 5.4pt;width:123.15pt;border-right-color:windowtext;\">\r\n					<p class=\"MsoNormal\" align=\"center\" style=\"margin-top:0px;margin-bottom:0px;padding:0px;text-align:center;\">\r\n						<span style=\"line-height:24px;font-family:宋体;font-size:12pt;\">朱敏琛<span lang=\"EN-US\"><o:p></o:p></span></span>\r\n					</p>\r\n				</td>\r\n			</tr>\r\n			<tr>\r\n				<td width=\"140\" style=\"border-bottom-color:windowtext;border-width:medium 1pt 1pt;border-style:none solid solid;border-left-color:windowtext;padding:0cm 5.4pt;width:104.65pt;border-right-color:windowtext;\">\r\n					<p class=\"MsoNormal\" align=\"center\" style=\"margin-top:0px;margin-bottom:0px;padding:0px;text-align:center;\">\r\n						<st1:chsdate w:st=\"on\" isrocdate=\"False\" islunardate=\"False\" day=\"5\" month=\"4\" year=\"2015\"><span lang=\"EN-US\" style=\"line-height:24px;font-family:宋体;font-size:12pt;\">4</span><span style=\"line-height:24px;font-family:宋体;font-size:12pt;\">月<span lang=\"EN-US\">5</span>日</span></st1:chsdate><span lang=\"EN-US\" style=\"line-height:24px;font-family:宋体;font-size:12pt;\"><o:p></o:p></span>\r\n					</p>\r\n				</td>\r\n				<td width=\"151\" style=\"border-bottom-color:windowtext;border-width:medium 1pt 1pt medium;border-style:none solid solid none;padding:0cm 5.4pt;width:4cm;border-right-color:windowtext;\">\r\n					<p class=\"MsoNormal\" align=\"center\" style=\"margin-top:0px;margin-bottom:0px;padding:0px;text-align:center;\">\r\n						<span style=\"line-height:24px;font-family:宋体;font-size:12pt;\">姚东生<span lang=\"EN-US\"><o:p></o:p></span></span>\r\n					</p>\r\n				</td>\r\n				<td width=\"164\" style=\"border-bottom-color:windowtext;border-width:medium 1pt 1pt medium;border-style:none solid solid none;padding:0cm 5.4pt;width:123.15pt;border-right-color:windowtext;\">\r\n					<p class=\"MsoNormal\" align=\"center\" style=\"margin-top:0px;margin-bottom:0px;padding:0px;text-align:center;\">\r\n						<span style=\"line-height:24px;font-family:宋体;font-size:12pt;\">胡继荣<span lang=\"EN-US\"><o:p></o:p></span></span>\r\n					</p>\r\n				</td>\r\n			</tr>\r\n			<tr>\r\n				<td width=\"140\" style=\"border-bottom-color:windowtext;border-width:medium 1pt 1pt;border-style:none solid solid;border-left-color:windowtext;padding:0cm 5.4pt;width:104.65pt;border-right-color:windowtext;\">\r\n					<p class=\"MsoNormal\" align=\"center\" style=\"margin-top:0px;margin-bottom:0px;padding:0px;text-align:center;\">\r\n						<st1:chsdate w:st=\"on\" isrocdate=\"False\" islunardate=\"False\" day=\"6\" month=\"4\" year=\"2015\"><span lang=\"EN-US\" style=\"line-height:24px;font-family:宋体;font-size:12pt;\">4</span><span style=\"line-height:24px;font-family:宋体;font-size:12pt;\">月<span lang=\"EN-US\">6</span>日</span></st1:chsdate><span lang=\"EN-US\" style=\"line-height:24px;font-family:宋体;font-size:12pt;\"><o:p></o:p></span>\r\n					</p>\r\n				</td>\r\n				<td width=\"151\" style=\"border-bottom-color:windowtext;border-width:medium 1pt 1pt medium;border-style:none solid solid none;padding:0cm 5.4pt;width:4cm;border-right-color:windowtext;\">\r\n					<p class=\"MsoNormal\" align=\"center\" style=\"margin-top:0px;margin-bottom:0px;padding:0px;text-align:center;\">\r\n						<span style=\"line-height:24px;font-family:宋体;font-size:12pt;\">陈芳<span lang=\"EN-US\"><o:p></o:p></span></span>\r\n					</p>\r\n				</td>\r\n				<td width=\"164\" style=\"border-bottom-color:windowtext;border-width:medium 1pt 1pt medium;border-style:none solid solid none;padding:0cm 5.4pt;width:123.15pt;border-right-color:windowtext;\">\r\n					<p class=\"MsoNormal\" align=\"center\" style=\"margin-top:0px;margin-bottom:0px;padding:0px;text-align:center;\">\r\n						<span style=\"line-height:24px;font-family:宋体;font-size:12pt;\">林行<span lang=\"EN-US\"><o:p></o:p></span></span>\r\n					</p>\r\n				</td>\r\n			</tr>\r\n		</tbody>\r\n	</table>\r\n</div>\r\n<p class=\"MsoNormal\" align=\"left\" style=\"margin-top:0px;margin-bottom:0px;padding:0px;color:#333333;font-family:\'Lucida Grande\', Verdana, Lucida, Arial, Helvetica, \'Times New Roman\', 宋体, sans-serif;white-space:normal;background-color:#FFFFFF;\">\r\n	<span style=\"line-height:24px;font-family:宋体;font-size:12pt;background-image:initial;background-attachment:initial;background-size:initial;background-origin:initial;background-clip:initial;background-position:initial;background-repeat:initial;\">注：<span lang=\"EN-US\"><o:p></o:p></span></span>\r\n</p>\r\n<p class=\"MsoNormal\" align=\"left\" style=\"margin-top:0px;margin-bottom:0px;padding:0px;color:#333333;font-family:\'Lucida Grande\', Verdana, Lucida, Arial, Helvetica, \'Times New Roman\', 宋体, sans-serif;white-space:normal;background-color:#FFFFFF;\">\r\n	<span style=\"line-height:24px;font-family:宋体;font-size:12pt;background-image:initial;background-attachment:initial;background-size:initial;background-origin:initial;background-clip:initial;background-position:initial;background-repeat:initial;\">（<span lang=\"EN-US\">1</span>）值班时间为上午<span lang=\"EN-US\">8:30-12:00</span>，下午<span lang=\"EN-US\">2:30-5</span>：<span lang=\"EN-US\">30</span>，值班地点必须在学院办公室；需负责接听电话<span lang=\"EN-US\">83769360</span>，下午<span lang=\"EN-US\">4:30</span>必须拨打校办值班电话<span lang=\"EN-US\">22866316</span>通报情况，实行零报告制度；值班钥匙在一楼传达室交接。</span>\r\n</p>\r\n<p class=\"MsoNormal\" align=\"left\" style=\"margin-top:0px;margin-bottom:0px;padding:0px;color:#333333;font-family:\'Lucida Grande\', Verdana, Lucida, Arial, Helvetica, \'Times New Roman\', 宋体, sans-serif;white-space:normal;background-color:#FFFFFF;\">\r\n	<span style=\"line-height:24px;font-family:宋体;font-size:12pt;background-image:initial;background-attachment:initial;background-size:initial;background-origin:initial;background-clip:initial;background-position:initial;background-repeat:initial;\"></span><span style=\"line-height:24px;font-family:宋体;font-size:12pt;background-image:initial;background-attachment:initial;background-size:initial;background-origin:initial;background-clip:initial;background-position:initial;background-repeat:initial;\">（<span lang=\"EN-US\">2</span>）值班期间应注意学院周边情况，及时填写好值班情况表，紧急情况及时向带班领导汇报。<span lang=\"EN-US\"><o:p></o:p></span></span>\r\n</p>\r\n<p class=\"MsoNormal\" align=\"left\" style=\"margin-top:0px;margin-bottom:0px;padding:0px;color:#333333;font-family:\'Lucida Grande\', Verdana, Lucida, Arial, Helvetica, \'Times New Roman\', 宋体, sans-serif;white-space:normal;background-color:#FFFFFF;\">\r\n	<span style=\"line-height:24px;font-family:宋体;font-size:12pt;background-image:initial;background-attachment:initial;background-size:initial;background-origin:initial;background-clip:initial;background-position:initial;background-repeat:initial;\">（<span lang=\"EN-US\">3</span>）院<span lang=\"EN-US\">24</span>小时值班电话<span lang=\"EN-US\">83772471</span>，传真电话<span lang=\"EN-US\">83769360</span>。</span>\r\n</p>', '1', '2015-03-15 21:18:42');
INSERT INTO `t_notice` VALUES ('28', '关于调整福州大学至诚学院教师等专业技术职务聘任委员会成员的通知', '<p class=\"MsoNormal\" align=\"left\" style=\"margin-top:0px;margin-bottom:0px;padding:0px;color:#333333;font-family:\'Lucida Grande\', Verdana, Lucida, Arial, Helvetica, \'Times New Roman\', 宋体, sans-serif;white-space:normal;background-color:#FFFFFF;\">\r\n	<span style=\"line-height:24px;font-family:宋体;color:black;font-size:12pt;\">各系、各部门：<span lang=\"EN-US\"><o:p></o:p></span></span>\r\n</p>\r\n<p class=\"MsoNormal\" align=\"left\" style=\"margin-top:0px;margin-bottom:0px;padding:0px;color:#333333;font-family:\'Lucida Grande\', Verdana, Lucida, Arial, Helvetica, \'Times New Roman\', 宋体, sans-serif;white-space:normal;text-indent:24pt;background-color:#FFFFFF;\">\r\n	<span style=\"line-height:24px;font-family:宋体;color:black;font-size:12pt;\">鉴于人事变动，经研究，对我院专业技术职务聘任委员会成员作部分调整，调整后的成员名单如下（按姓氏笔画排序）：<span lang=\"EN-US\"><o:p></o:p></span></span>\r\n</p>\r\n<p class=\"MsoNormal\" align=\"left\" style=\"margin-top:0px;margin-bottom:0px;padding:0px;color:#333333;font-family:\'Lucida Grande\', Verdana, Lucida, Arial, Helvetica, \'Times New Roman\', 宋体, sans-serif;white-space:normal;text-indent:24pt;background-color:#FFFFFF;\">\r\n	<span style=\"line-height:24px;font-family:宋体;color:black;font-size:12pt;\">主<span lang=\"EN-US\">&nbsp;&nbsp;</span>任：朱祖平<span lang=\"EN-US\"><o:p></o:p></span></span>\r\n</p>\r\n<p class=\"MsoNormal\" align=\"left\" style=\"margin-top:0px;margin-bottom:0px;padding:0px;color:#333333;font-family:\'Lucida Grande\', Verdana, Lucida, Arial, Helvetica, \'Times New Roman\', 宋体, sans-serif;white-space:normal;text-indent:24pt;background-color:#FFFFFF;\">\r\n	<span style=\"line-height:24px;font-family:宋体;color:black;font-size:12pt;\">副主任：朱敏琛、胡继荣</span>\r\n</p>\r\n<p class=\"MsoNormal\" align=\"left\" style=\"margin-top:0px;margin-bottom:0px;padding:0px;color:#333333;font-family:\'Lucida Grande\', Verdana, Lucida, Arial, Helvetica, \'Times New Roman\', 宋体, sans-serif;white-space:normal;text-indent:24pt;background-color:#FFFFFF;\">\r\n	<span style=\"line-height:24px;font-family:宋体;color:black;font-size:12pt;\"></span><span style=\"line-height:24px;font-family:宋体;color:black;font-size:12pt;\">成<span lang=\"EN-US\">&nbsp;&nbsp;</span>员：方建国、牛<span lang=\"EN-US\">&nbsp;&nbsp;</span>康、邓<span lang=\"EN-US\">&nbsp;&nbsp;</span>薇、叶宇煌、陈为旭、周白杨、林旭聪、林<span lang=\"EN-US\">&nbsp;&nbsp;</span>娟、郭<span lang=\"EN-US\">&nbsp;&nbsp;</span>蓉、游<span lang=\"EN-US\">&nbsp;&nbsp;</span>毅</span>\r\n</p>\r\n<p class=\"MsoNormal\" align=\"left\" style=\"margin-top:0px;margin-bottom:0px;padding:0px;color:#333333;font-family:\'Lucida Grande\', Verdana, Lucida, Arial, Helvetica, \'Times New Roman\', 宋体, sans-serif;white-space:normal;text-indent:24pt;background-color:#FFFFFF;\">\r\n	<span style=\"line-height:24px;font-family:宋体;color:black;font-size:12pt;\"></span><span style=\"line-height:24px;font-family:宋体;color:black;font-size:12pt;\">下设办公室在人力资源管理办公室。</span>\r\n</p>\r\n<p class=\"MsoNormal\" align=\"left\" style=\"margin-top:0px;margin-bottom:0px;padding:0px;color:#333333;font-family:\'Lucida Grande\', Verdana, Lucida, Arial, Helvetica, \'Times New Roman\', 宋体, sans-serif;white-space:normal;text-indent:24pt;background-color:#FFFFFF;\">\r\n	<span style=\"line-height:24px;font-family:宋体;color:black;font-size:12pt;\"></span><span style=\"line-height:24px;font-family:宋体;color:black;font-size:12pt;\">办公室秘书：潘梅英。<span lang=\"EN-US\"><o:p></o:p></span></span>\r\n</p>\r\n<p class=\"MsoNormal\" align=\"right\" style=\"margin-top:0px;margin-bottom:0px;padding:0px;color:#333333;font-family:\'Lucida Grande\', Verdana, Lucida, Arial, Helvetica, \'Times New Roman\', 宋体, sans-serif;white-space:normal;text-align:right;text-indent:24pt;background-color:#FFFFFF;\">\r\n	<span style=\"line-height:24px;font-family:宋体;color:black;font-size:12pt;\">福州大学至诚学院<span lang=\"EN-US\">&nbsp;&nbsp;&nbsp;&nbsp;&nbsp;&nbsp;&nbsp;<o:p></o:p></span></span>\r\n</p>\r\n<p class=\"MsoNormal\" align=\"right\" style=\"margin-top:0px;margin-bottom:0px;padding:0px;color:#333333;font-family:\'Lucida Grande\', Verdana, Lucida, Arial, Helvetica, \'Times New Roman\', 宋体, sans-serif;white-space:normal;text-align:right;text-indent:24pt;background-color:#FFFFFF;\">\r\n	<span lang=\"EN-US\" style=\"line-height:24px;font-family:宋体;color:black;font-size:12pt;\">&nbsp;&nbsp;&nbsp;&nbsp;&nbsp;&nbsp;&nbsp;&nbsp;&nbsp;&nbsp;&nbsp;&nbsp;&nbsp;&nbsp;&nbsp;&nbsp;&nbsp;&nbsp;&nbsp;&nbsp;&nbsp;</span><span style=\"line-height:24px;font-family:宋体;color:black;font-size:12pt;\">二Ｏ一五年三月三十一日</span>\r\n</p>', '1', '2015-03-17 21:19:10');
INSERT INTO `t_notice` VALUES ('29', '关于我院低压开关柜等设备及电力变压器采购项目流标公告', '<p class=\"MsoNormal\" style=\"margin-top:0px;margin-bottom:0px;padding:0px;color:#333333;font-family:\'Lucida Grande\', Verdana, Lucida, Arial, Helvetica, \'Times New Roman\', 宋体, sans-serif;white-space:normal;background-color:#FFFFFF;\">\r\n	<span lang=\"EN-US\" style=\"line-height:24px;font-family:宋体;font-size:12pt;\">1</span><span style=\"line-height:24px;font-family:宋体;font-size:12pt;\">、<span lang=\"EN-US\">&nbsp;&nbsp;</span>招标编号<span lang=\"EN-US\">: FYZB-S2-2015001-1<o:p></o:p></span></span>\r\n</p>\r\n<p class=\"MsoNormal\" style=\"margin-top:0px;margin-bottom:0px;padding:0px;color:#333333;font-family:\'Lucida Grande\', Verdana, Lucida, Arial, Helvetica, \'Times New Roman\', 宋体, sans-serif;white-space:normal;background-color:#FFFFFF;\">\r\n	<span lang=\"EN-US\" style=\"line-height:24px;font-family:宋体;font-size:12pt;\">2</span><span style=\"line-height:24px;font-family:宋体;font-size:12pt;\">、<span lang=\"EN-US\">&nbsp;&nbsp;</span>项目名称：低压开关柜等设备及电力变压器采购项目<span lang=\"EN-US\"><o:p></o:p></span></span>\r\n</p>\r\n<p class=\"MsoNormal\" style=\"margin-top:0px;margin-bottom:0px;padding:0px;color:#333333;font-family:\'Lucida Grande\', Verdana, Lucida, Arial, Helvetica, \'Times New Roman\', 宋体, sans-serif;white-space:normal;background-color:#FFFFFF;\">\r\n	<span lang=\"EN-US\" style=\"line-height:24px;font-family:宋体;font-size:12pt;\">3</span><span style=\"line-height:24px;font-family:宋体;font-size:12pt;\">、<span lang=\"EN-US\">&nbsp;&nbsp;</span>采购方式：公开招标<span lang=\"EN-US\"><o:p></o:p></span></span>\r\n</p>\r\n<p class=\"MsoNormal\" style=\"margin-top:0px;margin-bottom:0px;padding:0px;color:#333333;font-family:\'Lucida Grande\', Verdana, Lucida, Arial, Helvetica, \'Times New Roman\', 宋体, sans-serif;white-space:normal;background-color:#FFFFFF;\">\r\n	<span lang=\"EN-US\" style=\"line-height:24px;font-family:宋体;font-size:12pt;\">4</span><span style=\"line-height:24px;font-family:宋体;font-size:12pt;\">、<span lang=\"EN-US\">&nbsp;&nbsp;</span>采购单位名称：福州大学至诚学院<span lang=\"EN-US\"><o:p></o:p></span></span>\r\n</p>\r\n<p class=\"MsoNormal\" style=\"margin-top:0px;margin-bottom:0px;padding:0px;color:#333333;font-family:\'Lucida Grande\', Verdana, Lucida, Arial, Helvetica, \'Times New Roman\', 宋体, sans-serif;white-space:normal;background-color:#FFFFFF;\">\r\n	<span lang=\"EN-US\" style=\"line-height:24px;font-family:宋体;font-size:12pt;\">&nbsp;</span><span style=\"line-height:24px;font-family:宋体;font-size:12pt;\">联系人：林老师<span lang=\"EN-US\"><o:p></o:p></span></span>\r\n</p>\r\n<p class=\"MsoNormal\" style=\"margin-top:0px;margin-bottom:0px;padding:0px;color:#333333;font-family:\'Lucida Grande\', Verdana, Lucida, Arial, Helvetica, \'Times New Roman\', 宋体, sans-serif;white-space:normal;background-color:#FFFFFF;\">\r\n	<span lang=\"EN-US\" style=\"line-height:24px;font-family:宋体;font-size:12pt;\">&nbsp;&nbsp;</span><span style=\"line-height:24px;font-family:宋体;font-size:12pt;\">联系电话：<span lang=\"EN-US\">0591-83779501<o:p></o:p></span></span>\r\n</p>\r\n<p class=\"MsoNormal\" style=\"margin-top:0px;margin-bottom:0px;padding:0px;color:#333333;font-family:\'Lucida Grande\', Verdana, Lucida, Arial, Helvetica, \'Times New Roman\', 宋体, sans-serif;white-space:normal;background-color:#FFFFFF;\">\r\n	<span lang=\"EN-US\" style=\"line-height:24px;font-family:宋体;font-size:12pt;\">4</span><span style=\"line-height:24px;font-family:宋体;font-size:12pt;\">、招标代理机构名称<span lang=\"EN-US\">:&nbsp;</span>福建省福怡药械招标有限公司<span lang=\"EN-US\"><o:p></o:p></span></span>\r\n</p>\r\n<p class=\"MsoNormal\" style=\"margin-top:0px;margin-bottom:0px;padding:0px;color:#333333;font-family:\'Lucida Grande\', Verdana, Lucida, Arial, Helvetica, \'Times New Roman\', 宋体, sans-serif;white-space:normal;background-color:#FFFFFF;\">\r\n	<span style=\"line-height:24px;font-family:宋体;font-size:12pt;\">招标代理机构地址：福州市交通路<span lang=\"EN-US\">88</span>号<span lang=\"EN-US\"><o:p></o:p></span></span>\r\n</p>\r\n<p class=\"MsoNormal\" style=\"margin-top:0px;margin-bottom:0px;padding:0px;color:#333333;font-family:\'Lucida Grande\', Verdana, Lucida, Arial, Helvetica, \'Times New Roman\', 宋体, sans-serif;white-space:normal;background-color:#FFFFFF;\">\r\n	<span lang=\"EN-US\" style=\"line-height:24px;font-family:宋体;font-size:12pt;\">5</span><span style=\"line-height:24px;font-family:宋体;font-size:12pt;\">、联系人：林小姐<span lang=\"EN-US\">&nbsp;&nbsp;&nbsp;&nbsp;&nbsp;<o:p></o:p></span></span>\r\n</p>\r\n<p class=\"MsoNormal\" style=\"margin-top:0px;margin-bottom:0px;padding:0px;color:#333333;font-family:\'Lucida Grande\', Verdana, Lucida, Arial, Helvetica, \'Times New Roman\', 宋体, sans-serif;white-space:normal;background-color:#FFFFFF;\">\r\n	<span style=\"line-height:24px;font-family:宋体;font-size:12pt;\">联系方式：（<span lang=\"EN-US\">0591</span>）<span lang=\"EN-US\">83569183</span>、<span lang=\"EN-US\">83569185</span>、<span lang=\"EN-US\">83569369</span>（传真）<span lang=\"EN-US\"><o:p></o:p></span></span>\r\n</p>\r\n<p class=\"MsoNormal\" style=\"margin-top:0px;margin-bottom:0px;padding:0px;color:#333333;font-family:\'Lucida Grande\', Verdana, Lucida, Arial, Helvetica, \'Times New Roman\', 宋体, sans-serif;white-space:normal;background-color:#FFFFFF;\">\r\n	<span lang=\"EN-US\" style=\"line-height:24px;font-family:宋体;font-size:12pt;\">6</span><span style=\"line-height:24px;font-family:宋体;font-size:12pt;\">、招标公告日期：二<span lang=\"EN-US\">0</span>一五年三月六日<span lang=\"EN-US\"><o:p></o:p></span></span>\r\n</p>\r\n<p class=\"MsoNormal\" style=\"margin-top:0px;margin-bottom:0px;padding:0px;color:#333333;font-family:\'Lucida Grande\', Verdana, Lucida, Arial, Helvetica, \'Times New Roman\', 宋体, sans-serif;white-space:normal;background-color:#FFFFFF;\">\r\n	<span lang=\"EN-US\" style=\"line-height:24px;font-family:宋体;font-size:12pt;\">7</span><span style=\"line-height:24px;font-family:宋体;font-size:12pt;\">、定标日期<span lang=\"EN-US\">:&nbsp;</span>二<span lang=\"EN-US\">0</span>一五年三月三十日<span lang=\"EN-US\"><o:p></o:p></span></span>\r\n</p>\r\n<p class=\"MsoNormal\" style=\"margin-top:0px;margin-bottom:0px;padding:0px;color:#333333;font-family:\'Lucida Grande\', Verdana, Lucida, Arial, Helvetica, \'Times New Roman\', 宋体, sans-serif;white-space:normal;background-color:#FFFFFF;\">\r\n	<span lang=\"EN-US\" style=\"line-height:24px;font-family:宋体;font-size:12pt;\">8</span><span style=\"line-height:24px;font-family:宋体;font-size:12pt;\">、定标情况<span lang=\"EN-US\">:</span>到投标截止时间止，只有两家供应商参加投标，不满足公开招标的要求，本项目流标。<span lang=\"EN-US\"><o:p></o:p></span></span>\r\n</p>\r\n<p class=\"MsoNormal\" style=\"margin-top:0px;margin-bottom:0px;padding:0px;color:#333333;font-family:\'Lucida Grande\', Verdana, Lucida, Arial, Helvetica, \'Times New Roman\', 宋体, sans-serif;white-space:normal;background-color:#FFFFFF;\">\r\n	<span lang=\"EN-US\" style=\"line-height:24px;font-family:宋体;font-size:12pt;\">&nbsp;</span>\r\n</p>\r\n<p class=\"MsoNormal\" style=\"margin-top:0px;margin-bottom:0px;padding:0px;color:#333333;font-family:\'Lucida Grande\', Verdana, Lucida, Arial, Helvetica, \'Times New Roman\', 宋体, sans-serif;white-space:normal;background-color:#FFFFFF;\">\r\n	<span style=\"line-height:24px;font-family:宋体;font-size:12pt;\">官方链接：<span lang=\"EN-US\"><a href=\"http://fyzb.com/Default.aspx?ShowType=1&amp;ProductID=600\" style=\"color:#333333;text-decoration:none;\">http://fyzb.com/Default.aspx?ShowType=1&amp;ProductID=600</a><o:p></o:p></span></span>\r\n</p>\r\n<p class=\"MsoNormal\" style=\"margin-top:0px;margin-bottom:0px;padding:0px;color:#333333;font-family:\'Lucida Grande\', Verdana, Lucida, Arial, Helvetica, \'Times New Roman\', 宋体, sans-serif;white-space:normal;background-color:#FFFFFF;\">\r\n	<span lang=\"EN-US\" style=\"line-height:24px;font-family:宋体;font-size:12pt;\"><a href=\"http://www.ccgp.gov.cn/cggg/dfgg/zbgg/201503/t20150330_5141351.htm\" style=\"color:#333333;text-decoration:none;\">http://www.ccgp.gov.cn/cggg/dfgg/zbgg/201503/t20150330_5141351.htm</a></span>\r\n</p>', '1', '2015-03-19 21:19:38');
INSERT INTO `t_notice` VALUES ('30', '关于我院电力电缆公开招标中标公告', '<p class=\"MsoNormal\" style=\"margin-top:0px;margin-bottom:0px;padding:0px;color:#333333;font-family:\'Lucida Grande\', Verdana, Lucida, Arial, Helvetica, \'Times New Roman\', 宋体, sans-serif;white-space:normal;background-color:#FFFFFF;\">\r\n	<span lang=\"EN-US\" style=\"line-height:24px;font-family:宋体;font-size:12pt;\">1</span><span style=\"line-height:24px;font-family:宋体;font-size:12pt;\">、招标编号<span lang=\"EN-US\">: FYZB-S2-2015002-1<o:p></o:p></span></span>\r\n</p>\r\n<p class=\"MsoNormal\" style=\"margin-top:0px;margin-bottom:0px;padding:0px;color:#333333;font-family:\'Lucida Grande\', Verdana, Lucida, Arial, Helvetica, \'Times New Roman\', 宋体, sans-serif;white-space:normal;background-color:#FFFFFF;\">\r\n	<span lang=\"EN-US\" style=\"line-height:24px;font-family:宋体;font-size:12pt;\">2</span><span style=\"line-height:24px;font-family:宋体;font-size:12pt;\">、采购方式：公开招标<span lang=\"EN-US\"><o:p></o:p></span></span>\r\n</p>\r\n<p class=\"MsoNormal\" style=\"margin-top:0px;margin-bottom:0px;padding:0px;color:#333333;font-family:\'Lucida Grande\', Verdana, Lucida, Arial, Helvetica, \'Times New Roman\', 宋体, sans-serif;white-space:normal;background-color:#FFFFFF;\">\r\n	<span lang=\"EN-US\" style=\"line-height:24px;font-family:宋体;font-size:12pt;\">3</span><span style=\"line-height:24px;font-family:宋体;font-size:12pt;\">、采购单位名称：福州大学至诚学院<span lang=\"EN-US\"><o:p></o:p></span></span>\r\n</p>\r\n<p class=\"MsoNormal\" style=\"margin-top:0px;margin-bottom:0px;padding:0px;color:#333333;font-family:\'Lucida Grande\', Verdana, Lucida, Arial, Helvetica, \'Times New Roman\', 宋体, sans-serif;white-space:normal;background-color:#FFFFFF;\">\r\n	<span lang=\"EN-US\" style=\"line-height:24px;font-family:宋体;font-size:12pt;\">&nbsp;</span><span style=\"line-height:24px;font-family:宋体;font-size:12pt;\">联系人：林老师<span lang=\"EN-US\"><o:p></o:p></span></span>\r\n</p>\r\n<p class=\"MsoNormal\" style=\"margin-top:0px;margin-bottom:0px;padding:0px;color:#333333;font-family:\'Lucida Grande\', Verdana, Lucida, Arial, Helvetica, \'Times New Roman\', 宋体, sans-serif;white-space:normal;background-color:#FFFFFF;\">\r\n	<span lang=\"EN-US\" style=\"line-height:24px;font-family:宋体;font-size:12pt;\">&nbsp;</span><span style=\"line-height:24px;font-family:宋体;font-size:12pt;\">联系电话：<span lang=\"EN-US\">0591-83779501<o:p></o:p></span></span>\r\n</p>\r\n<p class=\"MsoNormal\" style=\"margin-top:0px;margin-bottom:0px;padding:0px;color:#333333;font-family:\'Lucida Grande\', Verdana, Lucida, Arial, Helvetica, \'Times New Roman\', 宋体, sans-serif;white-space:normal;background-color:#FFFFFF;\">\r\n	<span lang=\"EN-US\" style=\"line-height:24px;font-family:宋体;font-size:12pt;\">4</span><span style=\"line-height:24px;font-family:宋体;font-size:12pt;\">、招标代理机构名称<span lang=\"EN-US\">:&nbsp;</span>福建省福怡药械招标有限公司<span lang=\"EN-US\"><o:p></o:p></span></span>\r\n</p>\r\n<p class=\"MsoNormal\" style=\"margin-top:0px;margin-bottom:0px;padding:0px;color:#333333;font-family:\'Lucida Grande\', Verdana, Lucida, Arial, Helvetica, \'Times New Roman\', 宋体, sans-serif;white-space:normal;background-color:#FFFFFF;\">\r\n	<span style=\"line-height:24px;font-family:宋体;font-size:12pt;\">招标代理机构地址：福州市交通路<span lang=\"EN-US\">88</span>号<span lang=\"EN-US\"><o:p></o:p></span></span>\r\n</p>\r\n<p class=\"MsoNormal\" style=\"margin-top:0px;margin-bottom:0px;padding:0px;color:#333333;font-family:\'Lucida Grande\', Verdana, Lucida, Arial, Helvetica, \'Times New Roman\', 宋体, sans-serif;white-space:normal;background-color:#FFFFFF;\">\r\n	<span lang=\"EN-US\" style=\"line-height:24px;font-family:宋体;font-size:12pt;\">5</span><span style=\"line-height:24px;font-family:宋体;font-size:12pt;\">、联系人：林小姐<span lang=\"EN-US\">&nbsp;&nbsp;&nbsp;&nbsp;&nbsp;<o:p></o:p></span></span>\r\n</p>\r\n<p class=\"MsoNormal\" style=\"margin-top:0px;margin-bottom:0px;padding:0px;color:#333333;font-family:\'Lucida Grande\', Verdana, Lucida, Arial, Helvetica, \'Times New Roman\', 宋体, sans-serif;white-space:normal;background-color:#FFFFFF;\">\r\n	<span style=\"line-height:24px;font-family:宋体;font-size:12pt;\">联系方式：（<span lang=\"EN-US\">0591</span>）<span lang=\"EN-US\">83569183</span>、<span lang=\"EN-US\">83569185</span>、<span lang=\"EN-US\">83569369</span>（传真）<span lang=\"EN-US\"><o:p></o:p></span></span>\r\n</p>\r\n<p class=\"MsoNormal\" style=\"margin-top:0px;margin-bottom:0px;padding:0px;color:#333333;font-family:\'Lucida Grande\', Verdana, Lucida, Arial, Helvetica, \'Times New Roman\', 宋体, sans-serif;white-space:normal;background-color:#FFFFFF;\">\r\n	<span lang=\"EN-US\" style=\"line-height:24px;font-family:宋体;font-size:12pt;\">6</span><span style=\"line-height:24px;font-family:宋体;font-size:12pt;\">、招标公告日期：二<span lang=\"EN-US\">0</span>一五年三月六日<span lang=\"EN-US\"><o:p></o:p></span></span>\r\n</p>\r\n<p class=\"MsoNormal\" style=\"margin-top:0px;margin-bottom:0px;padding:0px;color:#333333;font-family:\'Lucida Grande\', Verdana, Lucida, Arial, Helvetica, \'Times New Roman\', 宋体, sans-serif;white-space:normal;background-color:#FFFFFF;\">\r\n	<span lang=\"EN-US\" style=\"line-height:24px;font-family:宋体;font-size:12pt;\">7</span><span style=\"line-height:24px;font-family:宋体;font-size:12pt;\">、定标日期<span lang=\"EN-US\">:&nbsp;</span>二<span lang=\"EN-US\">0</span>一五年三月三十日<span lang=\"EN-US\"><o:p></o:p></span></span>\r\n</p>\r\n<p class=\"MsoNormal\" style=\"margin-top:0px;margin-bottom:0px;padding:0px;color:#333333;font-family:\'Lucida Grande\', Verdana, Lucida, Arial, Helvetica, \'Times New Roman\', 宋体, sans-serif;white-space:normal;background-color:#FFFFFF;\">\r\n	<span lang=\"EN-US\" style=\"line-height:24px;font-family:宋体;font-size:12pt;\">8</span><span style=\"line-height:24px;font-family:宋体;font-size:12pt;\">、情况<span lang=\"EN-US\">:<o:p></o:p></span></span>\r\n</p>\r\n<div align=\"center\" style=\"color:#333333;font-family:\'Lucida Grande\', Verdana, Lucida, Arial, Helvetica, \'Times New Roman\', 宋体, sans-serif;line-height:15.6000003814697px;white-space:normal;background-color:#FFFFFF;\">\r\n	<table class=\"MsoNormalTable ke-zeroborder\" border=\"0\" cellspacing=\"0\" cellpadding=\"0\">\r\n		<tbody>\r\n			<tr style=\"height:47pt;\">\r\n				<td width=\"38\" style=\"border:1pt solid windowtext;padding:0cm 1.4pt;width:28.45pt;height:47pt;\">\r\n					<p align=\"center\" style=\"margin-top:0px;margin-bottom:0px;padding:0px;text-align:center;\">\r\n						<span style=\"font-family:宋体;\">合同包</span>\r\n					</p>\r\n				</td>\r\n				<td width=\"41\" style=\"border-bottom-color:windowtext;border-width:1pt 1pt 1pt medium;border-style:solid solid solid none;padding:0cm 1.4pt;width:30.4pt;height:47pt;border-top-color:windowtext;border-right-color:windowtext;\">\r\n					<p align=\"center\" style=\"margin-top:0px;margin-bottom:0px;padding:0px;text-align:center;\">\r\n						<span style=\"font-family:宋体;\">品目号</span>\r\n					</p>\r\n				</td>\r\n				<td width=\"71\" style=\"border-bottom-color:windowtext;border-width:1pt 1pt 1pt medium;border-style:solid solid solid none;padding:0cm 1.4pt;width:53.4pt;height:47pt;border-top-color:windowtext;border-right-color:windowtext;\">\r\n					<p align=\"center\" style=\"margin-top:0px;margin-bottom:0px;padding:0px;text-align:center;\">\r\n						<span style=\"font-family:宋体;\">品目名称</span>\r\n					</p>\r\n				</td>\r\n				<td width=\"135\" style=\"border-bottom-color:windowtext;border-width:1pt 1pt 1pt medium;border-style:solid solid solid none;padding:0cm 1.4pt;width:100.9pt;height:47pt;border-top-color:windowtext;border-right-color:windowtext;\">\r\n					<p align=\"center\" style=\"margin-top:0px;margin-bottom:0px;padding:0px;text-align:center;\">\r\n						<span style=\"font-family:宋体;\">型号和规格</span>\r\n					</p>\r\n				</td>\r\n				<td width=\"95\" style=\"border-bottom-color:windowtext;border-width:1pt 1pt 1pt medium;border-style:solid solid solid none;padding:0cm 1.4pt;width:70.9pt;height:47pt;border-top-color:windowtext;border-right-color:windowtext;\">\r\n					<p align=\"center\" style=\"margin-top:0px;margin-bottom:0px;padding:0px;text-align:center;\">\r\n						<span style=\"font-family:宋体;\">数量（米）</span>\r\n					</p>\r\n				</td>\r\n				<td width=\"97\" style=\"border-bottom-color:windowtext;border-width:1pt 1pt 1pt medium;border-style:solid solid solid none;padding:0cm 1.4pt;width:73.1pt;height:47pt;border-top-color:windowtext;border-right-color:windowtext;\">\r\n					<p align=\"center\" style=\"margin-top:0px;margin-bottom:0px;padding:0px;text-align:center;\">\r\n						<span style=\"font-family:宋体;\">中标价</span>\r\n					</p>\r\n				</td>\r\n				<td width=\"70\" style=\"border-bottom-color:windowtext;border-width:1pt 1pt 1pt medium;border-style:solid solid solid none;padding:0cm 1.4pt;width:52.65pt;height:47pt;border-top-color:windowtext;border-right-color:windowtext;\">\r\n					<p align=\"center\" style=\"margin-top:0px;margin-bottom:0px;padding:0px;text-align:center;\">\r\n						<span style=\"font-family:宋体;\">中标人</span>\r\n					</p>\r\n				</td>\r\n				<td width=\"74\" style=\"border-bottom-color:windowtext;border-width:1pt 1pt 1pt medium;border-style:solid solid solid none;padding:0cm 1.4pt;width:55.15pt;height:47pt;border-top-color:windowtext;border-right-color:windowtext;\">\r\n					<p align=\"center\" style=\"margin-top:0px;margin-bottom:0px;padding:0px;text-align:center;\">\r\n						<span style=\"font-family:宋体;\">地址</span>\r\n					</p>\r\n				</td>\r\n			</tr>\r\n			<tr style=\"height:38.7pt;\">\r\n				<td rowspan=\"5\" width=\"38\" style=\"border-bottom-color:windowtext;border-width:medium 1pt 1pt;border-style:none solid solid;border-left-color:windowtext;padding:0cm 1.4pt;width:28.45pt;height:38.7pt;border-right-color:windowtext;\">\r\n					<p align=\"center\" style=\"margin-top:0px;margin-bottom:0px;padding:0px;text-align:center;\">\r\n						<span lang=\"EN-US\" style=\"font-family:宋体;\">1</span>\r\n					</p>\r\n				</td>\r\n				<td width=\"41\" style=\"border-bottom-color:windowtext;border-width:medium 1pt 1pt medium;border-style:none solid solid none;padding:0cm 1.4pt;width:30.4pt;height:38.7pt;border-right-color:windowtext;\">\r\n					<p align=\"center\" style=\"margin-top:0px;margin-bottom:0px;padding:0px;text-align:center;\">\r\n						<span lang=\"EN-US\" style=\"font-family:宋体;\">1</span>\r\n					</p>\r\n				</td>\r\n				<td width=\"71\" style=\"border-bottom-color:windowtext;border-width:medium 1pt 1pt medium;border-style:none solid solid none;padding:0cm 1.4pt;width:53.4pt;height:38.7pt;border-right-color:windowtext;\">\r\n					<p align=\"center\" style=\"margin-top:0px;margin-bottom:0px;padding:0px;text-align:center;\">\r\n						<span style=\"font-family:宋体;\">电力电缆</span>\r\n					</p>\r\n				</td>\r\n				<td width=\"135\" style=\"border-bottom-color:windowtext;border-width:medium 1pt 1pt medium;border-style:none solid solid none;padding:0cm 1.4pt;width:100.9pt;height:38.7pt;border-right-color:windowtext;\">\r\n					<p class=\"MsoNormal\" align=\"center\" style=\"margin-top:0px;margin-bottom:0px;padding:0px;text-align:center;\">\r\n						<span lang=\"EN-US\" style=\"line-height:24px;font-family:宋体;font-size:12pt;\">YJV22/10KV3*95</span>\r\n					</p>\r\n				</td>\r\n				<td width=\"95\" style=\"border-bottom-color:windowtext;border-width:medium 1pt 1pt medium;border-style:none solid solid none;padding:0cm 1.4pt;width:70.9pt;height:38.7pt;border-right-color:windowtext;\">\r\n					<p class=\"MsoNormal\" align=\"center\" style=\"margin-top:0px;margin-bottom:0px;padding:0px;text-align:center;\">\r\n						<span lang=\"EN-US\" style=\"line-height:24px;font-family:宋体;font-size:12pt;\">500</span>\r\n					</p>\r\n				</td>\r\n				<td rowspan=\"5\" width=\"97\" style=\"border-bottom-color:windowtext;border-width:medium 1pt 1pt medium;border-style:none solid solid none;padding:0cm 1.4pt;width:73.1pt;height:38.7pt;border-right-color:windowtext;\">\r\n					<p class=\"MsoNormal\" align=\"center\" style=\"margin-top:0px;margin-bottom:0px;padding:0px;text-align:center;\">\r\n						<span style=\"line-height:24px;font-family:宋体;font-size:12pt;\">￥<span lang=\"EN-US\">1613255</span></span>\r\n					</p>\r\n				</td>\r\n				<td rowspan=\"5\" width=\"70\" style=\"border-bottom-color:windowtext;border-width:medium 1pt 1pt medium;border-style:none solid solid none;padding:0cm 1.4pt;width:52.65pt;height:38.7pt;border-right-color:windowtext;\">\r\n					<p class=\"MsoNormal\" align=\"center\" style=\"margin-top:0px;margin-bottom:0px;padding:0px;text-align:center;\">\r\n						<span style=\"line-height:24px;font-family:宋体;font-size:12pt;\">福建南平太阳电缆股份有限公司</span>\r\n					</p>\r\n				</td>\r\n				<td rowspan=\"5\" width=\"74\" style=\"border-bottom-color:windowtext;border-width:medium 1pt 1pt medium;border-style:none solid solid none;padding:0cm 1.4pt;width:55.15pt;height:38.7pt;border-right-color:windowtext;\">\r\n					<p class=\"MsoNormal\" align=\"center\" style=\"margin-top:0px;margin-bottom:0px;padding:0px;text-align:center;\">\r\n						<span style=\"line-height:24px;font-family:宋体;font-size:12pt;\">福建省南平市工业路<span lang=\"EN-US\">102</span>号</span>\r\n					</p>\r\n				</td>\r\n			</tr>\r\n			<tr style=\"height:39.2pt;\">\r\n				<td width=\"41\" style=\"border-bottom-color:windowtext;border-width:medium 1pt 1pt medium;border-style:none solid solid none;padding:0cm 5.4pt;width:30.4pt;height:39.2pt;border-right-color:windowtext;\">\r\n					<p align=\"center\" style=\"margin-top:0px;margin-bottom:0px;padding:0px;text-align:center;\">\r\n						<span lang=\"EN-US\" style=\"font-family:宋体;\">2</span>\r\n					</p>\r\n				</td>\r\n				<td width=\"71\" style=\"border-bottom-color:windowtext;border-width:medium 1pt 1pt medium;border-style:none solid solid none;padding:0cm 5.4pt;width:53.4pt;height:39.2pt;border-right-color:windowtext;\">\r\n					<p align=\"center\" style=\"margin-top:0px;margin-bottom:0px;padding:0px;text-align:center;\">\r\n						<span style=\"font-family:宋体;\">电力电缆</span>\r\n					</p>\r\n				</td>\r\n				<td width=\"135\" style=\"border-bottom-color:windowtext;border-width:medium 1pt 1pt medium;border-style:none solid solid none;padding:0cm 5.4pt;width:100.9pt;height:39.2pt;border-right-color:windowtext;\">\r\n					<p class=\"MsoNormal\" align=\"center\" style=\"margin-top:0px;margin-bottom:0px;padding:0px;text-align:center;\">\r\n						<span lang=\"EN-US\" style=\"line-height:24px;font-family:宋体;font-size:12pt;\">VV22/1KV4*240</span>\r\n					</p>\r\n				</td>\r\n				<td width=\"95\" style=\"border-bottom-color:windowtext;border-width:medium 1pt 1pt medium;border-style:none solid solid none;padding:0cm 5.4pt;width:70.9pt;height:39.2pt;border-right-color:windowtext;\">\r\n					<p class=\"MsoNormal\" align=\"center\" style=\"margin-top:0px;margin-bottom:0px;padding:0px;text-align:center;\">\r\n						<span lang=\"EN-US\" style=\"line-height:24px;font-family:宋体;font-size:12pt;\">600</span>\r\n					</p>\r\n				</td>\r\n			</tr>\r\n			<tr style=\"height:38.35pt;\">\r\n				<td width=\"41\" style=\"border-bottom-color:windowtext;border-width:medium 1pt 1pt medium;border-style:none solid solid none;padding:0cm 5.4pt;width:30.4pt;height:38.35pt;border-right-color:windowtext;\">\r\n					<p align=\"center\" style=\"margin-top:0px;margin-bottom:0px;padding:0px;text-align:center;\">\r\n						<span lang=\"EN-US\" style=\"font-family:宋体;\">3</span>\r\n					</p>\r\n				</td>\r\n				<td width=\"71\" style=\"border-bottom-color:windowtext;border-width:medium 1pt 1pt medium;border-style:none solid solid none;padding:0cm 5.4pt;width:53.4pt;height:38.35pt;border-right-color:windowtext;\">\r\n					<p align=\"center\" style=\"margin-top:0px;margin-bottom:0px;padding:0px;text-align:center;\">\r\n						<span style=\"font-family:宋体;\">电力电缆</span>\r\n					</p>\r\n				</td>\r\n				<td width=\"135\" style=\"border-bottom-color:windowtext;border-width:medium 1pt 1pt medium;border-style:none solid solid none;padding:0cm 5.4pt;width:100.9pt;height:38.35pt;border-right-color:windowtext;\">\r\n					<p class=\"MsoNormal\" align=\"center\" style=\"margin-top:0px;margin-bottom:0px;padding:0px;text-align:center;\">\r\n						<span lang=\"EN-US\" style=\"line-height:24px;font-family:宋体;font-size:12pt;\">VV22/1KV4*185</span>\r\n					</p>\r\n				</td>\r\n				<td width=\"95\" style=\"border-bottom-color:windowtext;border-width:medium 1pt 1pt medium;border-style:none solid solid none;padding:0cm 5.4pt;width:70.9pt;height:38.35pt;border-right-color:windowtext;\">\r\n					<p class=\"MsoNormal\" align=\"center\" style=\"margin-top:0px;margin-bottom:0px;padding:0px;text-align:center;\">\r\n						<span lang=\"EN-US\" style=\"line-height:24px;font-family:宋体;font-size:12pt;\">1300</span>\r\n					</p>\r\n				</td>\r\n			</tr>\r\n			<tr style=\"height:38.1pt;\">\r\n				<td width=\"41\" style=\"border-bottom-color:windowtext;border-width:medium 1pt 1pt medium;border-style:none solid solid none;padding:0cm 5.4pt;width:30.4pt;height:38.1pt;border-right-color:windowtext;\">\r\n					<p align=\"center\" style=\"margin-top:0px;margin-bottom:0px;padding:0px;text-align:center;\">\r\n						<span lang=\"EN-US\" style=\"font-family:宋体;\">4</span>\r\n					</p>\r\n				</td>\r\n				<td width=\"71\" style=\"border-bottom-color:windowtext;border-width:medium 1pt 1pt medium;border-style:none solid solid none;padding:0cm 5.4pt;width:53.4pt;height:38.1pt;border-right-color:windowtext;\">\r\n					<p align=\"center\" style=\"margin-top:0px;margin-bottom:0px;padding:0px;text-align:center;\">\r\n						<span style=\"font-family:宋体;\">电力电缆</span>\r\n					</p>\r\n				</td>\r\n				<td width=\"135\" style=\"border-bottom-color:windowtext;border-width:medium 1pt 1pt medium;border-style:none solid solid none;padding:0cm 5.4pt;width:100.9pt;height:38.1pt;border-right-color:windowtext;\">\r\n					<p class=\"MsoNormal\" align=\"center\" style=\"margin-top:0px;margin-bottom:0px;padding:0px;text-align:center;\">\r\n						<span lang=\"EN-US\" style=\"line-height:24px;font-family:宋体;font-size:12pt;\">VV/1KV4*95+1*50</span>\r\n					</p>\r\n				</td>\r\n				<td width=\"95\" style=\"border-bottom-color:windowtext;border-width:medium 1pt 1pt medium;border-style:none solid solid none;padding:0cm 5.4pt;width:70.9pt;height:38.1pt;border-right-color:windowtext;\">\r\n					<p class=\"MsoNormal\" align=\"center\" style=\"margin-top:0px;margin-bottom:0px;padding:0px;text-align:center;\">\r\n						<span lang=\"EN-US\" style=\"line-height:24px;font-family:宋体;font-size:12pt;\">900</span>\r\n					</p>\r\n				</td>\r\n			</tr>\r\n			<tr style=\"height:38.6pt;\">\r\n				<td width=\"41\" style=\"border-bottom-color:windowtext;border-width:medium 1pt 1pt medium;border-style:none solid solid none;padding:0cm 5.4pt;width:30.4pt;height:38.6pt;border-right-color:windowtext;\">\r\n					<p align=\"center\" style=\"margin-top:0px;margin-bottom:0px;padding:0px;text-align:center;\">\r\n						<span lang=\"EN-US\" style=\"font-family:宋体;\">5</span>\r\n					</p>\r\n				</td>\r\n				<td width=\"71\" style=\"border-bottom-color:windowtext;border-width:medium 1pt 1pt medium;border-style:none solid solid none;padding:0cm 5.4pt;width:53.4pt;height:38.6pt;border-right-color:windowtext;\">\r\n					<p align=\"center\" style=\"margin-top:0px;margin-bottom:0px;padding:0px;text-align:center;\">\r\n						<span style=\"font-family:宋体;\">电力电缆</span>\r\n					</p>\r\n				</td>\r\n				<td width=\"135\" style=\"border-bottom-color:windowtext;border-width:medium 1pt 1pt medium;border-style:none solid solid none;padding:0cm 5.4pt;width:100.9pt;height:38.6pt;border-right-color:windowtext;\">\r\n					<p class=\"MsoNormal\" align=\"center\" style=\"margin-top:0px;margin-bottom:0px;padding:0px;text-align:center;\">\r\n						<span lang=\"EN-US\" style=\"line-height:24px;font-family:宋体;font-size:12pt;\">VVR/1KV3*4.0</span>\r\n					</p>\r\n				</td>\r\n				<td width=\"95\" style=\"border-bottom-color:windowtext;border-width:medium 1pt 1pt medium;border-style:none solid solid none;padding:0cm 5.4pt;width:70.9pt;height:38.6pt;border-right-color:windowtext;\">\r\n					<p class=\"MsoNormal\" align=\"center\" style=\"margin-top:0px;margin-bottom:0px;padding:0px;text-align:center;\">\r\n						<span lang=\"EN-US\" style=\"line-height:24px;font-family:宋体;font-size:12pt;\">63000</span>\r\n					</p>\r\n				</td>\r\n			</tr>\r\n			<tr style=\"height:38.6pt;\">\r\n				<td width=\"620\" colspan=\"8\" style=\"border-bottom-color:windowtext;border-width:medium 1pt 1pt;border-style:none solid solid;border-left-color:windowtext;padding:0cm 5.4pt;width:464.95pt;height:38.6pt;border-right-color:windowtext;\">\r\n					<p style=\"margin-top:0px;margin-bottom:0px;padding:0px;\">\r\n						<span style=\"font-family:宋体;\">注：新缆集团有限公司未提供有效的检察机关行贿犯罪档案查询结果告知函，资格性检查不合格，未进入下一步评议及评分；福建奇东电线电缆有限公司未提供行政主管部门颁发的合格有效的所投电缆的生产许可证证书，资格性检查不合格，未进入下一步评议及评分。新缆集团有限公司与福建奇东电线电缆有限公司未实质性响应招标文件要求，按投标无效处理。</span>\r\n					</p>\r\n				</td>\r\n			</tr>\r\n			<tr style=\"height:38.6pt;\">\r\n				<td width=\"620\" colspan=\"8\" style=\"border-bottom-color:windowtext;border-width:medium 1pt 1pt;border-style:none solid solid;border-left-color:windowtext;padding:0cm 5.4pt;width:464.95pt;height:38.6pt;border-right-color:windowtext;\">\r\n					<p style=\"margin-top:0px;margin-bottom:0px;padding:0px;\">\r\n						<span style=\"font-family:宋体;\">交货时间：合同签订后<span lang=\"EN-US\">15</span>天内根据采购人要求分批供货。</span>\r\n					</p>\r\n					<p style=\"margin-top:0px;margin-bottom:0px;padding:0px;\">\r\n						<span style=\"font-family:宋体;\">交货地点：福州大学至诚学院指定地点。</span>\r\n					</p>\r\n					<p style=\"margin-top:0px;margin-bottom:0px;padding:0px;\">\r\n						<span style=\"font-family:宋体;\">付款方式：单批货物经验收合格无质量问题后，在<span lang=\"EN-US\">1</span>个月内付<span lang=\"EN-US\">50%</span>单批合同款，余款<span lang=\"EN-US\">3</span>个月内付清。</span>\r\n					</p>\r\n				</td>\r\n			</tr>\r\n		</tbody>\r\n	</table>\r\n</div>\r\n<p class=\"MsoNormal\" style=\"margin-top:0px;margin-bottom:0px;padding:0px;color:#333333;font-family:\'Lucida Grande\', Verdana, Lucida, Arial, Helvetica, \'Times New Roman\', 宋体, sans-serif;white-space:normal;background-color:#FFFFFF;\">\r\n	<span lang=\"EN-US\" style=\"line-height:24px;font-family:宋体;font-size:12pt;\">9</span><span style=\"line-height:24px;font-family:宋体;font-size:12pt;\">、评标委员会名单：任成红、刘林烟、丁卓群、彭建东、叶榕<span lang=\"EN-US\"><o:p></o:p></span></span>\r\n</p>\r\n<p class=\"MsoNormal\" style=\"margin-top:0px;margin-bottom:0px;padding:0px;color:#333333;font-family:\'Lucida Grande\', Verdana, Lucida, Arial, Helvetica, \'Times New Roman\', 宋体, sans-serif;white-space:normal;background-color:#FFFFFF;\">\r\n	<span lang=\"EN-US\" style=\"line-height:24px;font-family:宋体;font-size:12pt;\">&nbsp;<o:p></o:p></span>\r\n</p>\r\n<p class=\"MsoNormal\" style=\"margin-top:0px;margin-bottom:0px;padding:0px;color:#333333;font-family:\'Lucida Grande\', Verdana, Lucida, Arial, Helvetica, \'Times New Roman\', 宋体, sans-serif;white-space:normal;background-color:#FFFFFF;\">\r\n	<span style=\"line-height:24px;font-family:宋体;font-size:12pt;\">官方链接：<span lang=\"EN-US\"><a href=\"http://fyzb.com/Default.aspx?ShowType=1&amp;ProductID=601\" style=\"color:#333333;text-decoration:none;\"><span style=\"color:windowtext;\">http://fyzb.com/Default.aspx?ShowType=1&amp;ProductID=601</span></a><o:p></o:p></span></span>\r\n</p>\r\n<p class=\"MsoNormal\" style=\"margin-top:0px;margin-bottom:0px;padding:0px;color:#333333;font-family:\'Lucida Grande\', Verdana, Lucida, Arial, Helvetica, \'Times New Roman\', 宋体, sans-serif;white-space:normal;background-color:#FFFFFF;\">\r\n	<span lang=\"EN-US\" style=\"line-height:24px;font-family:宋体;font-size:12pt;\"><a href=\"http://www.ccgp.gov.cn/cggg/dfgg/zbgg/201503/t20150330_5141352.htm\" style=\"color:#333333;text-decoration:none;\"><span style=\"color:windowtext;\">http://www.ccgp.gov.cn/cggg/dfgg/zbgg/201503/t20150330_5141352.htm</span></a></span>\r\n</p>', '1', '2015-04-01 21:20:05');
INSERT INTO `t_notice` VALUES ('31', '关于做好福建省教育科学“十二五”规划2015年度课题申报立项工作的通知', '<p class=\"MsoNormal\" style=\"margin-top:0px;margin-bottom:0px;padding:0px;color:#333333;font-family:\'Lucida Grande\', Verdana, Lucida, Arial, Helvetica, \'Times New Roman\', 宋体, sans-serif;white-space:normal;background-color:#FFFFFF;\">\r\n	<b><span style=\"line-height:24px;font-family:宋体;font-size:12pt;\">各系、各部门：<span lang=\"EN-US\"><o:p></o:p></span></span></b>\r\n</p>\r\n<p class=\"MsoNormal\" style=\"margin-top:0px;margin-bottom:0px;padding:0px;color:#333333;font-family:\'Lucida Grande\', Verdana, Lucida, Arial, Helvetica, \'Times New Roman\', 宋体, sans-serif;white-space:normal;text-indent:24pt;background-color:#FFFFFF;\">\r\n	<span style=\"line-height:24px;font-family:宋体;font-size:12pt;\">根据福建省教育科学规划课题管理的有关规定，决定开展福建省教育科学“十二五”规划<span lang=\"EN-US\">2015</span>年度课题申报立项工作。此次申报面向全省各级各类学校及教科研机构教师。现将有关事宜通知如下：<span lang=\"EN-US\"><o:p></o:p></span></span>\r\n</p>\r\n<p class=\"MsoNormal\" style=\"margin-top:0px;margin-bottom:0px;padding:0px;color:#333333;font-family:\'Lucida Grande\', Verdana, Lucida, Arial, Helvetica, \'Times New Roman\', 宋体, sans-serif;white-space:normal;text-indent:24pt;background-color:#FFFFFF;\">\r\n	<span style=\"line-height:24px;font-family:宋体;font-size:12pt;\">一、课题类别<span lang=\"EN-US\"><o:p></o:p></span></span>\r\n</p>\r\n<p class=\"MsoNormal\" style=\"margin-top:0px;margin-bottom:0px;padding:0px;color:#333333;font-family:\'Lucida Grande\', Verdana, Lucida, Arial, Helvetica, \'Times New Roman\', 宋体, sans-serif;white-space:normal;text-indent:24pt;background-color:#FFFFFF;\">\r\n	<span style=\"line-height:24px;font-family:宋体;font-size:12pt;\">本年度课题分为重点课题和一般课题。重点课题给予一定的科研经费资助。一般课题经费自筹。建议有条件的单位提供配套经费。<span lang=\"EN-US\"><o:p></o:p></span></span>\r\n</p>\r\n<p class=\"MsoNormal\" style=\"margin-top:0px;margin-bottom:0px;padding:0px;color:#333333;font-family:\'Lucida Grande\', Verdana, Lucida, Arial, Helvetica, \'Times New Roman\', 宋体, sans-serif;white-space:normal;text-indent:24pt;background-color:#FFFFFF;\">\r\n	<span style=\"line-height:24px;font-family:宋体;font-size:12pt;\">课题选择请参照《福建省教育科学“十二五”规划<span lang=\"EN-US\">2015</span>年度课题指南》（简称《课题指南》）所提出的研究领域，结合具体的工作岗位、专业、院校和区域特点选择研究题目，鼓励申报反映国家、福建教育教学发展趋势的前瞻性、创新性课题。<span lang=\"EN-US\">&nbsp;&nbsp;<o:p></o:p></span></span>\r\n</p>\r\n<p class=\"MsoNormal\" style=\"margin-top:0px;margin-bottom:0px;padding:0px;color:#333333;font-family:\'Lucida Grande\', Verdana, Lucida, Arial, Helvetica, \'Times New Roman\', 宋体, sans-serif;white-space:normal;text-indent:24pt;background-color:#FFFFFF;\">\r\n	<span style=\"line-height:24px;font-family:宋体;font-size:12pt;\">二、申报要求<span lang=\"EN-US\"><o:p></o:p></span></span>\r\n</p>\r\n<p class=\"MsoNormal\" style=\"margin-top:0px;margin-bottom:0px;padding:0px;color:#333333;font-family:\'Lucida Grande\', Verdana, Lucida, Arial, Helvetica, \'Times New Roman\', 宋体, sans-serif;white-space:normal;text-indent:24pt;background-color:#FFFFFF;\">\r\n	<span lang=\"EN-US\" style=\"line-height:24px;font-family:宋体;font-size:12pt;\">1</span><span style=\"line-height:24px;font-family:宋体;font-size:12pt;\">．本年度立项课题研究时间为两年，研究周期从立项通知下发之日起算。<span lang=\"EN-US\"><o:p></o:p></span></span>\r\n</p>\r\n<p class=\"MsoNormal\" style=\"margin-top:0px;margin-bottom:0px;padding:0px;color:#333333;font-family:\'Lucida Grande\', Verdana, Lucida, Arial, Helvetica, \'Times New Roman\', 宋体, sans-serif;white-space:normal;text-indent:24pt;background-color:#FFFFFF;\">\r\n	<span lang=\"EN-US\" style=\"line-height:24px;font-family:宋体;font-size:12pt;\">2</span><span style=\"line-height:24px;font-family:宋体;font-size:12pt;\">．每个课题只能填报一个主持人，每个申报者只能申报<span lang=\"EN-US\">1</span>个课题，课题组成员不能同时参加<span lang=\"EN-US\">2</span>个以上省教育科学规划办课题；课题组成员的填报须征得本人同意，并承担相应的研究任务。填报人数不超过<span lang=\"EN-US\">14</span>人。鼓励跨单位跨学科组建课题组。<span lang=\"EN-US\"><o:p></o:p></span></span>\r\n</p>\r\n<p class=\"MsoNormal\" style=\"margin-top:0px;margin-bottom:0px;padding:0px;color:#333333;font-family:\'Lucida Grande\', Verdana, Lucida, Arial, Helvetica, \'Times New Roman\', 宋体, sans-serif;white-space:normal;text-indent:24pt;background-color:#FFFFFF;\">\r\n	<span style=\"line-height:24px;font-family:宋体;font-size:12pt;\">承担省教育科学规划立项课题未结题者不得申报；已经获得省级课题立项者，不得以同一内容和题目申报。<span lang=\"EN-US\"><o:p></o:p></span></span>\r\n</p>\r\n<p class=\"MsoNormal\" style=\"margin-top:0px;margin-bottom:0px;padding:0px;color:#333333;font-family:\'Lucida Grande\', Verdana, Lucida, Arial, Helvetica, \'Times New Roman\', 宋体, sans-serif;white-space:normal;text-indent:24pt;background-color:#FFFFFF;\">\r\n	<span lang=\"EN-US\" style=\"line-height:24px;font-family:宋体;font-size:12pt;\">3</span><span style=\"line-height:24px;font-family:宋体;font-size:12pt;\">．申报者须具有高级（相当于副高级或副高级以上）专业技术职务，仅具有中级专业技术职务的须请两名具有高级专业技术职务的人员推荐。<span lang=\"EN-US\"><o:p></o:p></span></span>\r\n</p>\r\n<p class=\"MsoNormal\" style=\"margin-top:0px;margin-bottom:0px;padding:0px;color:#333333;font-family:\'Lucida Grande\', Verdana, Lucida, Arial, Helvetica, \'Times New Roman\', 宋体, sans-serif;white-space:normal;text-indent:24pt;background-color:#FFFFFF;\">\r\n	<span lang=\"EN-US\" style=\"line-height:24px;font-family:宋体;font-size:12pt;\">4</span><span style=\"line-height:24px;font-family:宋体;font-size:12pt;\">．课题研究执行过程中，原则上不得中途更换课题主持人或改变课题名称、成果形式等主要内容。<span lang=\"EN-US\"><o:p></o:p></span></span>\r\n</p>\r\n<p class=\"MsoNormal\" style=\"margin-top:0px;margin-bottom:0px;padding:0px;color:#333333;font-family:\'Lucida Grande\', Verdana, Lucida, Arial, Helvetica, \'Times New Roman\', 宋体, sans-serif;white-space:normal;text-indent:24pt;background-color:#FFFFFF;\">\r\n	<span lang=\"EN-US\" style=\"line-height:24px;font-family:宋体;font-size:12pt;\">5</span><span style=\"line-height:24px;font-family:宋体;font-size:12pt;\">．申报者应如实填写申报材料，保证没有知识产权争议。凡在申请中弄虚作假者，一经发现并查实后，取消个人三年申报资格；如已获准立项一律按撤销立项处理。<span lang=\"EN-US\"><o:p></o:p></span></span>\r\n</p>\r\n<p class=\"MsoNormal\" style=\"margin-top:0px;margin-bottom:0px;padding:0px;color:#333333;font-family:\'Lucida Grande\', Verdana, Lucida, Arial, Helvetica, \'Times New Roman\', 宋体, sans-serif;white-space:normal;text-indent:24pt;background-color:#FFFFFF;\">\r\n	<span lang=\"EN-US\" style=\"line-height:24px;font-family:宋体;font-size:12pt;\">6</span><span style=\"line-height:24px;font-family:宋体;font-size:12pt;\">．课题主持人均须为代表作（著作、论文）的第一作者或独立作者。课题组核心成员须有公开发表的成果，无关成果不得列入课题研究成果。<span lang=\"EN-US\"><o:p></o:p></span></span>\r\n</p>\r\n<p class=\"MsoNormal\" style=\"margin-top:0px;margin-bottom:0px;padding:0px;color:#333333;font-family:\'Lucida Grande\', Verdana, Lucida, Arial, Helvetica, \'Times New Roman\', 宋体, sans-serif;white-space:normal;text-indent:24pt;background-color:#FFFFFF;\">\r\n	<span lang=\"EN-US\" style=\"line-height:24px;font-family:宋体;font-size:12pt;\">7.&nbsp;</span><span style=\"line-height:24px;font-family:宋体;font-size:12pt;\">课题的阶段性成果和最终成果，不论是公开出版或内部选用均需标明：福建省教育科学“十二五”规划<span lang=\"EN-US\">2015</span>年度立项课题字样以及课题名称和立项批准号。没有注明或注明多家课题发布机构的成果不得列入课题研究成果。<span lang=\"EN-US\"><o:p></o:p></span></span>\r\n</p>\r\n<p class=\"MsoNormal\" style=\"margin-top:0px;margin-bottom:0px;padding:0px;color:#333333;font-family:\'Lucida Grande\', Verdana, Lucida, Arial, Helvetica, \'Times New Roman\', 宋体, sans-serif;white-space:normal;text-indent:24pt;background-color:#FFFFFF;\">\r\n	<span lang=\"EN-US\" style=\"line-height:24px;font-family:宋体;font-size:12pt;\">8</span><span style=\"line-height:24px;font-family:宋体;font-size:12pt;\">．不收取申报评审费。<span lang=\"EN-US\"><o:p></o:p></span></span>\r\n</p>\r\n<p class=\"MsoNormal\" style=\"margin-top:0px;margin-bottom:0px;padding:0px;color:#333333;font-family:\'Lucida Grande\', Verdana, Lucida, Arial, Helvetica, \'Times New Roman\', 宋体, sans-serif;white-space:normal;text-indent:24pt;background-color:#FFFFFF;\">\r\n	<span style=\"line-height:24px;font-family:宋体;font-size:12pt;\">三、申报程序与时间<span lang=\"EN-US\"><o:p></o:p></span></span>\r\n</p>\r\n<p class=\"MsoNormal\" style=\"margin-top:0px;margin-bottom:0px;padding:0px;color:#333333;font-family:\'Lucida Grande\', Verdana, Lucida, Arial, Helvetica, \'Times New Roman\', 宋体, sans-serif;white-space:normal;text-indent:24pt;background-color:#FFFFFF;\">\r\n	<span lang=\"EN-US\" style=\"line-height:24px;font-family:宋体;font-size:12pt;\">1</span><span style=\"line-height:24px;font-family:宋体;font-size:12pt;\">．本年度课题实行网上申报，课题申报者登陆福建省教育科学规划课题申报系统<span lang=\"EN-US\"><a href=\"http://fjjyghb.eicp.net:8888/\" style=\"color:#333333;text-decoration:none;\">http://fjjyghb.eicp.net:8888/</a></span>填报课题信息，提交前请确认所填报电子信息的准确性和规范性，并确保与报送纸质申请评审书内容一致；将确认申报后生成的课题编号填入《福建省教育科学“十二五”规划<span lang=\"EN-US\">2015</span>年度课题立项申请评审书》（简称《申请评审书》）封面相应位置。请牢记课题编号，以便修改和查询使用。《设计论证活页》全文中不得出现申报者姓名与单位，若出现则取消评审资格。<span lang=\"EN-US\"><o:p></o:p></span></span>\r\n</p>\r\n<p class=\"MsoNormal\" style=\"margin-top:0px;margin-bottom:0px;padding:0px;color:#333333;font-family:\'Lucida Grande\', Verdana, Lucida, Arial, Helvetica, \'Times New Roman\', 宋体, sans-serif;white-space:normal;text-indent:24pt;background-color:#FFFFFF;\">\r\n	<span lang=\"EN-US\" style=\"line-height:24px;font-family:宋体;font-size:12pt;\">2</span><span style=\"line-height:24px;font-family:宋体;font-size:12pt;\">．课题申报实行二级管理制度。高等教育类课题申报纸质材料经所在学校科研管理部门初审后报送至福建省教育科学规划领导小组办公室。<span lang=\"EN-US\"><o:p></o:p></span></span>\r\n</p>\r\n<p class=\"MsoNormal\" style=\"margin-top:0px;margin-bottom:0px;padding:0px;color:#333333;font-family:\'Lucida Grande\', Verdana, Lucida, Arial, Helvetica, \'Times New Roman\', 宋体, sans-serif;white-space:normal;text-indent:24pt;background-color:#FFFFFF;\">\r\n	<span lang=\"EN-US\" style=\"line-height:24px;font-family:宋体;font-size:12pt;\">3</span><span style=\"line-height:24px;font-family:宋体;font-size:12pt;\">．报送材料包括：①《申请评审书》（纸质）一式<span lang=\"EN-US\">3</span>份及电子文档；②《设计论证活页》电子文档（请填好后再复制进申报系统中相应位置并提交，无需上传，务必在<span lang=\"EN-US\">30</span>分钟内填毕并保存）。以上材料电子文档均以<span lang=\"EN-US\">word2003</span>版本保存并发送至：<span lang=\"EN-US\"><a href=\"mailto:kycs@fzu.edu.cn\" style=\"color:#333333;text-decoration:none;\">xings@sina.com</a></span>，文档文件名为网上申报生成的课题编号<span lang=\"EN-US\">+</span>申报者姓名。<span lang=\"EN-US\"><o:p></o:p></span></span>\r\n</p>\r\n<p class=\"MsoNormal\" style=\"margin-top:0px;margin-bottom:0px;padding:0px;color:#333333;font-family:\'Lucida Grande\', Verdana, Lucida, Arial, Helvetica, \'Times New Roman\', 宋体, sans-serif;white-space:normal;text-indent:24pt;background-color:#FFFFFF;\">\r\n	<span lang=\"EN-US\" style=\"line-height:24px;font-family:宋体;font-size:12pt;\">4.</span><span style=\"line-height:24px;font-family:宋体;font-size:12pt;\">学院申报截止时间为<st1:chsdate w:st=\"on\" isrocdate=\"False\" islunardate=\"False\" day=\"30\" month=\"4\" year=\"2015\"><span lang=\"EN-US\">2015</span>年<span lang=\"EN-US\">4</span>月<span lang=\"EN-US\">30</span>日</st1:chsdate>，逾期不予受理。<span lang=\"EN-US\"><o:p></o:p></span></span>\r\n</p>\r\n<p class=\"MsoNormal\" style=\"margin-top:0px;margin-bottom:0px;padding:0px;color:#333333;font-family:\'Lucida Grande\', Verdana, Lucida, Arial, Helvetica, \'Times New Roman\', 宋体, sans-serif;white-space:normal;text-indent:24pt;background-color:#FFFFFF;\">\r\n	<span lang=\"EN-US\" style=\"line-height:24px;font-family:宋体;font-size:12pt;\">&nbsp;</span>\r\n</p>\r\n<p class=\"MsoNormal\" style=\"margin-top:0px;margin-bottom:0px;padding:0px;color:#333333;font-family:\'Lucida Grande\', Verdana, Lucida, Arial, Helvetica, \'Times New Roman\', 宋体, sans-serif;white-space:normal;text-indent:24pt;background-color:#FFFFFF;\">\r\n	<span style=\"line-height:24px;font-family:宋体;font-size:12pt;\">联系人：潘馨<span lang=\"EN-US\">&nbsp;&nbsp;&nbsp;&nbsp;&nbsp;&nbsp;</span>联系电话：<span lang=\"EN-US\">0591-83775659</span>。<span lang=\"EN-US\"><o:p></o:p></span></span>\r\n</p>\r\n<p class=\"MsoNormal\" style=\"margin-top:0px;margin-bottom:0px;padding:0px;color:#333333;font-family:\'Lucida Grande\', Verdana, Lucida, Arial, Helvetica, \'Times New Roman\', 宋体, sans-serif;white-space:normal;text-indent:24pt;background-color:#FFFFFF;\">\r\n	<span lang=\"EN-US\" style=\"line-height:24px;font-family:宋体;font-size:12pt;\">&nbsp;</span>\r\n</p>\r\n<p class=\"MsoNormal\" style=\"margin-top:0px;margin-bottom:0px;padding:0px;color:#333333;font-family:\'Lucida Grande\', Verdana, Lucida, Arial, Helvetica, \'Times New Roman\', 宋体, sans-serif;white-space:normal;text-indent:24pt;background-color:#FFFFFF;\">\r\n	<span style=\"line-height:24px;font-family:宋体;font-size:12pt;\">附件：<img border=\"0\" src=\"http://www.fdzcxy.com/admin/editor/sysimage/file/rar.gif\" /><a href=\"http://www.fdzcxy.com/admin/editor/UploadFile/201532510033390.rar\" target=\"_blank\" style=\"color:#333333;text-decoration:none;\">2015年度教育规划课题申报材料下载.rar</a><span lang=\"EN-US\"><o:p></o:p></span></span>\r\n</p>\r\n<p class=\"MsoNormal\" style=\"margin-top:0px;margin-bottom:0px;padding:0px;color:#333333;font-family:\'Lucida Grande\', Verdana, Lucida, Arial, Helvetica, \'Times New Roman\', 宋体, sans-serif;white-space:normal;text-indent:24pt;background-color:#FFFFFF;\">\r\n	<span lang=\"EN-US\" style=\"line-height:24px;font-family:宋体;font-size:12pt;\">&nbsp;</span>\r\n</p>\r\n<p class=\"MsoNormal\" align=\"right\" style=\"margin-top:0px;margin-bottom:0px;padding:0px;color:#333333;font-family:\'Lucida Grande\', Verdana, Lucida, Arial, Helvetica, \'Times New Roman\', 宋体, sans-serif;white-space:normal;text-align:right;text-indent:24pt;background-color:#FFFFFF;\">\r\n	<span style=\"line-height:24px;font-family:宋体;font-size:12pt;\">福州大学至诚学院科研办<span lang=\"EN-US\"><o:p></o:p></span></span>\r\n</p>\r\n<p class=\"MsoNormal\" align=\"right\" style=\"margin-top:0px;margin-bottom:0px;padding:0px;color:#333333;font-family:\'Lucida Grande\', Verdana, Lucida, Arial, Helvetica, \'Times New Roman\', 宋体, sans-serif;white-space:normal;text-align:right;text-indent:24pt;background-color:#FFFFFF;\">\r\n	<st1:chsdate w:st=\"on\" isrocdate=\"False\" islunardate=\"False\" day=\"25\" month=\"3\" year=\"2015\"><span lang=\"EN-US\" style=\"line-height:24px;font-family:宋体;font-size:12pt;\">2015</span><span style=\"line-height:24px;font-family:宋体;font-size:12pt;\">年<span lang=\"EN-US\">3</span>月<span lang=\"EN-US\">25</span>日</span></st1:chsdate>\r\n</p>', '1', '2015-04-01 21:20:31');
INSERT INTO `t_notice` VALUES ('32', '关于我院低压开关柜等设备、电力变压器采购公开招标公告', '<p class=\"MsoNormal\" align=\"left\" style=\"margin-top:0px;margin-bottom:0px;margin-left:18pt;padding:0px;color:#333333;font-family:\'Lucida Grande\', Verdana, Lucida, Arial, Helvetica, \'Times New Roman\', 宋体, sans-serif;white-space:normal;text-indent:-18pt;background-color:#FFFFFF;\">\r\n	<span lang=\"EN-US\" style=\"font-size:12pt;font-family:宋体;line-height:24px;\">1</span><span style=\"font-size:12pt;font-family:宋体;line-height:24px;\">、采购单位：福州大学至诚学院</span><span lang=\"EN-US\" style=\"font-size:12pt;font-family:宋体;line-height:24px;\"><o:p></o:p></span>\r\n</p>\r\n<p class=\"MsoNormal\" align=\"left\" style=\"margin-top:0px;margin-bottom:0px;margin-left:18pt;padding:0px;color:#333333;font-family:\'Lucida Grande\', Verdana, Lucida, Arial, Helvetica, \'Times New Roman\', 宋体, sans-serif;white-space:normal;background-color:#FFFFFF;\">\r\n	<span style=\"font-size:12pt;font-family:宋体;line-height:24px;\">联系人：林老师</span><span lang=\"EN-US\" style=\"font-size:12pt;font-family:宋体;line-height:24px;\"><o:p></o:p></span>\r\n</p>\r\n<p class=\"MsoNormal\" align=\"left\" style=\"margin-top:0px;margin-bottom:0px;padding:0px;color:#333333;font-family:\'Lucida Grande\', Verdana, Lucida, Arial, Helvetica, \'Times New Roman\', 宋体, sans-serif;white-space:normal;text-indent:18pt;background-color:#FFFFFF;\">\r\n	<span style=\"font-size:12pt;font-family:宋体;line-height:24px;\">联系电话：<span lang=\"EN-US\">0591-83779501</span></span><span lang=\"EN-US\" style=\"font-size:12pt;font-family:宋体;line-height:24px;\"><o:p></o:p></span>\r\n</p>\r\n<p class=\"MsoNormal\" align=\"left\" style=\"margin-top:0px;margin-bottom:0px;padding:0px;color:#333333;font-family:\'Lucida Grande\', Verdana, Lucida, Arial, Helvetica, \'Times New Roman\', 宋体, sans-serif;white-space:normal;background-color:#FFFFFF;\">\r\n	<span lang=\"EN-US\" style=\"font-size:12pt;font-family:宋体;line-height:24px;\">2</span><span style=\"font-size:12pt;font-family:宋体;line-height:24px;\">、招标文书编号：<span lang=\"EN-US\">FYZB-S2-2015001-1</span></span><span lang=\"EN-US\" style=\"font-size:12pt;font-family:宋体;line-height:24px;\"><o:p></o:p></span>\r\n</p>\r\n<p class=\"MsoNormal\" align=\"left\" style=\"margin-top:0px;margin-bottom:0px;padding:0px;color:#333333;font-family:\'Lucida Grande\', Verdana, Lucida, Arial, Helvetica, \'Times New Roman\', 宋体, sans-serif;white-space:normal;background-color:#FFFFFF;\">\r\n	<span lang=\"EN-US\" style=\"font-size:12pt;font-family:宋体;line-height:24px;\">3</span><span style=\"font-size:12pt;font-family:宋体;line-height:24px;\">、项目名称、数量及预算：</span><span lang=\"EN-US\" style=\"font-size:12pt;font-family:宋体;line-height:24px;\"><o:p></o:p></span>\r\n</p>\r\n<table class=\"MsoNormalTable ke-zeroborder\" cellspacing=\"0\" cellpadding=\"0\" border=\"0\" style=\"color:#333333;font-family:\'Lucida Grande\', Verdana, Lucida, Arial, Helvetica, \'Times New Roman\', 宋体, sans-serif;font-size:12px;line-height:15.6000003814697px;margin-left:23.4pt;background-color:#FFFFFF;\">\r\n	<tbody>\r\n		<tr style=\"height:43.45pt;page-break-inside:avoid;\">\r\n			<td width=\"47\" style=\"border:1pt solid windowtext;height:43.45pt;width:35.05pt;padding:0cm 5.4pt;\">\r\n				<p align=\"center\" style=\"margin-top:0px;margin-right:-5.35pt;margin-bottom:0px;padding:0px;text-align:center;\">\r\n					<span style=\"font-family:宋体;\">合同包</span><span lang=\"EN-US\" style=\"font-family:宋体;\"><o:p></o:p></span>\r\n				</p>\r\n			</td>\r\n			<td width=\"60\" style=\"border-top-color:windowtext;border-width:1pt 1pt 1pt medium;border-style:solid solid solid none;height:43.45pt;border-right-color:windowtext;width:44.75pt;border-bottom-color:windowtext;padding:0cm 5.4pt;\">\r\n				<p align=\"center\" style=\"margin-top:0px;margin-bottom:0px;padding:0px;text-align:center;\">\r\n					<span style=\"font-family:宋体;\">品目号</span><span lang=\"EN-US\" style=\"font-family:宋体;\"><o:p></o:p></span>\r\n				</p>\r\n			</td>\r\n			<td width=\"82\" style=\"border-top-color:windowtext;border-width:1pt 1pt 1pt medium;border-style:solid solid solid none;height:43.45pt;border-right-color:windowtext;width:61.85pt;border-bottom-color:windowtext;padding:0cm 5.4pt;\">\r\n				<p align=\"center\" style=\"margin-top:0px;margin-bottom:0px;padding:0px;text-align:center;\">\r\n					<span style=\"font-family:宋体;\">项目名称</span><span lang=\"EN-US\" style=\"font-family:宋体;\"><o:p></o:p></span>\r\n				</p>\r\n			</td>\r\n			<td width=\"41\" style=\"border-top-color:windowtext;border-width:1pt 1pt 1pt medium;border-style:solid solid solid none;height:43.45pt;border-right-color:windowtext;width:30.4pt;border-bottom-color:windowtext;padding:0cm 5.4pt;\">\r\n				<p align=\"center\" style=\"margin-top:0px;margin-bottom:0px;padding:0px;text-align:center;\">\r\n					<span style=\"font-family:宋体;\">数量</span><span lang=\"EN-US\" style=\"font-family:宋体;\"><o:p></o:p></span>\r\n				</p>\r\n			</td>\r\n			<td width=\"57\" style=\"border-top-color:windowtext;border-width:1pt 1pt 1pt medium;border-style:solid solid solid none;height:43.45pt;border-right-color:windowtext;width:42.6pt;border-bottom-color:windowtext;padding:0cm 5.4pt;\">\r\n				<p align=\"center\" style=\"margin:0cm -1.35pt 0pt -4.95pt;padding:0px;text-align:center;\">\r\n					<span style=\"font-family:宋体;\">是否进口论证</span><span lang=\"EN-US\" style=\"font-family:宋体;\"><o:p></o:p></span>\r\n				</p>\r\n			</td>\r\n			<td width=\"70\" style=\"border-top-color:windowtext;border-width:1pt 1pt 1pt medium;border-style:solid solid solid none;height:43.45pt;border-right-color:windowtext;width:52.45pt;border-bottom-color:windowtext;padding:0cm 5.4pt;\">\r\n				<p align=\"center\" style=\"margin:0cm -8.9pt 0pt -4.95pt;padding:0px;text-align:center;\">\r\n					<span style=\"font-family:宋体;\">主要技</span><span lang=\"EN-US\" style=\"font-family:宋体;\"><o:p></o:p></span>\r\n				</p>\r\n				<p align=\"center\" style=\"margin:0cm -8.9pt 0pt 0.7pt;padding:0px;text-align:center;text-indent:-5.65pt;\">\r\n					<span style=\"font-family:宋体;\">术规格</span><span lang=\"EN-US\" style=\"font-family:宋体;\"><o:p></o:p></span>\r\n				</p>\r\n			</td>\r\n			<td width=\"82\" style=\"border-top-color:windowtext;border-width:1pt 1pt 1pt medium;border-style:solid solid solid none;height:43.45pt;border-right-color:windowtext;width:61.2pt;border-bottom-color:windowtext;padding:0cm 5.4pt;\">\r\n				<p align=\"center\" style=\"margin-top:0px;margin-bottom:0px;padding:0px;text-align:center;\">\r\n					<span style=\"font-family:宋体;\">交货地点</span><span lang=\"EN-US\" style=\"font-family:宋体;\"><o:p></o:p></span>\r\n				</p>\r\n			</td>\r\n			<td width=\"99\" style=\"border-top-color:windowtext;border-width:1pt 1pt 1pt medium;border-style:solid solid solid none;height:43.45pt;border-right-color:windowtext;width:74.2pt;border-bottom-color:windowtext;padding:0cm 5.4pt;\">\r\n				<p align=\"center\" style=\"margin-top:0px;margin-bottom:0px;padding:0px;text-align:center;\">\r\n					<span style=\"font-family:宋体;\">项目预算价</span><span lang=\"EN-US\" style=\"font-family:宋体;\"><o:p></o:p></span>\r\n				</p>\r\n			</td>\r\n		</tr>\r\n		<tr style=\"height:53.7pt;page-break-inside:avoid;\">\r\n			<td rowspan=\"2\" width=\"47\" style=\"border-width:medium 1pt 1pt;border-style:none solid solid;height:53.7pt;border-right-color:windowtext;width:35.05pt;border-bottom-color:windowtext;padding:0cm 5.4pt;border-left-color:windowtext;\">\r\n				<p align=\"center\" style=\"margin-top:0px;margin-right:-5.35pt;margin-bottom:0px;padding:0px;text-align:center;\">\r\n					<span style=\"font-family:宋体;\">包<span lang=\"EN-US\">1</span></span><span lang=\"EN-US\" style=\"font-family:宋体;\"><o:p></o:p></span>\r\n				</p>\r\n			</td>\r\n			<td width=\"60\" style=\"border-width:medium 1pt 1pt medium;border-style:none solid solid none;height:53.7pt;border-right-color:windowtext;width:44.75pt;border-bottom-color:windowtext;padding:0cm 5.4pt;\">\r\n				<p align=\"center\" style=\"margin-top:0px;margin-bottom:0px;padding:0px;text-align:center;\">\r\n					<span lang=\"EN-US\" style=\"font-family:宋体;\">1</span><span lang=\"EN-US\" style=\"font-family:宋体;\"><o:p></o:p></span>\r\n				</p>\r\n			</td>\r\n			<td width=\"82\" style=\"border-width:medium 1pt 1pt medium;border-style:none solid solid none;height:53.7pt;border-right-color:windowtext;width:61.85pt;border-bottom-color:windowtext;padding:0cm 5.4pt;\">\r\n				<p align=\"center\" style=\"margin-top:0px;margin-bottom:0px;padding:0px;text-align:center;\">\r\n					<span style=\"font-family:宋体;\">低压开关柜等设备</span><span lang=\"EN-US\" style=\"font-family:宋体;\"><o:p></o:p></span>\r\n				</p>\r\n			</td>\r\n			<td width=\"41\" style=\"border-width:medium 1pt 1pt medium;border-style:none solid solid none;height:53.7pt;border-right-color:windowtext;width:30.4pt;border-bottom-color:windowtext;padding:0cm 5.4pt;\">\r\n				<p align=\"center\" style=\"margin-top:0px;margin-bottom:0px;padding:0px;text-align:center;\">\r\n					<span lang=\"EN-US\" style=\"font-family:宋体;\">1</span><span style=\"font-family:宋体;\">批</span><span lang=\"EN-US\" style=\"font-family:宋体;\"><o:p></o:p></span>\r\n				</p>\r\n			</td>\r\n			<td width=\"57\" style=\"border-width:medium 1pt 1pt medium;border-style:none solid solid none;height:53.7pt;border-right-color:windowtext;width:42.6pt;border-bottom-color:windowtext;padding:0cm 5.4pt;\">\r\n				<p align=\"center\" style=\"margin-top:0px;margin-bottom:0px;padding:0px;text-align:center;\">\r\n					<span style=\"font-family:宋体;\">否</span><span lang=\"EN-US\" style=\"font-family:宋体;\"><o:p></o:p></span>\r\n				</p>\r\n			</td>\r\n			<td width=\"70\" style=\"border-width:medium 1pt 1pt medium;border-style:none solid solid none;height:53.7pt;border-right-color:windowtext;width:52.45pt;border-bottom-color:windowtext;padding:0cm 5.4pt;\">\r\n				<p align=\"center\" style=\"margin-top:0px;margin-bottom:0px;padding:0px;text-align:center;\">\r\n					<span style=\"font-family:宋体;\">详见招标文件第三章</span><span lang=\"EN-US\" style=\"font-family:宋体;\"><o:p></o:p></span>\r\n				</p>\r\n			</td>\r\n			<td width=\"82\" style=\"border-width:medium 1pt 1pt medium;border-style:none solid solid none;height:53.7pt;border-right-color:windowtext;width:61.2pt;border-bottom-color:windowtext;padding:0cm 5.4pt;\">\r\n				<p align=\"center\" style=\"margin-top:0px;margin-bottom:0px;padding:0px;text-align:center;\">\r\n					<span style=\"font-family:宋体;\">福州大学至诚学院指定地点</span><span lang=\"EN-US\" style=\"font-family:宋体;\"><o:p></o:p></span>\r\n				</p>\r\n			</td>\r\n			<td rowspan=\"2\" width=\"99\" style=\"border-width:medium 1pt 1pt medium;border-style:none solid solid none;height:53.7pt;border-right-color:windowtext;width:74.2pt;border-bottom-color:windowtext;padding:0cm 5.4pt;\">\r\n				<p align=\"center\" style=\"margin-top:0px;margin-bottom:0px;padding:0px;text-align:center;\">\r\n					<span style=\"font-family:宋体;\">人民币叁拾柒万元整<span lang=\"EN-US\">(</span>￥<span lang=\"EN-US\">370000)</span></span><span lang=\"EN-US\" style=\"font-family:宋体;\"><o:p></o:p></span>\r\n				</p>\r\n			</td>\r\n		</tr>\r\n		<tr style=\"height:53.7pt;page-break-inside:avoid;\">\r\n			<td width=\"60\" style=\"border-width:medium 1pt 1pt medium;border-style:none solid solid none;height:53.7pt;border-right-color:windowtext;width:44.75pt;border-bottom-color:windowtext;padding:0cm 5.4pt;\">\r\n				<p align=\"center\" style=\"margin-top:0px;margin-bottom:0px;padding:0px;text-align:center;\">\r\n					<span lang=\"EN-US\" style=\"font-family:宋体;\">2</span><span lang=\"EN-US\" style=\"font-family:宋体;\"><o:p></o:p></span>\r\n				</p>\r\n			</td>\r\n			<td width=\"82\" style=\"border-width:medium 1pt 1pt medium;border-style:none solid solid none;height:53.7pt;border-right-color:windowtext;width:61.85pt;border-bottom-color:windowtext;padding:0cm 5.4pt;\">\r\n				<p align=\"center\" style=\"margin-top:0px;margin-bottom:0px;padding:0px;text-align:center;\">\r\n					<span style=\"font-family:宋体;\">电力变压器</span><span lang=\"EN-US\" style=\"font-family:宋体;\"><o:p></o:p></span>\r\n				</p>\r\n			</td>\r\n			<td width=\"41\" style=\"border-width:medium 1pt 1pt medium;border-style:none solid solid none;height:53.7pt;border-right-color:windowtext;width:30.4pt;border-bottom-color:windowtext;padding:0cm 5.4pt;\">\r\n				<p align=\"center\" style=\"margin-top:0px;margin-bottom:0px;padding:0px;text-align:center;\">\r\n					<span lang=\"EN-US\" style=\"font-family:宋体;\">1</span><span style=\"font-family:宋体;\">台</span><span lang=\"EN-US\" style=\"font-family:宋体;\"><o:p></o:p></span>\r\n				</p>\r\n			</td>\r\n			<td width=\"57\" style=\"border-width:medium 1pt 1pt medium;border-style:none solid solid none;height:53.7pt;border-right-color:windowtext;width:42.6pt;border-bottom-color:windowtext;padding:0cm 5.4pt;\">\r\n				<p align=\"center\" style=\"margin-top:0px;margin-bottom:0px;padding:0px;text-align:center;\">\r\n					<span style=\"font-family:宋体;\">否</span><span lang=\"EN-US\" style=\"font-family:宋体;\"><o:p></o:p></span>\r\n				</p>\r\n			</td>\r\n			<td width=\"70\" style=\"border-width:medium 1pt 1pt medium;border-style:none solid solid none;height:53.7pt;border-right-color:windowtext;width:52.45pt;border-bottom-color:windowtext;padding:0cm 5.4pt;\">\r\n				<p align=\"center\" style=\"margin-top:0px;margin-bottom:0px;padding:0px;text-align:center;\">\r\n					<span style=\"font-family:宋体;\">详见招标文件第三章</span><span lang=\"EN-US\" style=\"font-family:宋体;\"><o:p></o:p></span>\r\n				</p>\r\n			</td>\r\n			<td width=\"82\" style=\"border-width:medium 1pt 1pt medium;border-style:none solid solid none;height:53.7pt;border-right-color:windowtext;width:61.2pt;border-bottom-color:windowtext;padding:0cm 5.4pt;\">\r\n				<p align=\"center\" style=\"margin-top:0px;margin-bottom:0px;padding:0px;text-align:center;\">\r\n					<span style=\"font-family:宋体;\">福州大学至诚学院指定地点</span><span lang=\"EN-US\" style=\"font-family:宋体;\"><o:p></o:p></span>\r\n				</p>\r\n			</td>\r\n		</tr>\r\n	</tbody>\r\n</table>\r\n<p class=\"MsoNormal\" align=\"left\" style=\"margin-top:0px;margin-bottom:0px;padding:0px;color:#333333;font-family:\'Lucida Grande\', Verdana, Lucida, Arial, Helvetica, \'Times New Roman\', 宋体, sans-serif;white-space:normal;background-color:#FFFFFF;\">\r\n	<span lang=\"EN-US\" style=\"font-size:12pt;font-family:宋体;line-height:24px;\">4</span><span style=\"font-size:12pt;font-family:宋体;line-height:24px;\">、技术规格要求：详见招标文件。</span><span lang=\"EN-US\" style=\"font-size:12pt;font-family:宋体;line-height:24px;\"><o:p></o:p></span>\r\n</p>\r\n<p class=\"MsoNormal\" align=\"left\" style=\"margin-top:0px;margin-bottom:0px;padding:0px;color:#333333;font-family:\'Lucida Grande\', Verdana, Lucida, Arial, Helvetica, \'Times New Roman\', 宋体, sans-serif;white-space:normal;background-color:#FFFFFF;\">\r\n	<span lang=\"EN-US\" style=\"font-size:12pt;font-family:宋体;line-height:24px;\">5</span><span style=\"font-size:12pt;font-family:宋体;line-height:24px;\">、投标人的资格要求：</span><span lang=\"EN-US\" style=\"font-size:12pt;font-family:宋体;line-height:24px;\"><o:p></o:p></span>\r\n</p>\r\n<p class=\"MsoNormal\" align=\"left\" style=\"margin-top:0px;margin-bottom:0px;padding:0px;color:#333333;font-family:\'Lucida Grande\', Verdana, Lucida, Arial, Helvetica, \'Times New Roman\', 宋体, sans-serif;white-space:normal;background-color:#FFFFFF;\">\r\n	<a name=\"合格投标人_bkvalue\"></a><span lang=\"EN-US\" style=\"font-size:12pt;font-family:宋体;line-height:24px;\">5.1&nbsp;</span><span style=\"font-size:12pt;font-family:宋体;line-height:24px;\">凡有能力提供本招标文件所述货物及服务、具有独立企业法人资格的境内供货商或制造商、具备政府采购法第二十二条规定条件的均可能成为合格的投标人。</span><span lang=\"EN-US\" style=\"font-size:12pt;font-family:宋体;line-height:24px;\"><o:p></o:p></span>\r\n</p>\r\n<p class=\"MsoNormal\" align=\"left\" style=\"margin-top:0px;margin-bottom:0px;padding:0px;color:#333333;font-family:\'Lucida Grande\', Verdana, Lucida, Arial, Helvetica, \'Times New Roman\', 宋体, sans-serif;white-space:normal;background-color:#FFFFFF;\">\r\n	<span lang=\"EN-US\" style=\"font-size:12pt;font-family:宋体;line-height:24px;\">5.2&nbsp;</span><span style=\"font-size:12pt;font-family:宋体;line-height:24px;\">投标人应遵守中国的有关法律、法规和规章的规定。</span><span lang=\"EN-US\" style=\"font-size:12pt;font-family:宋体;line-height:24px;\"><o:p></o:p></span>\r\n</p>\r\n<p class=\"MsoNormal\" align=\"left\" style=\"margin-top:0px;margin-bottom:0px;padding:0px;color:#333333;font-family:\'Lucida Grande\', Verdana, Lucida, Arial, Helvetica, \'Times New Roman\', 宋体, sans-serif;white-space:normal;background-color:#FFFFFF;\">\r\n	<span lang=\"EN-US\" style=\"font-size:12pt;font-family:宋体;line-height:24px;\">5.3&nbsp;</span><span style=\"font-size:12pt;font-family:宋体;line-height:24px;\">一个投标人只能提交一个投标文件。但如果投标人之间存在下列互为关联关系的情形之一的，不得同时参加本项目投标：</span><span lang=\"EN-US\" style=\"font-size:12pt;font-family:宋体;line-height:24px;\"><o:p></o:p></span>\r\n</p>\r\n<p class=\"MsoNormal\" align=\"left\" style=\"margin-top:0px;margin-bottom:0px;padding:0px;color:#333333;font-family:\'Lucida Grande\', Verdana, Lucida, Arial, Helvetica, \'Times New Roman\', 宋体, sans-serif;white-space:normal;background-color:#FFFFFF;\">\r\n	<span lang=\"EN-US\" style=\"font-size:12pt;font-family:宋体;line-height:24px;\">(1)&nbsp;</span><span style=\"font-size:12pt;font-family:宋体;line-height:24px;\">法定代表人为同一人的两个及两个以上法人；</span><span lang=\"EN-US\" style=\"font-size:12pt;font-family:宋体;line-height:24px;\"><o:p></o:p></span>\r\n</p>\r\n<p class=\"MsoNormal\" align=\"left\" style=\"margin-top:0px;margin-bottom:0px;padding:0px;color:#333333;font-family:\'Lucida Grande\', Verdana, Lucida, Arial, Helvetica, \'Times New Roman\', 宋体, sans-serif;white-space:normal;background-color:#FFFFFF;\">\r\n	<span lang=\"EN-US\" style=\"font-size:12pt;font-family:宋体;line-height:24px;\">(2)&nbsp;</span><span style=\"font-size:12pt;font-family:宋体;line-height:24px;\">母公司、直接或间接持股<span lang=\"EN-US\">50</span>％及以上的被投资公司<span lang=\"EN-US\">;</span></span><span lang=\"EN-US\" style=\"font-size:12pt;font-family:宋体;line-height:24px;\"><o:p></o:p></span>\r\n</p>\r\n<p class=\"MsoNormal\" align=\"left\" style=\"margin-top:0px;margin-bottom:0px;padding:0px;color:#333333;font-family:\'Lucida Grande\', Verdana, Lucida, Arial, Helvetica, \'Times New Roman\', 宋体, sans-serif;white-space:normal;background-color:#FFFFFF;\">\r\n	<span lang=\"EN-US\" style=\"font-size:12pt;font-family:宋体;line-height:24px;\">(3)&nbsp;</span><span style=\"font-size:12pt;font-family:宋体;line-height:24px;\">均为同一家母公司直接或间接持股<span lang=\"EN-US\">50</span>％及以上的被投资公司。</span><span lang=\"EN-US\" style=\"font-size:12pt;font-family:宋体;line-height:24px;\"><o:p></o:p></span>\r\n</p>\r\n<p class=\"MsoNormal\" align=\"left\" style=\"margin-top:0px;margin-bottom:0px;padding:0px;color:#333333;font-family:\'Lucida Grande\', Verdana, Lucida, Arial, Helvetica, \'Times New Roman\', 宋体, sans-serif;white-space:normal;background-color:#FFFFFF;\">\r\n	<span lang=\"EN-US\" style=\"font-size:12pt;font-family:宋体;line-height:24px;\">5.4</span><span style=\"font-size:12pt;font-family:宋体;line-height:24px;\">除单一来源采购项目外，为采购项目提供整体设计、规范编制或者项目管理、监理、检测等服务的投标人，不得再参加本采购项目的其他采购活动。</span><span lang=\"EN-US\" style=\"font-size:12pt;font-family:宋体;line-height:24px;\"><o:p></o:p></span>\r\n</p>\r\n<p class=\"MsoNormal\" align=\"left\" style=\"margin-top:0px;margin-bottom:0px;padding:0px;color:#333333;font-family:\'Lucida Grande\', Verdana, Lucida, Arial, Helvetica, \'Times New Roman\', 宋体, sans-serif;white-space:normal;background-color:#FFFFFF;\">\r\n	<span style=\"font-size:12pt;font-family:宋体;line-height:24px;\">投标人不得与本次招标项下设计、编制技术规格和其它文件的公司或提供咨询服务的公司（包括其附属机构）有任何关联。</span><span lang=\"EN-US\" style=\"font-size:12pt;font-family:宋体;line-height:24px;\"><o:p></o:p></span>\r\n</p>\r\n<p class=\"MsoNormal\" align=\"left\" style=\"margin-top:0px;margin-bottom:0px;padding:0px;color:#333333;font-family:\'Lucida Grande\', Verdana, Lucida, Arial, Helvetica, \'Times New Roman\', 宋体, sans-serif;white-space:normal;background-color:#FFFFFF;\">\r\n	<span lang=\"EN-US\" style=\"font-size:12pt;font-family:宋体;line-height:24px;\">5.5&nbsp;</span><span style=\"font-size:12pt;font-family:宋体;line-height:24px;\">本项目不接受联合体投标。</span><span lang=\"EN-US\" style=\"font-size:12pt;font-family:宋体;line-height:24px;\"><o:p></o:p></span>\r\n</p>\r\n<p class=\"MsoNormal\" align=\"left\" style=\"margin-top:0px;margin-bottom:0px;padding:0px;color:#333333;font-family:\'Lucida Grande\', Verdana, Lucida, Arial, Helvetica, \'Times New Roman\', 宋体, sans-serif;white-space:normal;background-color:#FFFFFF;\">\r\n	<span lang=\"EN-US\" style=\"font-size:12pt;font-family:宋体;line-height:24px;\">5.6&nbsp;</span><span style=\"font-size:12pt;font-family:宋体;line-height:24px;\">投标人代表在同一个项目中只能接受一个投标人的委托参加投标。</span><span lang=\"EN-US\" style=\"font-size:12pt;font-family:宋体;line-height:24px;\"><o:p></o:p></span>\r\n</p>\r\n<p class=\"MsoNormal\" align=\"left\" style=\"margin-top:0px;margin-bottom:0px;padding:0px;color:#333333;font-family:\'Lucida Grande\', Verdana, Lucida, Arial, Helvetica, \'Times New Roman\', 宋体, sans-serif;white-space:normal;background-color:#FFFFFF;\">\r\n	<span lang=\"EN-US\" style=\"font-size:12pt;font-family:宋体;line-height:24px;\">5.7&nbsp;</span><span style=\"font-size:12pt;font-family:宋体;line-height:24px;\">有效的检察机关行贿犯罪档案查询结果告知函复印件（如有注明复印无效的，则请将原件附在技术商务部分正本中，副本附复印件）。</span><span lang=\"EN-US\" style=\"font-size:12pt;font-family:宋体;line-height:24px;\"><o:p></o:p></span>\r\n</p>\r\n<p class=\"MsoNormal\" align=\"left\" style=\"margin-top:0px;margin-bottom:0px;margin-left:12pt;padding:0px;color:#333333;font-family:\'Lucida Grande\', Verdana, Lucida, Arial, Helvetica, \'Times New Roman\', 宋体, sans-serif;white-space:normal;text-indent:-12pt;background-color:#FFFFFF;\">\r\n	<span lang=\"EN-US\" style=\"font-size:12pt;font-family:宋体;line-height:24px;\">6</span><span style=\"font-size:12pt;font-family:宋体;line-height:24px;\">、购买招标文件时间：<span lang=\"EN-US\">2015</span>年<span lang=\"EN-US\">3</span>月<span lang=\"EN-US\">6</span>日起至<span lang=\"EN-US\">2015</span>年<span lang=\"EN-US\">3</span>月<span lang=\"EN-US\">23</span>日止（节假日及公休日除外），上午<span lang=\"EN-US\">08</span>：<span lang=\"EN-US\">30</span>—<span lang=\"EN-US\">12</span>：<span lang=\"EN-US\">00</span>，下午<span lang=\"EN-US\">14</span>：<span lang=\"EN-US\">00</span>—<span lang=\"EN-US\">17</span>：<span lang=\"EN-US\">00</span>（北京时间，以下同）；招标文件（文本或电子版）售价为<span lang=\"EN-US\">50</span>元人民币<span lang=\"EN-US\">/</span>份，售后不退，如需邮寄文件，另加<span lang=\"EN-US\">50</span>元人民币。</span><span lang=\"EN-US\" style=\"font-size:12pt;font-family:宋体;line-height:24px;\"><o:p></o:p></span>\r\n</p>\r\n<p class=\"MsoNormal\" align=\"left\" style=\"margin-top:0px;margin-bottom:0px;margin-left:18pt;padding:0px;color:#333333;font-family:\'Lucida Grande\', Verdana, Lucida, Arial, Helvetica, \'Times New Roman\', 宋体, sans-serif;white-space:normal;text-indent:-18pt;background-color:#FFFFFF;\">\r\n	<span lang=\"EN-US\" style=\"font-size:12pt;font-family:宋体;line-height:24px;\">7</span><span style=\"font-size:12pt;font-family:宋体;line-height:24px;\">、投标截标时间：<span lang=\"EN-US\">2015</span>年<span lang=\"EN-US\">3</span>月<span lang=\"EN-US\">27</span>日<span lang=\"EN-US\">09:30</span>时。<span lang=\"EN-US\"><br />\r\n</span>开标时间：<span lang=\"EN-US\">2015</span>年<span lang=\"EN-US\">3</span>月<span lang=\"EN-US\">27</span>日<span lang=\"EN-US\">09:30</span>时</span><span lang=\"EN-US\" style=\"font-size:12pt;font-family:宋体;line-height:24px;\"><o:p></o:p></span>\r\n</p>\r\n<p class=\"MsoNormal\" align=\"left\" style=\"margin-top:0px;margin-bottom:0px;margin-left:18pt;padding:0px;color:#333333;font-family:\'Lucida Grande\', Verdana, Lucida, Arial, Helvetica, \'Times New Roman\', 宋体, sans-serif;white-space:normal;text-indent:-18pt;background-color:#FFFFFF;\">\r\n	<span lang=\"EN-US\" style=\"font-size:12pt;font-family:宋体;line-height:24px;\">8</span><span style=\"font-size:12pt;font-family:宋体;line-height:24px;\">、开标地点：福建省福怡药械招标有限公司。</span><span lang=\"EN-US\" style=\"font-size:12pt;font-family:宋体;line-height:24px;\"><o:p></o:p></span>\r\n</p>\r\n<p class=\"MsoNormal\" align=\"left\" style=\"margin-top:0px;margin-bottom:0px;padding:0px;color:#333333;font-family:\'Lucida Grande\', Verdana, Lucida, Arial, Helvetica, \'Times New Roman\', 宋体, sans-serif;white-space:normal;background-color:#FFFFFF;\">\r\n	<span lang=\"EN-US\" style=\"font-size:12pt;font-family:宋体;line-height:24px;\">9</span><span style=\"font-size:12pt;font-family:宋体;line-height:24px;\">、购买招标文件地点：福州市交通路<span lang=\"EN-US\">88</span>号福建省福怡药械招标有限公司</span><span lang=\"EN-US\" style=\"font-size:12pt;font-family:宋体;line-height:24px;\"><o:p></o:p></span>\r\n</p>\r\n<p class=\"MsoNormal\" align=\"left\" style=\"margin-top:0px;margin-bottom:0px;padding:0px;color:#333333;font-family:\'Lucida Grande\', Verdana, Lucida, Arial, Helvetica, \'Times New Roman\', 宋体, sans-serif;white-space:normal;text-indent:18pt;background-color:#FFFFFF;\">\r\n	<span style=\"font-size:12pt;font-family:宋体;line-height:24px;\">联系人：林小姐<span lang=\"EN-US\">&nbsp;&nbsp;&nbsp;&nbsp;&nbsp;</span></span><span lang=\"EN-US\" style=\"font-size:12pt;font-family:宋体;line-height:24px;\"><o:p></o:p></span>\r\n</p>\r\n<p class=\"MsoNormal\" align=\"left\" style=\"margin-top:0px;margin-bottom:0px;margin-left:9.05pt;padding:0px;color:#333333;font-family:\'Lucida Grande\', Verdana, Lucida, Arial, Helvetica, \'Times New Roman\', 宋体, sans-serif;white-space:normal;text-indent:6pt;background-color:#FFFFFF;\">\r\n	<span style=\"font-size:12pt;font-family:宋体;line-height:24px;\">联系电话：<span lang=\"EN-US\">0591</span>—<span lang=\"EN-US\">83569185&nbsp;&nbsp;83569183&nbsp;&nbsp;83569369</span>（传真）<span lang=\"EN-US\">&nbsp;&nbsp;</span></span><span lang=\"EN-US\" style=\"font-size:12pt;font-family:宋体;line-height:24px;\"><o:p></o:p></span>\r\n</p>\r\n<p class=\"MsoNormal\" align=\"left\" style=\"margin-top:0px;margin-bottom:0px;margin-left:16.5pt;padding:0px;color:#333333;font-family:\'Lucida Grande\', Verdana, Lucida, Arial, Helvetica, \'Times New Roman\', 宋体, sans-serif;white-space:normal;background-color:#FFFFFF;\">\r\n	<span style=\"font-size:12pt;font-family:宋体;line-height:24px;\">招标公司网站：<span lang=\"EN-US\">http://www.fyzb.com&nbsp;<br />\r\nE-mail:fyzb2004@126.com</span></span><span lang=\"EN-US\" style=\"font-size:12pt;font-family:宋体;line-height:24px;\"><o:p></o:p></span>\r\n</p>\r\n<p class=\"MsoNormal\" align=\"left\" style=\"margin-top:0px;margin-bottom:0px;padding:0px;color:#333333;font-family:\'Lucida Grande\', Verdana, Lucida, Arial, Helvetica, \'Times New Roman\', 宋体, sans-serif;white-space:normal;text-indent:18pt;background-color:#FFFFFF;\">\r\n	<span style=\"font-size:12pt;font-family:宋体;line-height:24px;\">开户行：招商银行福州分行江滨支行</span><span lang=\"EN-US\" style=\"font-size:12pt;font-family:宋体;line-height:24px;\"><o:p></o:p></span>\r\n</p>\r\n<p class=\"MsoNormal\" align=\"left\" style=\"margin-top:0px;margin-bottom:0px;padding:0px;color:#333333;font-family:\'Lucida Grande\', Verdana, Lucida, Arial, Helvetica, \'Times New Roman\', 宋体, sans-serif;white-space:normal;text-indent:18pt;background-color:#FFFFFF;\">\r\n	<span style=\"font-size:12pt;font-family:宋体;line-height:24px;\">户名：福建省福怡药械招标有限公司</span><span lang=\"EN-US\" style=\"font-size:12pt;font-family:宋体;line-height:24px;\"><o:p></o:p></span>\r\n</p>\r\n<p class=\"MsoNormal\" align=\"left\" style=\"margin-top:0px;margin-bottom:0px;padding:0px;color:#333333;font-family:\'Lucida Grande\', Verdana, Lucida, Arial, Helvetica, \'Times New Roman\', 宋体, sans-serif;white-space:normal;text-indent:18pt;background-color:#FFFFFF;\">\r\n	<span style=\"font-size:12pt;font-family:宋体;line-height:24px;\">帐号：<span lang=\"EN-US\">673581399610001</span></span><span lang=\"EN-US\" style=\"font-size:12pt;font-family:宋体;line-height:24px;\"><o:p></o:p></span>\r\n</p>\r\n<p class=\"MsoNormal\" align=\"right\" style=\"margin-top:0px;margin-bottom:0px;padding:0px;color:#333333;font-family:\'Lucida Grande\', Verdana, Lucida, Arial, Helvetica, \'Times New Roman\', 宋体, sans-serif;white-space:normal;text-align:right;background-color:#FFFFFF;\">\r\n	<span lang=\"EN-US\" style=\"font-size:12pt;font-family:宋体;line-height:24px;\">&nbsp;</span>\r\n</p>\r\n<p class=\"MsoNormal\" align=\"right\" style=\"margin-top:0px;margin-bottom:0px;padding:0px;color:#333333;font-family:\'Lucida Grande\', Verdana, Lucida, Arial, Helvetica, \'Times New Roman\', 宋体, sans-serif;white-space:normal;text-align:right;background-color:#FFFFFF;\">\r\n	<span lang=\"EN-US\" style=\"font-size:12pt;font-family:宋体;line-height:24px;\">2015</span><span style=\"font-size:12pt;font-family:宋体;line-height:24px;\">年<span lang=\"EN-US\">3</span>月<span lang=\"EN-US\">6</span>日<span lang=\"EN-US\"><o:p></o:p></span></span>\r\n</p>\r\n<p class=\"MsoNormal\" align=\"right\" style=\"margin-top:0px;margin-bottom:0px;padding:0px;color:#333333;font-family:\'Lucida Grande\', Verdana, Lucida, Arial, Helvetica, \'Times New Roman\', 宋体, sans-serif;white-space:normal;text-align:right;background-color:#FFFFFF;\">\r\n	<span lang=\"EN-US\" style=\"font-size:12pt;font-family:宋体;line-height:24px;\">&nbsp;</span>\r\n</p>\r\n<p class=\"MsoNormal\" align=\"left\" style=\"margin-top:0px;margin-bottom:0px;padding:0px;color:#333333;font-family:\'Lucida Grande\', Verdana, Lucida, Arial, Helvetica, \'Times New Roman\', 宋体, sans-serif;white-space:normal;background-color:#FFFFFF;\">\r\n	<span style=\"font-size:12pt;font-family:宋体;line-height:24px;\">官方链接<span lang=\"EN-US\">:&nbsp;<a href=\"http://fyzb.com/Default.aspx?ShowType=1&amp;ProductID=577\" style=\"color:#333333;text-decoration:none;\"><span style=\"color:windowtext;\">http://fyzb.com/Default.aspx?ShowType=1&amp;ProductID=577</span></a><o:p></o:p></span></span>\r\n</p>\r\n<p class=\"MsoNormal\" align=\"left\" style=\"margin-top:0px;margin-bottom:0px;padding:0px;color:#333333;font-family:\'Lucida Grande\', Verdana, Lucida, Arial, Helvetica, \'Times New Roman\', 宋体, sans-serif;white-space:normal;background-color:#FFFFFF;\">\r\n	<span lang=\"EN-US\" style=\"font-size:12pt;font-family:宋体;line-height:24px;\">&nbsp;</span>\r\n</p>\r\n<p class=\"MsoNormal\" align=\"left\" style=\"margin-top:0px;margin-bottom:0px;padding:0px;color:#333333;font-family:\'Lucida Grande\', Verdana, Lucida, Arial, Helvetica, \'Times New Roman\', 宋体, sans-serif;white-space:normal;background-color:#FFFFFF;\">\r\n	<span lang=\"EN-US\" style=\"font-size:12pt;font-family:宋体;line-height:24px;\">&nbsp;&nbsp;&nbsp;&nbsp;&nbsp;&nbsp;&nbsp;&nbsp;&nbsp;<a href=\"http://www.ccgp.gov.cn/cggg/dfgg/gkzb/201503/t20150306_5050811.htm\" style=\"color:#333333;text-decoration:none;\"><span style=\"color:windowtext;\">http://www.ccgp.gov.cn/cggg/dfgg/gkzb/201503/t20150306_5050811.htm</span></a></span>\r\n</p>', '1', '2015-04-03 21:21:00');
INSERT INTO `t_notice` VALUES ('33', '关于我院电力电缆公开招标结果公示', '<pre style=\"color:#333333;text-indent:24pt;vertical-align:baseline;background-color:#FFFFFF;\"><span lang=\"EN-US\" style=\"color:black;\"> \r\n<pre style=\"text-indent:24pt;vertical-align:baseline;\"><span lang=\"EN-US\">\r\n<p class=\"MsoNormal\" style=\"margin-top:0px;margin-bottom:0px;padding:0px;\">\r\n	<span lang=\"EN-US\" style=\"line-height:24px;font-family:宋体;font-size:12pt;\">1</span><span style=\"line-height:24px;font-family:宋体;font-size:12pt;\">、 招标编号<span lang=\"EN-US\">: FYZB-S2-2015002<o:p></o:p></span></span>\r\n</p>\r\n\r\n<p class=\"MsoNormal\" style=\"margin-top:0px;margin-bottom:0px;padding:0px;\">\r\n	<span lang=\"EN-US\" style=\"line-height:24px;font-family:宋体;font-size:12pt;\">2</span><span style=\"line-height:24px;font-family:宋体;font-size:12pt;\">、 采购方式：公开招标<span lang=\"EN-US\"><o:p></o:p></span></span>\r\n</p>\r\n\r\n<p class=\"MsoNormal\" style=\"margin-top:0px;margin-bottom:0px;padding:0px;\">\r\n	<span lang=\"EN-US\" style=\"line-height:24px;font-family:宋体;font-size:12pt;\">3</span><span style=\"line-height:24px;font-family:宋体;font-size:12pt;\">、 采购单位名称：福州大学至诚学院<span lang=\"EN-US\"><o:p></o:p></span></span>\r\n</p>\r\n\r\n<p class=\"MsoNormal\" style=\"margin-top:0px;margin-bottom:0px;padding:0px;\">\r\n	<span lang=\"EN-US\" style=\"line-height:24px;font-family:宋体;font-size:12pt;\">&nbsp;&nbsp;&nbsp; </span><span style=\"line-height:24px;font-family:宋体;font-size:12pt;\">联系人：林老师<span lang=\"EN-US\"><o:p></o:p></span></span>\r\n</p>\r\n\r\n<p class=\"MsoNormal\" style=\"margin-top:0px;margin-bottom:0px;padding:0px;\">\r\n	<span lang=\"EN-US\" style=\"line-height:24px;font-family:宋体;font-size:12pt;\">&nbsp; &nbsp;</span><span style=\"line-height:24px;font-family:宋体;font-size:12pt;\">联系电话：<span lang=\"EN-US\">0591-83779501<o:p></o:p></span></span>\r\n</p>\r\n\r\n<p class=\"MsoNormal\" style=\"margin-top:0px;margin-bottom:0px;padding:0px;\">\r\n	<span lang=\"EN-US\" style=\"line-height:24px;font-family:宋体;font-size:12pt;\">4</span><span style=\"line-height:24px;font-family:宋体;font-size:12pt;\">、招标代理机构名称<span lang=\"EN-US\">: </span>福建省福怡药械招标有限公司<span lang=\"EN-US\"><o:p></o:p></span></span>\r\n</p>\r\n\r\n<p class=\"MsoNormal\" style=\"margin-top:0px;margin-bottom:0px;padding:0px;\">\r\n	<span style=\"line-height:24px;font-family:宋体;font-size:12pt;\">招标代理机构地址：福州市交通路<span lang=\"EN-US\">88</span>号<span lang=\"EN-US\"><o:p></o:p></span></span>\r\n</p>\r\n\r\n<p class=\"MsoNormal\" style=\"margin-top:0px;margin-bottom:0px;padding:0px;\">\r\n	<span lang=\"EN-US\" style=\"line-height:24px;font-family:宋体;font-size:12pt;\">5</span><span style=\"line-height:24px;font-family:宋体;font-size:12pt;\">、联系人：林小姐<span lang=\"EN-US\"> &nbsp;&nbsp;&nbsp;&nbsp;<o:p></o:p></span></span>\r\n</p>\r\n\r\n<p class=\"MsoNormal\" style=\"margin-top:0px;margin-bottom:0px;padding:0px;\">\r\n	<span style=\"line-height:24px;font-family:宋体;font-size:12pt;\">联系方式：（<span lang=\"EN-US\">0591</span>）<span lang=\"EN-US\">83569183</span>、<span lang=\"EN-US\">83569185</span>、<span lang=\"EN-US\">83569369</span>（传真）<span lang=\"EN-US\"><o:p></o:p></span></span>\r\n</p>\r\n\r\n<p class=\"MsoNormal\" style=\"margin-top:0px;margin-bottom:0px;padding:0px;\">\r\n	<span lang=\"EN-US\" style=\"line-height:24px;font-family:宋体;font-size:12pt;\">6</span><span style=\"line-height:24px;font-family:宋体;font-size:12pt;\">、招标公告日期：二<span lang=\"EN-US\">0</span>一五年二月六日<span lang=\"EN-US\"><o:p></o:p></span></span>\r\n</p>\r\n\r\n<p class=\"MsoNormal\" style=\"margin-top:0px;margin-bottom:0px;padding:0px;\">\r\n	<span lang=\"EN-US\" style=\"line-height:24px;font-family:宋体;font-size:12pt;\">7</span><span style=\"line-height:24px;font-family:宋体;font-size:12pt;\">、定标日期<span lang=\"EN-US\">: </span>二<span lang=\"EN-US\">0</span>一五年三月五日<span lang=\"EN-US\"><o:p></o:p></span></span>\r\n</p>\r\n\r\n<p class=\"MsoNormal\" style=\"margin-top:0px;margin-bottom:0px;padding:0px;\">\r\n	<span lang=\"EN-US\" style=\"line-height:24px;font-family:宋体;font-size:12pt;\">8</span><span style=\"line-height:24px;font-family:宋体;font-size:12pt;\">、废标情况<span lang=\"EN-US\">:</span>鉴于满足招标文件要求的供应商不足三家，本项目废标。<span lang=\"EN-US\"><o:p></o:p></span></span>\r\n</p>\r\n\r\n<p class=\"MsoNormal\" style=\"margin-top:0px;margin-bottom:0px;padding:0px;\">\r\n	<span lang=\"EN-US\" style=\"line-height:24px;font-family:宋体;font-size:12pt;\">9</span><span style=\"line-height:24px;font-family:宋体;font-size:12pt;\">、评标委员会名单：卢勇飞、刘永柱、吕凤明、柯芸笙、叶榕、<span lang=\"EN-US\"><o:p></o:p></span></span>\r\n</p>\r\n\r\n<p class=\"MsoNormal\" style=\"margin-top:0px;margin-bottom:0px;padding:0px;\">\r\n	<span lang=\"EN-US\" style=\"line-height:24px;font-family:宋体;font-size:12pt;\">&nbsp;<o:p></o:p></span>\r\n</p>\r\n\r\n<p class=\"MsoNormal\" align=\"right\" style=\"margin-top:0px;margin-bottom:0px;padding:0px;text-align:right;\">\r\n	<span lang=\"EN-US\" style=\"line-height:24px;font-family:宋体;font-size:12pt;\">&nbsp; <st1:chsdate w:st=\"on\" isrocdate=\"False\" islunardate=\"False\" day=\"5\" month=\"3\" year=\"2015\">2015<span lang=\"EN-US\"><span lang=\"EN-US\">年3</span></span><span lang=\"EN-US\"><span lang=\"EN-US\">月5</span></span><span lang=\"EN-US\"><span lang=\"EN-US\">日</span></span></st1:chsdate><o:p></o:p></span>\r\n</p>\r\n\r\n<p class=\"MsoNormal\" style=\"margin-top:0px;margin-bottom:0px;padding:0px;line-height:24pt;text-indent:28.5pt;\">\r\n	<b><span lang=\"EN-US\" style=\"font-family:仿宋_GB2312;font-size:14pt;\"><o:p>&nbsp;</o:p></span></b>\r\n</p>\r\n</span><span style=\"line-height:24px;font-family:宋体;font-size:12pt;background-image:initial;background-attachment:initial;background-size:initial;background-origin:initial;background-clip:initial;background-position:initial;background-repeat:initial;\">官方链接：<span lang=\"EN-US\"><a href=\"http://www.ccgp.gov.cn/cggg/dfgg/zbgg/201503/t20150305_5043241.htm\" style=\"color:#333333;text-decoration:none;\"><span style=\"color:windowtext;\">http://www.ccgp.gov.cn/cggg/dfgg/zbgg/201503/t20150305_5043241.htm</span></a><o:p></o:p></span></span></pre>\r\n<p class=\"MsoNormal\" align=\"left\" style=\"margin-top:0px;margin-bottom:0px;padding:0px;text-indent:24pt;\">\r\n	<span lang=\"EN-US\" style=\"line-height:24px;font-family:宋体;font-size:12pt;background-image:initial;background-attachment:initial;background-size:initial;background-origin:initial;background-clip:initial;background-position:initial;background-repeat:initial;\"><a href=\"http://fyzb.com/Default.aspx?ShowType=1&amp;ProductID=570\" style=\"color:#333333;text-decoration:none;\"><span style=\"color:windowtext;\">http://fyzb.com/Default.aspx?ShowType=1&amp;ProductID=570</span></a></span>\r\n</p>\r\n</span></pre>', '1', '2015-04-05 21:21:28');
INSERT INTO `t_notice` VALUES ('34', '关于游毅等同志任职的通知', '<p class=\"MsoNormal\" style=\"margin-top:0px;margin-bottom:0px;padding:0px;color:#333333;font-family:\'Lucida Grande\', Verdana, Lucida, Arial, Helvetica, \'Times New Roman\', 宋体, sans-serif;white-space:normal;line-height:28pt;background-color:#FFFFFF;\">\r\n	<span style=\"font-size:16pt;font-family:仿宋_GB2312;\">各系、各部门：</span><span lang=\"EN-US\" style=\"font-size:16pt;\"><o:p></o:p></span>\r\n</p>\r\n<p class=\"MsoNormal\" style=\"margin-top:0px;margin-bottom:0px;padding:0px;color:#333333;font-family:\'Lucida Grande\', Verdana, Lucida, Arial, Helvetica, \'Times New Roman\', 宋体, sans-serif;white-space:normal;line-height:28pt;text-indent:32.25pt;background-color:#FFFFFF;\">\r\n	<span style=\"font-size:16pt;font-family:仿宋_GB2312;\">因机构调整，经院务会研究决定：<span lang=\"EN-US\"><o:p></o:p></span></span>\r\n</p>\r\n<p class=\"MsoNormal\" style=\"margin-top:0px;margin-bottom:0px;padding:0px;color:#333333;font-family:\'Lucida Grande\', Verdana, Lucida, Arial, Helvetica, \'Times New Roman\', 宋体, sans-serif;white-space:normal;line-height:28pt;text-indent:32.25pt;background-color:#FFFFFF;\">\r\n	<span style=\"font-size:16pt;font-family:仿宋_GB2312;\">任命游<span lang=\"EN-US\">&nbsp;&nbsp;</span>毅同志为教务处处长；<span lang=\"EN-US\"><o:p></o:p></span></span>\r\n</p>\r\n<p class=\"MsoNormal\" style=\"margin-top:0px;margin-bottom:0px;padding:0px;color:#333333;font-family:\'Lucida Grande\', Verdana, Lucida, Arial, Helvetica, \'Times New Roman\', 宋体, sans-serif;white-space:normal;line-height:28pt;text-indent:32.25pt;background-color:#FFFFFF;\">\r\n	<span style=\"font-size:16pt;font-family:仿宋_GB2312;\">任命姚东生同志为教务处副处长；<span lang=\"EN-US\"><o:p></o:p></span></span>\r\n</p>\r\n<p class=\"MsoNormal\" style=\"margin-top:0px;margin-bottom:0px;padding:0px;color:#333333;font-family:\'Lucida Grande\', Verdana, Lucida, Arial, Helvetica, \'Times New Roman\', 宋体, sans-serif;white-space:normal;line-height:28pt;text-indent:32.25pt;background-color:#FFFFFF;\">\r\n	<span style=\"font-size:16pt;font-family:仿宋_GB2312;\">任命罗<span lang=\"EN-US\">&nbsp;&nbsp;</span>翔同志为教务处教务办公室主任；<span lang=\"EN-US\"><o:p></o:p></span></span>\r\n</p>\r\n<p class=\"MsoNormal\" style=\"margin-top:0px;margin-bottom:0px;padding:0px;color:#333333;font-family:\'Lucida Grande\', Verdana, Lucida, Arial, Helvetica, \'Times New Roman\', 宋体, sans-serif;white-space:normal;line-height:28pt;text-indent:32.25pt;background-color:#FFFFFF;\">\r\n	<span style=\"font-size:16pt;font-family:仿宋_GB2312;\">任命胡<span lang=\"EN-US\">&nbsp;&nbsp;</span>颖同志为教务处评建办公室主任。<span lang=\"EN-US\"><o:p></o:p></span></span>\r\n</p>\r\n<p class=\"MsoNormal\" style=\"margin-top:0px;margin-bottom:0px;padding:0px;color:#333333;font-family:\'Lucida Grande\', Verdana, Lucida, Arial, Helvetica, \'Times New Roman\', 宋体, sans-serif;white-space:normal;line-height:28pt;text-indent:32.25pt;background-color:#FFFFFF;\">\r\n	<span style=\"font-size:16pt;font-family:仿宋_GB2312;\">以上任命同志原任职务自然免除，自<st1:chsdate w:st=\"on\" isrocdate=\"False\" islunardate=\"False\" day=\"1\" month=\"3\" year=\"2015\"><span lang=\"EN-US\">2015</span>年<span lang=\"EN-US\">3</span>月<span lang=\"EN-US\">1</span>日起</st1:chsdate>执行。<span lang=\"EN-US\"><o:p></o:p></span></span>\r\n</p>\r\n<p class=\"MsoNormal\" style=\"margin-top:0px;margin-bottom:0px;padding:0px;color:#333333;font-family:\'Lucida Grande\', Verdana, Lucida, Arial, Helvetica, \'Times New Roman\', 宋体, sans-serif;line-height:15.6000003814697px;white-space:normal;background-color:#FFFFFF;\">\r\n	<span lang=\"EN-US\" style=\"font-size:16pt;\">&nbsp;</span>\r\n</p>\r\n<p class=\"MsoNormal\" align=\"right\" style=\"margin-top:0px;margin-bottom:0px;padding:0px;color:#333333;font-family:\'Lucida Grande\', Verdana, Lucida, Arial, Helvetica, \'Times New Roman\', 宋体, sans-serif;white-space:normal;line-height:28pt;text-indent:96pt;background-color:#FFFFFF;\">\r\n	<span lang=\"EN-US\" style=\"font-size:16pt;font-family:仿宋_GB2312;\">&nbsp;&nbsp;&nbsp;&nbsp;&nbsp;&nbsp;&nbsp;&nbsp;&nbsp;&nbsp;&nbsp;&nbsp;&nbsp;&nbsp;&nbsp;&nbsp;&nbsp;&nbsp;&nbsp;&nbsp;&nbsp;</span><span style=\"font-size:16pt;font-family:仿宋_GB2312;\">福州大学至诚学院<span lang=\"EN-US\"><o:p></o:p></span></span>\r\n</p>\r\n<p class=\"MsoNormal\" align=\"right\" style=\"margin-top:0px;margin-bottom:0px;padding:0px;color:#333333;font-family:\'Lucida Grande\', Verdana, Lucida, Arial, Helvetica, \'Times New Roman\', 宋体, sans-serif;white-space:normal;text-align:right;line-height:28pt;background-color:#FFFFFF;\">\r\n	<span lang=\"EN-US\" style=\"font-size:16pt;font-family:仿宋_GB2312;\">&nbsp;</span><span style=\"font-size:16pt;font-family:仿宋_GB2312;\">二Ｏ一五年三月一日</span>\r\n</p>', '1', '2015-04-07 21:21:49');
INSERT INTO `t_notice` VALUES ('35', '院领导接待日（2015年3月）安排表', '<p class=\"MsoNormal\" style=\"margin-top:0px;margin-bottom:0px;padding:0px;color:#333333;font-family:\'Lucida Grande\', Verdana, Lucida, Arial, Helvetica, \'Times New Roman\', 宋体, sans-serif;white-space:normal;background-color:#FFFFFF;\">\r\n	<span style=\"font-size:12pt;font-family:宋体;line-height:24px;\">各系、各部门：<span lang=\"EN-US\"><o:p></o:p></span></span>\r\n</p>\r\n<p class=\"MsoNormal\" style=\"margin-top:0px;margin-bottom:0px;padding:0px;color:#333333;font-family:\'Lucida Grande\', Verdana, Lucida, Arial, Helvetica, \'Times New Roman\', 宋体, sans-serif;white-space:normal;background-color:#FFFFFF;\">\r\n	<span lang=\"EN-US\" style=\"font-size:12pt;font-family:宋体;line-height:24px;\">&nbsp;&nbsp;&nbsp;&nbsp;</span><span style=\"font-size:12pt;font-family:宋体;line-height:24px;\">现将<span lang=\"EN-US\">2015</span>年<span lang=\"EN-US\">3</span>月份院领导接待日安排表公布如下：<span lang=\"EN-US\"><o:p></o:p></span></span>\r\n</p>\r\n<table class=\"MsoTableGrid\" cellspacing=\"0\" cellpadding=\"0\" width=\"603\" border=\"1\" style=\"color:#333333;font-family:\'Lucida Grande\', Verdana, Lucida, Arial, Helvetica, \'Times New Roman\', 宋体, sans-serif;font-size:12px;line-height:15.6000003814697px;border:medium none;width:451.95pt;background-color:#FFFFFF;\">\r\n	<tbody>\r\n		<tr>\r\n			<td valign=\"top\" width=\"189\" style=\"border:1pt solid windowtext;width:142pt;padding:0cm 5.4pt;\">\r\n				<p class=\"MsoNormal\" align=\"center\" style=\"margin-top:0px;margin-bottom:0px;padding:0px;text-align:center;\">\r\n					<span style=\"font-size:12pt;font-family:宋体;line-height:24px;\">时间<span lang=\"EN-US\"><o:p></o:p></span></span>\r\n				</p>\r\n			</td>\r\n			<td valign=\"top\" width=\"73\" style=\"border-top-color:windowtext;border-width:1pt 1pt 1pt medium;border-style:solid solid solid none;border-right-color:windowtext;width:54.8pt;border-bottom-color:windowtext;padding:0cm 5.4pt;\">\r\n				<p class=\"MsoNormal\" align=\"center\" style=\"margin-top:0px;margin-bottom:0px;padding:0px;text-align:center;\">\r\n					<span style=\"font-size:12pt;font-family:宋体;line-height:24px;\">接待人<span lang=\"EN-US\"><o:p></o:p></span></span>\r\n				</p>\r\n			</td>\r\n			<td valign=\"top\" width=\"340\" style=\"border-top-color:windowtext;border-width:1pt 1pt 1pt medium;border-style:solid solid solid none;border-right-color:windowtext;width:9cm;border-bottom-color:windowtext;padding:0cm 5.4pt;\">\r\n				<p class=\"MsoNormal\" align=\"center\" style=\"margin-top:0px;margin-bottom:0px;padding:0px;text-align:center;\">\r\n					<span style=\"font-size:12pt;font-family:宋体;line-height:24px;\">接待地点<span lang=\"EN-US\"><o:p></o:p></span></span>\r\n				</p>\r\n			</td>\r\n		</tr>\r\n		<tr>\r\n			<td valign=\"top\" width=\"189\" style=\"border-width:medium 1pt 1pt;border-style:none solid solid;border-right-color:windowtext;width:142pt;border-bottom-color:windowtext;padding:0cm 5.4pt;border-left-color:windowtext;\">\r\n				<p class=\"MsoNormal\" align=\"center\" style=\"margin-top:0px;margin-bottom:0px;padding:0px;text-align:center;\">\r\n					<span lang=\"EN-US\" style=\"font-size:12pt;font-family:宋体;line-height:24px;\">3</span><span style=\"font-size:12pt;font-family:宋体;line-height:24px;\">月<span lang=\"EN-US\">3</span>日（周二）上午<span lang=\"EN-US\"><o:p></o:p></span></span>\r\n				</p>\r\n			</td>\r\n			<td valign=\"top\" width=\"73\" style=\"border-width:medium 1pt 1pt medium;border-style:none solid solid none;border-right-color:windowtext;width:54.8pt;border-bottom-color:windowtext;padding:0cm 5.4pt;\">\r\n				<p class=\"MsoNormal\" align=\"center\" style=\"margin-top:0px;margin-bottom:0px;padding:0px;text-align:center;\">\r\n					<span style=\"font-size:12pt;font-family:宋体;line-height:24px;\">朱祖平<span lang=\"EN-US\"><o:p></o:p></span></span>\r\n				</p>\r\n			</td>\r\n			<td valign=\"top\" width=\"340\" style=\"border-width:medium 1pt 1pt medium;border-style:none solid solid none;border-right-color:windowtext;width:9cm;border-bottom-color:windowtext;padding:0cm 5.4pt;\">\r\n				<p class=\"MsoNormal\" align=\"center\" style=\"margin-top:0px;margin-bottom:0px;padding:0px;text-align:center;\">\r\n					<span style=\"font-size:12pt;font-family:宋体;line-height:24px;\">北门行政办公楼二楼院长办公室<span lang=\"EN-US\"><o:p></o:p></span></span>\r\n				</p>\r\n			</td>\r\n		</tr>\r\n		<tr>\r\n			<td valign=\"top\" width=\"189\" style=\"border-width:medium 1pt 1pt;border-style:none solid solid;border-right-color:windowtext;width:142pt;border-bottom-color:windowtext;padding:0cm 5.4pt;border-left-color:windowtext;\">\r\n				<p class=\"MsoNormal\" align=\"center\" style=\"margin-top:0px;margin-bottom:0px;padding:0px;text-align:center;\">\r\n					<span lang=\"EN-US\" style=\"font-size:12pt;font-family:宋体;line-height:24px;\">3</span><span style=\"font-size:12pt;font-family:宋体;line-height:24px;\">月<span lang=\"EN-US\">9</span>日（周一）上午<span lang=\"EN-US\"><o:p></o:p></span></span>\r\n				</p>\r\n			</td>\r\n			<td valign=\"top\" width=\"73\" style=\"border-width:medium 1pt 1pt medium;border-style:none solid solid none;border-right-color:windowtext;width:54.8pt;border-bottom-color:windowtext;padding:0cm 5.4pt;\">\r\n				<p class=\"MsoNormal\" align=\"center\" style=\"margin-top:0px;margin-bottom:0px;padding:0px;text-align:center;\">\r\n					<span style=\"font-size:12pt;font-family:宋体;line-height:24px;\">李文涛<span lang=\"EN-US\"><o:p></o:p></span></span>\r\n				</p>\r\n			</td>\r\n			<td valign=\"top\" width=\"340\" style=\"border-width:medium 1pt 1pt medium;border-style:none solid solid none;border-right-color:windowtext;width:9cm;border-bottom-color:windowtext;padding:0cm 5.4pt;\">\r\n				<p class=\"MsoNormal\" align=\"center\" style=\"margin-top:0px;margin-bottom:0px;padding:0px;text-align:center;\">\r\n					<span style=\"font-size:12pt;font-family:宋体;line-height:24px;\">北门行政办公楼二楼党委常务副书记办公室<span lang=\"EN-US\"><o:p></o:p></span></span>\r\n				</p>\r\n			</td>\r\n		</tr>\r\n		<tr>\r\n			<td valign=\"top\" width=\"189\" style=\"border-width:medium 1pt 1pt;border-style:none solid solid;border-right-color:windowtext;width:142pt;border-bottom-color:windowtext;padding:0cm 5.4pt;border-left-color:windowtext;\">\r\n				<p class=\"MsoNormal\" align=\"center\" style=\"margin-top:0px;margin-bottom:0px;padding:0px;text-align:center;\">\r\n					<span lang=\"EN-US\" style=\"font-size:12pt;font-family:宋体;line-height:24px;\">3</span><span style=\"font-size:12pt;font-family:宋体;line-height:24px;\">月<span lang=\"EN-US\">18</span>日（周三）下午<span lang=\"EN-US\"><o:p></o:p></span></span>\r\n				</p>\r\n			</td>\r\n			<td valign=\"top\" width=\"73\" style=\"border-width:medium 1pt 1pt medium;border-style:none solid solid none;border-right-color:windowtext;width:54.8pt;border-bottom-color:windowtext;padding:0cm 5.4pt;\">\r\n				<p class=\"MsoNormal\" align=\"center\" style=\"margin-top:0px;margin-bottom:0px;padding:0px;text-align:center;\">\r\n					<span style=\"font-size:12pt;font-family:宋体;line-height:24px;\">雷石宝<span lang=\"EN-US\"><o:p></o:p></span></span>\r\n				</p>\r\n			</td>\r\n			<td valign=\"top\" width=\"340\" style=\"border-width:medium 1pt 1pt medium;border-style:none solid solid none;border-right-color:windowtext;width:9cm;border-bottom-color:windowtext;padding:0cm 5.4pt;\">\r\n				<p class=\"MsoNormal\" align=\"center\" style=\"margin-top:0px;margin-bottom:0px;padding:0px;text-align:center;\">\r\n					<span style=\"font-size:12pt;font-family:宋体;line-height:24px;\">北门行政办公楼二楼党委副书记办公室<span lang=\"EN-US\"><o:p></o:p></span></span>\r\n				</p>\r\n			</td>\r\n		</tr>\r\n		<tr>\r\n			<td valign=\"top\" width=\"189\" style=\"border-width:medium 1pt 1pt;border-style:none solid solid;border-right-color:windowtext;width:142pt;border-bottom-color:windowtext;padding:0cm 5.4pt;border-left-color:windowtext;\">\r\n				<p class=\"MsoNormal\" align=\"center\" style=\"margin-top:0px;margin-bottom:0px;padding:0px;text-align:center;\">\r\n					<span lang=\"EN-US\" style=\"font-size:12pt;font-family:宋体;line-height:24px;\">3</span><span style=\"font-size:12pt;font-family:宋体;line-height:24px;\">月<span lang=\"EN-US\">25</span>日（周三）下午<span lang=\"EN-US\"><o:p></o:p></span></span>\r\n				</p>\r\n			</td>\r\n			<td valign=\"top\" width=\"73\" style=\"border-width:medium 1pt 1pt medium;border-style:none solid solid none;border-right-color:windowtext;width:54.8pt;border-bottom-color:windowtext;padding:0cm 5.4pt;\">\r\n				<p class=\"MsoNormal\" align=\"center\" style=\"margin-top:0px;margin-bottom:0px;padding:0px;text-align:center;\">\r\n					<span style=\"font-size:12pt;font-family:宋体;line-height:24px;\">朱敏琛<span lang=\"EN-US\"><o:p></o:p></span></span>\r\n				</p>\r\n			</td>\r\n			<td valign=\"top\" width=\"340\" style=\"border-width:medium 1pt 1pt medium;border-style:none solid solid none;border-right-color:windowtext;width:9cm;border-bottom-color:windowtext;padding:0cm 5.4pt;\">\r\n				<p class=\"MsoNormal\" align=\"center\" style=\"margin-top:0px;margin-bottom:0px;padding:0px;text-align:center;\">\r\n					<span style=\"font-size:12pt;font-family:宋体;line-height:24px;\">北门行政办公楼二楼副院长办公室<span lang=\"EN-US\"><o:p></o:p></span></span>\r\n				</p>\r\n			</td>\r\n		</tr>\r\n	</tbody>\r\n</table>\r\n<p class=\"MsoNormal\" align=\"left\" style=\"margin-top:0px;margin-bottom:0px;padding:0px;color:#333333;font-family:\'Lucida Grande\', Verdana, Lucida, Arial, Helvetica, \'Times New Roman\', 宋体, sans-serif;white-space:normal;text-indent:24pt;background:white;\">\r\n	<span style=\"font-size:12pt;font-family:宋体;color:black;line-height:24px;\">欢迎广大师生员工积极参与。<span lang=\"EN-US\"><o:p></o:p></span></span>\r\n</p>\r\n<p class=\"MsoNormal\" align=\"left\" style=\"margin-top:0px;margin-bottom:0px;padding:0px;color:#333333;font-family:\'Lucida Grande\', Verdana, Lucida, Arial, Helvetica, \'Times New Roman\', 宋体, sans-serif;white-space:normal;text-indent:24pt;background:white;\">\r\n	<span style=\"font-size:12pt;font-family:宋体;color:black;line-height:24px;\">特此通知<span lang=\"EN-US\"><o:p></o:p></span></span>\r\n</p>\r\n<p class=\"MsoNormal\" align=\"right\" style=\"margin-top:0px;margin-bottom:0px;padding:0px;color:#333333;font-family:\'Lucida Grande\', Verdana, Lucida, Arial, Helvetica, \'Times New Roman\', 宋体, sans-serif;white-space:normal;text-align:right;background-color:#FFFFFF;\">\r\n	<span style=\"font-size:12pt;font-family:宋体;line-height:24px;\">院长办公室、党委办公室<span lang=\"EN-US\"><o:p></o:p></span></span>\r\n</p>\r\n<p class=\"MsoNormal\" align=\"right\" style=\"margin-top:0px;margin-bottom:0px;padding:0px;color:#333333;font-family:\'Lucida Grande\', Verdana, Lucida, Arial, Helvetica, \'Times New Roman\', 宋体, sans-serif;white-space:normal;text-align:right;background-color:#FFFFFF;\">\r\n	<span lang=\"EN-US\" style=\"font-size:12pt;font-family:宋体;line-height:24px;\">2015</span><span style=\"font-size:12pt;font-family:宋体;line-height:24px;\">年<span lang=\"EN-US\">3</span>月<span lang=\"EN-US\">1</span>日</span>\r\n</p>', '1', '2015-04-09 21:22:09');
INSERT INTO `t_notice` VALUES ('36', '关于我院低压开关柜等设备、电力变压器采购公开招标公告', '<p class=\"MsoNormal\" style=\"margin-top:0px;margin-bottom:0px;padding:0px;color:#333333;font-family:\'Lucida Grande\', Verdana, Lucida, Arial, Helvetica, \'Times New Roman\', 宋体, sans-serif;white-space:normal;text-indent:24pt;background-color:#FFFFFF;\">\r\n	<span lang=\"EN-US\" style=\"font-size:12pt;line-height:24px;\">1</span><span style=\"font-size:12pt;font-family:宋体;line-height:24px;\">、采购单位：福州大学至诚学院</span><span lang=\"EN-US\" style=\"font-size:12pt;line-height:24px;\"><o:p></o:p></span>\r\n</p>\r\n<p class=\"MsoNormal\" style=\"margin-top:0px;margin-bottom:0px;padding:0px;color:#333333;font-family:\'Lucida Grande\', Verdana, Lucida, Arial, Helvetica, \'Times New Roman\', 宋体, sans-serif;white-space:normal;text-indent:24pt;background-color:#FFFFFF;\">\r\n	<span style=\"font-size:12pt;font-family:宋体;line-height:24px;\">联系人：林老师</span><span style=\"font-size:12pt;line-height:24px;\"><span lang=\"EN-US\"><o:p></o:p></span></span>\r\n</p>\r\n<p class=\"MsoNormal\" style=\"margin-top:0px;margin-bottom:0px;padding:0px;color:#333333;font-family:\'Lucida Grande\', Verdana, Lucida, Arial, Helvetica, \'Times New Roman\', 宋体, sans-serif;white-space:normal;text-indent:24pt;background-color:#FFFFFF;\">\r\n	<span style=\"font-size:12pt;font-family:宋体;line-height:24px;\">联系电话：</span><span lang=\"EN-US\" style=\"font-size:12pt;line-height:24px;\">0591-83779501<o:p></o:p></span>\r\n</p>\r\n<p class=\"MsoNormal\" style=\"margin-top:0px;margin-bottom:0px;padding:0px;color:#333333;font-family:\'Lucida Grande\', Verdana, Lucida, Arial, Helvetica, \'Times New Roman\', 宋体, sans-serif;white-space:normal;text-indent:24pt;background-color:#FFFFFF;\">\r\n	<span lang=\"EN-US\" style=\"font-size:12pt;line-height:24px;\">2</span><span style=\"font-size:12pt;font-family:宋体;line-height:24px;\">、招标文书编号：</span><span lang=\"EN-US\" style=\"font-size:12pt;line-height:24px;\">FYZB-S2-2015001<o:p></o:p></span>\r\n</p>\r\n<p class=\"MsoNormal\" style=\"margin-top:0px;margin-bottom:0px;padding:0px;color:#333333;font-family:\'Lucida Grande\', Verdana, Lucida, Arial, Helvetica, \'Times New Roman\', 宋体, sans-serif;white-space:normal;text-indent:24pt;background-color:#FFFFFF;\">\r\n	<span lang=\"EN-US\" style=\"font-size:12pt;line-height:24px;\">3</span><span style=\"font-size:12pt;font-family:宋体;line-height:24px;\">、项目名称、数量及预算：</span><span lang=\"EN-US\" style=\"font-size:12pt;line-height:24px;\"><o:p></o:p></span>\r\n</p>\r\n<p class=\"MsoNormal\" align=\"left\" style=\"margin:0cm 0cm 0pt 18pt;padding:0px;color:#333333;font-family:\'Lucida Grande\', Verdana, Lucida, Arial, Helvetica, \'Times New Roman\', 宋体, sans-serif;line-height:15.6000003814697px;white-space:normal;text-indent:-18pt;background-color:#FFFFFF;\">\r\n	<br />\r\n</p>\r\n<table class=\"MsoNormalTable\" cellspacing=\"0\" cellpadding=\"0\" border=\"1\" style=\"color:#333333;font-family:\'Lucida Grande\', Verdana, Lucida, Arial, Helvetica, \'Times New Roman\', 宋体, sans-serif;font-size:12px;line-height:15.6000003814697px;border:medium none;margin-left:41.4pt;background-color:#FFFFFF;\">\r\n	<tbody>\r\n		<tr style=\"height:43.45pt;page-break-inside:avoid;\">\r\n			<td width=\"63\" style=\"border:1pt solid windowtext;height:43.45pt;width:37.6pt;padding:0cm 5.4pt;\">\r\n				<p class=\"MsoNormal\" align=\"center\" style=\"margin-top:0px;margin-right:-5.35pt;margin-bottom:0px;padding:0px;text-align:center;line-height:22pt;\">\r\n					<span style=\"font-size:9pt;font-family:宋体;color:black;\">合同包</span><span lang=\"EN-US\" style=\"font-size:9pt;font-family:\'ˎ̥,Verdana,Arial\', serif;color:black;\"><o:p></o:p></span>\r\n				</p>\r\n			</td>\r\n			<td width=\"80\" style=\"border-top-color:windowtext;border-width:1pt 1pt 1pt medium;border-style:solid solid solid none;height:43.45pt;border-right-color:windowtext;width:47.9pt;border-bottom-color:windowtext;padding:0cm 5.4pt;\">\r\n				<p class=\"MsoNormal\" align=\"center\" style=\"margin-top:0px;margin-bottom:0px;padding:0px;text-align:center;line-height:22pt;\">\r\n					<span style=\"font-size:9pt;font-family:宋体;color:black;\">品目号</span><span lang=\"EN-US\" style=\"font-size:9pt;font-family:\'ˎ̥,Verdana,Arial\', serif;color:black;\"><o:p></o:p></span>\r\n				</p>\r\n			</td>\r\n			<td width=\"113\" style=\"border-top-color:windowtext;border-width:1pt 1pt 1pt medium;border-style:solid solid solid none;height:43.45pt;border-right-color:windowtext;width:67.5pt;border-bottom-color:windowtext;padding:0cm 5.4pt;\">\r\n				<p class=\"MsoNormal\" align=\"center\" style=\"margin-top:0px;margin-bottom:0px;padding:0px;text-align:center;line-height:22pt;\">\r\n					<span style=\"font-size:9pt;font-family:宋体;color:black;\">项目名称</span><span lang=\"EN-US\" style=\"font-size:9pt;font-family:\'ˎ̥,Verdana,Arial\', serif;color:black;\"><o:p></o:p></span>\r\n				</p>\r\n			</td>\r\n			<td width=\"53\" style=\"border-top-color:windowtext;border-width:1pt 1pt 1pt medium;border-style:solid solid solid none;height:43.45pt;border-right-color:windowtext;width:31.5pt;border-bottom-color:windowtext;padding:0cm 5.4pt;\">\r\n				<p class=\"MsoNormal\" align=\"center\" style=\"margin-top:0px;margin-bottom:0px;padding:0px;text-align:center;line-height:22pt;\">\r\n					<span style=\"font-size:9pt;font-family:宋体;color:black;\">数量</span><span lang=\"EN-US\" style=\"font-size:9pt;font-family:\'ˎ̥,Verdana,Arial\', serif;color:black;\"><o:p></o:p></span>\r\n				</p>\r\n			</td>\r\n			<td width=\"76\" style=\"border-top-color:windowtext;border-width:1pt 1pt 1pt medium;border-style:solid solid solid none;height:43.45pt;border-right-color:windowtext;width:45.45pt;border-bottom-color:windowtext;padding:0cm 5.4pt;\">\r\n				<p class=\"MsoNormal\" align=\"center\" style=\"margin:0cm -1.35pt 0pt -4.95pt;padding:0px;text-align:center;\">\r\n					<span style=\"font-size:9pt;font-family:宋体;color:black;\">是否进口论证</span><span lang=\"EN-US\" style=\"font-size:9pt;font-family:\'ˎ̥,Verdana,Arial\', serif;color:black;\"><o:p></o:p></span>\r\n				</p>\r\n			</td>\r\n			<td width=\"95\" style=\"border-top-color:windowtext;border-width:1pt 1pt 1pt medium;border-style:solid solid solid none;height:43.45pt;border-right-color:windowtext;width:2cm;border-bottom-color:windowtext;padding:0cm 5.4pt;\">\r\n				<p class=\"MsoNormal\" align=\"center\" style=\"margin:0cm -8.9pt 0pt -4.95pt;padding:0px;text-align:center;\">\r\n					<span style=\"font-size:9pt;font-family:宋体;color:black;\">主要技</span><span lang=\"EN-US\" style=\"font-size:9pt;font-family:\'ˎ̥,Verdana,Arial\', serif;color:black;\"><o:p></o:p></span>\r\n				</p>\r\n				<p class=\"MsoNormal\" align=\"center\" style=\"margin:0cm -8.9pt 0pt 0.7pt;padding:0px;text-align:center;text-indent:-5.65pt;\">\r\n					<span style=\"font-size:9pt;font-family:宋体;color:black;\">术规格</span><span lang=\"EN-US\" style=\"font-size:9pt;font-family:\'ˎ̥,Verdana,Arial\', serif;color:black;\"><o:p></o:p></span>\r\n				</p>\r\n			</td>\r\n			<td width=\"111\" style=\"border-top-color:windowtext;border-width:1pt 1pt 1pt medium;border-style:solid solid solid none;height:43.45pt;border-right-color:windowtext;width:66.75pt;border-bottom-color:windowtext;padding:0cm 5.4pt;\">\r\n				<p class=\"MsoNormal\" align=\"center\" style=\"margin-top:0px;margin-bottom:0px;padding:0px;text-align:center;line-height:22pt;\">\r\n					<span style=\"font-size:9pt;font-family:宋体;color:black;\">交货地点</span><span lang=\"EN-US\" style=\"font-size:9pt;font-family:\'ˎ̥,Verdana,Arial\', serif;color:black;\"><o:p></o:p></span>\r\n				</p>\r\n			</td>\r\n			<td width=\"126\" style=\"border-top-color:windowtext;border-width:1pt 1pt 1pt medium;border-style:solid solid solid none;height:43.45pt;border-right-color:windowtext;width:75.55pt;border-bottom-color:windowtext;padding:0cm 5.4pt;\">\r\n				<p class=\"MsoNormal\" align=\"center\" style=\"margin-top:0px;margin-bottom:0px;padding:0px;text-align:center;line-height:22pt;\">\r\n					<span style=\"font-size:9pt;font-family:宋体;color:black;\">项目预算价</span><span lang=\"EN-US\" style=\"font-size:9pt;font-family:\'ˎ̥,Verdana,Arial\', serif;color:black;\"><o:p></o:p></span>\r\n				</p>\r\n			</td>\r\n		</tr>\r\n		<tr style=\"height:53.7pt;page-break-inside:avoid;\">\r\n			<td rowspan=\"2\" width=\"63\" style=\"border-width:medium 1pt 1pt;border-style:none solid solid;height:53.7pt;border-right-color:windowtext;width:37.6pt;border-bottom-color:windowtext;padding:0cm 5.4pt;border-left-color:windowtext;\">\r\n				<p class=\"MsoNormal\" align=\"center\" style=\"margin-top:0px;margin-right:-5.35pt;margin-bottom:0px;padding:0px;text-align:center;line-height:22pt;\">\r\n					<span style=\"font-size:9pt;font-family:宋体;color:black;\">包</span><span lang=\"EN-US\" style=\"font-size:9pt;font-family:\'ˎ̥,Verdana,Arial\', serif;color:black;\">1<o:p></o:p></span>\r\n				</p>\r\n			</td>\r\n			<td width=\"80\" style=\"border-width:medium 1pt 1pt medium;border-style:none solid solid none;height:53.7pt;border-right-color:windowtext;width:47.9pt;border-bottom-color:windowtext;padding:0cm 5.4pt;\">\r\n				<p class=\"MsoNormal\" align=\"center\" style=\"margin-top:0px;margin-bottom:0px;padding:0px;text-align:center;line-height:22pt;\">\r\n					<span lang=\"EN-US\" style=\"font-size:9pt;font-family:\'ˎ̥,Verdana,Arial\', serif;color:black;\">1</span><span lang=\"EN-US\" style=\"font-size:9pt;font-family:\'ˎ̥,Verdana,Arial\', serif;color:black;\"><o:p></o:p></span>\r\n				</p>\r\n			</td>\r\n			<td width=\"113\" style=\"border-width:medium 1pt 1pt medium;border-style:none solid solid none;height:53.7pt;border-right-color:windowtext;width:67.5pt;border-bottom-color:windowtext;padding:0cm 5.4pt;\">\r\n				<p class=\"MsoNormal\" align=\"center\" style=\"margin-top:0px;margin-bottom:0px;padding:0px;text-align:center;line-height:22pt;\">\r\n					<span style=\"font-size:9pt;font-family:宋体;color:black;\">低压开关柜等设备</span><span lang=\"EN-US\" style=\"font-size:9pt;font-family:\'ˎ̥,Verdana,Arial\', serif;color:black;\"><o:p></o:p></span>\r\n				</p>\r\n			</td>\r\n			<td width=\"53\" style=\"border-width:medium 1pt 1pt medium;border-style:none solid solid none;height:53.7pt;border-right-color:windowtext;width:31.5pt;border-bottom-color:windowtext;padding:0cm 5.4pt;\">\r\n				<p class=\"MsoNormal\" align=\"center\" style=\"margin-top:0px;margin-bottom:0px;padding:0px;text-align:center;line-height:22pt;\">\r\n					<span lang=\"EN-US\" style=\"font-size:9pt;font-family:\'ˎ̥,Verdana,Arial\', serif;color:black;\">1</span><span style=\"font-size:9pt;font-family:宋体;color:black;\">批</span><span lang=\"EN-US\" style=\"font-size:9pt;font-family:\'ˎ̥,Verdana,Arial\', serif;color:black;\"><o:p></o:p></span>\r\n				</p>\r\n			</td>\r\n			<td width=\"76\" style=\"border-width:medium 1pt 1pt medium;border-style:none solid solid none;height:53.7pt;border-right-color:windowtext;width:45.45pt;border-bottom-color:windowtext;padding:0cm 5.4pt;\">\r\n				<p class=\"MsoNormal\" align=\"center\" style=\"margin-top:0px;margin-bottom:0px;padding:0px;text-align:center;\">\r\n					<span style=\"font-size:9pt;font-family:宋体;color:black;\">否</span><span lang=\"EN-US\" style=\"font-size:9pt;font-family:\'ˎ̥,Verdana,Arial\', serif;color:black;\"><o:p></o:p></span>\r\n				</p>\r\n			</td>\r\n			<td width=\"95\" style=\"border-width:medium 1pt 1pt medium;border-style:none solid solid none;height:53.7pt;border-right-color:windowtext;width:2cm;border-bottom-color:windowtext;padding:0cm 5.4pt;\">\r\n				<p class=\"MsoNormal\" align=\"center\" style=\"margin-top:0px;margin-bottom:0px;padding:0px;text-align:center;\">\r\n					<span style=\"font-size:9pt;font-family:宋体;color:black;\">详见招标文件第三章</span><span lang=\"EN-US\" style=\"font-size:9pt;font-family:\'ˎ̥,Verdana,Arial\', serif;color:black;\"><o:p></o:p></span>\r\n				</p>\r\n			</td>\r\n			<td width=\"111\" style=\"border-width:medium 1pt 1pt medium;border-style:none solid solid none;height:53.7pt;border-right-color:windowtext;width:66.75pt;border-bottom-color:windowtext;padding:0cm 5.4pt;\">\r\n				<p class=\"MsoNormal\" align=\"center\" style=\"margin-top:0px;margin-bottom:0px;padding:0px;text-align:center;line-height:22pt;\">\r\n					<span style=\"font-size:9pt;font-family:宋体;color:black;\">福州大学至诚学院指定地点</span><span lang=\"EN-US\" style=\"font-size:9pt;font-family:\'ˎ̥,Verdana,Arial\', serif;color:black;\"><o:p></o:p></span>\r\n				</p>\r\n			</td>\r\n			<td rowspan=\"2\" width=\"126\" style=\"border-width:medium 1pt 1pt medium;border-style:none solid solid none;height:53.7pt;border-right-color:windowtext;width:75.55pt;border-bottom-color:windowtext;padding:0cm 5.4pt;\">\r\n				<p class=\"MsoNormal\" align=\"center\" style=\"margin-top:0px;margin-bottom:0px;padding:0px;text-align:center;line-height:22pt;\">\r\n					<span style=\"font-size:9pt;font-family:宋体;color:black;\">人民币叁拾贰万元整</span><span lang=\"EN-US\" style=\"font-size:9pt;font-family:\'ˎ̥,Verdana,Arial\', serif;color:black;\">(</span><span style=\"font-size:9pt;font-family:宋体;color:black;\">￥</span><span lang=\"EN-US\" style=\"font-size:9pt;font-family:\'ˎ̥,Verdana,Arial\', serif;color:black;\">320000)<o:p></o:p></span>\r\n				</p>\r\n			</td>\r\n		</tr>\r\n		<tr style=\"height:53.7pt;page-break-inside:avoid;\">\r\n			<td width=\"80\" style=\"border-width:medium 1pt 1pt medium;border-style:none solid solid none;height:53.7pt;border-right-color:windowtext;width:47.9pt;border-bottom-color:windowtext;padding:0cm 5.4pt;\">\r\n				<p class=\"MsoNormal\" align=\"center\" style=\"margin-top:0px;margin-bottom:0px;padding:0px;text-align:center;line-height:22pt;\">\r\n					<span lang=\"EN-US\" style=\"font-size:9pt;font-family:\'ˎ̥,Verdana,Arial\', serif;color:black;\">2</span><span lang=\"EN-US\" style=\"font-size:9pt;font-family:\'ˎ̥,Verdana,Arial\', serif;color:black;\"><o:p></o:p></span>\r\n				</p>\r\n			</td>\r\n			<td width=\"113\" style=\"border-width:medium 1pt 1pt medium;border-style:none solid solid none;height:53.7pt;border-right-color:windowtext;width:67.5pt;border-bottom-color:windowtext;padding:0cm 5.4pt;\">\r\n				<p class=\"MsoNormal\" align=\"center\" style=\"margin-top:0px;margin-bottom:0px;padding:0px;text-align:center;line-height:22pt;\">\r\n					<span style=\"font-size:9pt;font-family:宋体;color:black;\">电力变压器</span><span lang=\"EN-US\" style=\"font-size:9pt;font-family:\'ˎ̥,Verdana,Arial\', serif;color:black;\"><o:p></o:p></span>\r\n				</p>\r\n			</td>\r\n			<td width=\"53\" style=\"border-width:medium 1pt 1pt medium;border-style:none solid solid none;height:53.7pt;border-right-color:windowtext;width:31.5pt;border-bottom-color:windowtext;padding:0cm 5.4pt;\">\r\n				<p class=\"MsoNormal\" align=\"center\" style=\"margin-top:0px;margin-bottom:0px;padding:0px;text-align:center;line-height:22pt;\">\r\n					<span lang=\"EN-US\" style=\"font-size:9pt;font-family:\'ˎ̥,Verdana,Arial\', serif;color:black;\">1</span><span style=\"font-size:9pt;font-family:宋体;color:black;\">台</span><span lang=\"EN-US\" style=\"font-size:9pt;font-family:\'ˎ̥,Verdana,Arial\', serif;color:black;\"><o:p></o:p></span>\r\n				</p>\r\n			</td>\r\n			<td width=\"76\" style=\"border-width:medium 1pt 1pt medium;border-style:none solid solid none;height:53.7pt;border-right-color:windowtext;width:45.45pt;border-bottom-color:windowtext;padding:0cm 5.4pt;\">\r\n				<p class=\"MsoNormal\" align=\"center\" style=\"margin-top:0px;margin-bottom:0px;padding:0px;text-align:center;\">\r\n					<span style=\"font-size:9pt;font-family:宋体;color:black;\">否</span><span lang=\"EN-US\" style=\"font-size:9pt;font-family:\'ˎ̥,Verdana,Arial\', serif;color:black;\"><o:p></o:p></span>\r\n				</p>\r\n			</td>\r\n			<td width=\"95\" style=\"border-width:medium 1pt 1pt medium;border-style:none solid solid none;height:53.7pt;border-right-color:windowtext;width:2cm;border-bottom-color:windowtext;padding:0cm 5.4pt;\">\r\n				<p class=\"MsoNormal\" align=\"center\" style=\"margin-top:0px;margin-bottom:0px;padding:0px;text-align:center;\">\r\n					<span style=\"font-size:9pt;font-family:宋体;color:black;\">详见招标文件第三章</span><span lang=\"EN-US\" style=\"font-size:9pt;font-family:\'ˎ̥,Verdana,Arial\', serif;color:black;\"><o:p></o:p></span>\r\n				</p>\r\n			</td>\r\n			<td width=\"111\" style=\"border-width:medium 1pt 1pt medium;border-style:none solid solid none;height:53.7pt;border-right-color:windowtext;width:66.75pt;border-bottom-color:windowtext;padding:0cm 5.4pt;\">\r\n				<p class=\"MsoNormal\" align=\"center\" style=\"margin-top:0px;margin-bottom:0px;padding:0px;text-align:center;line-height:22pt;\">\r\n					<span style=\"font-size:9pt;font-family:宋体;color:black;\">福州大学至诚学院指定地点</span><span lang=\"EN-US\" style=\"font-size:9pt;font-family:\'ˎ̥,Verdana,Arial\', serif;color:black;\"><o:p></o:p></span>\r\n				</p>\r\n			</td>\r\n		</tr>\r\n	</tbody>\r\n</table>\r\n<p style=\"margin-top:0px;margin-bottom:0px;padding:0px;color:#333333;font-family:\'Lucida Grande\', Verdana, Lucida, Arial, Helvetica, \'Times New Roman\', 宋体, sans-serif;line-height:15.6000003814697px;white-space:normal;background-color:#FFFFFF;\">\r\n	<br />\r\n</p>\r\n<p class=\"MsoNormal\" style=\"margin-top:0px;margin-bottom:0px;padding:0px;color:#333333;font-family:\'Lucida Grande\', Verdana, Lucida, Arial, Helvetica, \'Times New Roman\', 宋体, sans-serif;white-space:normal;text-indent:24pt;background-color:#FFFFFF;\">\r\n	<span lang=\"EN-US\" style=\"font-size:12pt;line-height:24px;\">4</span><span style=\"font-size:12pt;font-family:宋体;line-height:24px;\">、技术规格要求：详见招标文件。</span><span lang=\"EN-US\" style=\"font-size:12pt;line-height:24px;\"><o:p></o:p></span>\r\n</p>\r\n<p class=\"MsoNormal\" style=\"margin-top:0px;margin-bottom:0px;padding:0px;color:#333333;font-family:\'Lucida Grande\', Verdana, Lucida, Arial, Helvetica, \'Times New Roman\', 宋体, sans-serif;white-space:normal;text-indent:24pt;background-color:#FFFFFF;\">\r\n	<span lang=\"EN-US\" style=\"font-size:12pt;line-height:24px;\">5</span><span style=\"font-size:12pt;font-family:宋体;line-height:24px;\">、投标人的资格要求：</span><span lang=\"EN-US\" style=\"font-size:12pt;line-height:24px;\"><o:p></o:p></span>\r\n</p>\r\n<p class=\"MsoNormal\" style=\"margin-top:0px;margin-bottom:0px;padding:0px;color:#333333;font-family:\'Lucida Grande\', Verdana, Lucida, Arial, Helvetica, \'Times New Roman\', 宋体, sans-serif;white-space:normal;text-indent:24pt;background-color:#FFFFFF;\">\r\n	<span lang=\"EN-US\" style=\"font-size:12pt;line-height:24px;\">5.1&nbsp;</span><span style=\"font-size:12pt;font-family:宋体;line-height:24px;\">凡有能力提供本招标文件所述货物及服务、具有独立企业法人资格的境内供货商或制造商均可能成为合格的投标人。</span><span lang=\"EN-US\" style=\"font-size:12pt;line-height:24px;\"><o:p></o:p></span>\r\n</p>\r\n<p class=\"MsoNormal\" style=\"margin-top:0px;margin-bottom:0px;padding:0px;color:#333333;font-family:\'Lucida Grande\', Verdana, Lucida, Arial, Helvetica, \'Times New Roman\', 宋体, sans-serif;white-space:normal;text-indent:24pt;background-color:#FFFFFF;\">\r\n	<span lang=\"EN-US\" style=\"font-size:12pt;line-height:24px;\">5.2&nbsp;</span><span style=\"font-size:12pt;font-family:宋体;line-height:24px;\">投标人应遵守中国的有关法律、法规和规章的规定。</span><span lang=\"EN-US\" style=\"font-size:12pt;line-height:24px;\"><o:p></o:p></span>\r\n</p>\r\n<p class=\"MsoNormal\" style=\"margin-top:0px;margin-bottom:0px;padding:0px;color:#333333;font-family:\'Lucida Grande\', Verdana, Lucida, Arial, Helvetica, \'Times New Roman\', 宋体, sans-serif;white-space:normal;text-indent:24pt;background-color:#FFFFFF;\">\r\n	<span lang=\"EN-US\" style=\"font-size:12pt;line-height:24px;\">5.3&nbsp;</span><span style=\"font-size:12pt;font-family:宋体;line-height:24px;\">一个投标人只能提交一个投标文件。但如果投标人之间存在下列互为关联关系的情形之一的，不得同时参加本项目投标：</span><span lang=\"EN-US\" style=\"font-size:12pt;line-height:24px;\"><o:p></o:p></span>\r\n</p>\r\n<p class=\"MsoNormal\" style=\"margin-top:0px;margin-bottom:0px;padding:0px;color:#333333;font-family:\'Lucida Grande\', Verdana, Lucida, Arial, Helvetica, \'Times New Roman\', 宋体, sans-serif;white-space:normal;text-indent:24pt;background-color:#FFFFFF;\">\r\n	<span lang=\"EN-US\" style=\"font-size:12pt;line-height:24px;\">(1)&nbsp;</span><span style=\"font-size:12pt;font-family:宋体;line-height:24px;\">法定代表人为同一人的两个及两个以上法人；</span><span lang=\"EN-US\" style=\"font-size:12pt;line-height:24px;\"><o:p></o:p></span>\r\n</p>\r\n<p class=\"MsoNormal\" style=\"margin-top:0px;margin-bottom:0px;padding:0px;color:#333333;font-family:\'Lucida Grande\', Verdana, Lucida, Arial, Helvetica, \'Times New Roman\', 宋体, sans-serif;white-space:normal;text-indent:24pt;background-color:#FFFFFF;\">\r\n	<span lang=\"EN-US\" style=\"font-size:12pt;line-height:24px;\">(2)&nbsp;</span><span style=\"font-size:12pt;font-family:宋体;line-height:24px;\">母公司、直接或间接持股</span><span lang=\"EN-US\" style=\"font-size:12pt;line-height:24px;\">50</span><span style=\"font-size:12pt;font-family:宋体;line-height:24px;\">％及以上的被投资公司</span><span lang=\"EN-US\" style=\"font-size:12pt;line-height:24px;\">;<o:p></o:p></span>\r\n</p>\r\n<p class=\"MsoNormal\" style=\"margin-top:0px;margin-bottom:0px;padding:0px;color:#333333;font-family:\'Lucida Grande\', Verdana, Lucida, Arial, Helvetica, \'Times New Roman\', 宋体, sans-serif;white-space:normal;text-indent:24pt;background-color:#FFFFFF;\">\r\n	<span lang=\"EN-US\" style=\"font-size:12pt;line-height:24px;\">(3)&nbsp;</span><span style=\"font-size:12pt;font-family:宋体;line-height:24px;\">均为同一家母公司直接或间接持股</span><span lang=\"EN-US\" style=\"font-size:12pt;line-height:24px;\">50</span><span style=\"font-size:12pt;font-family:宋体;line-height:24px;\">％及以上的被投资公司。</span><span lang=\"EN-US\" style=\"font-size:12pt;line-height:24px;\"><o:p></o:p></span>\r\n</p>\r\n<p class=\"MsoNormal\" style=\"margin-top:0px;margin-bottom:0px;padding:0px;color:#333333;font-family:\'Lucida Grande\', Verdana, Lucida, Arial, Helvetica, \'Times New Roman\', 宋体, sans-serif;white-space:normal;text-indent:24pt;background-color:#FFFFFF;\">\r\n	<span lang=\"EN-US\" style=\"font-size:12pt;line-height:24px;\">5.4&nbsp;</span><span style=\"font-size:12pt;font-family:宋体;line-height:24px;\">投标人不得与本次招标项下设计、编制技术规格和其它文件的公司或提供咨询服务的公司（包括其附属机构）有任何关联。</span><span style=\"font-size:12pt;line-height:24px;\"><span lang=\"EN-US\"><o:p></o:p></span></span>\r\n</p>\r\n<p class=\"MsoNormal\" style=\"margin-top:0px;margin-bottom:0px;padding:0px;color:#333333;font-family:\'Lucida Grande\', Verdana, Lucida, Arial, Helvetica, \'Times New Roman\', 宋体, sans-serif;white-space:normal;text-indent:24pt;background-color:#FFFFFF;\">\r\n	<span lang=\"EN-US\" style=\"font-size:12pt;line-height:24px;\">5.5&nbsp;</span><span style=\"font-size:12pt;font-family:宋体;line-height:24px;\">本项目不接受联合体投标。</span><span lang=\"EN-US\" style=\"font-size:12pt;line-height:24px;\"><o:p></o:p></span>\r\n</p>\r\n<p class=\"MsoNormal\" style=\"margin-top:0px;margin-bottom:0px;padding:0px;color:#333333;font-family:\'Lucida Grande\', Verdana, Lucida, Arial, Helvetica, \'Times New Roman\', 宋体, sans-serif;white-space:normal;text-indent:24pt;background-color:#FFFFFF;\">\r\n	<span lang=\"EN-US\" style=\"font-size:12pt;line-height:24px;\">5.6&nbsp;</span><span style=\"font-size:12pt;font-family:宋体;line-height:24px;\">投标人代表在同一个项目中只能接受一个投标人的委托参加投标。</span><span lang=\"EN-US\" style=\"font-size:12pt;line-height:24px;\"><o:p></o:p></span>\r\n</p>\r\n<p class=\"MsoNormal\" style=\"margin-top:0px;margin-bottom:0px;padding:0px;color:#333333;font-family:\'Lucida Grande\', Verdana, Lucida, Arial, Helvetica, \'Times New Roman\', 宋体, sans-serif;white-space:normal;text-indent:24pt;background-color:#FFFFFF;\">\r\n	<span lang=\"EN-US\" style=\"font-size:12pt;line-height:24px;\">5.7</span><span style=\"font-size:12pt;font-family:宋体;line-height:24px;\">有效的检察机关行贿犯罪档案查询结果告知函复印件（如有注明复印无效的，则请将原件附在技术商务部分正本中，副本附复印件）。</span><span lang=\"EN-US\" style=\"font-size:12pt;line-height:24px;\"><o:p></o:p></span>\r\n</p>\r\n<p class=\"MsoNormal\" style=\"margin-top:0px;margin-bottom:0px;padding:0px;color:#333333;font-family:\'Lucida Grande\', Verdana, Lucida, Arial, Helvetica, \'Times New Roman\', 宋体, sans-serif;white-space:normal;text-indent:24pt;background-color:#FFFFFF;\">\r\n	<span lang=\"EN-US\" style=\"font-size:12pt;line-height:24px;\">6</span><span style=\"font-size:12pt;font-family:宋体;line-height:24px;\">、购买招标文件时间：</span><span lang=\"EN-US\" style=\"font-size:12pt;line-height:24px;\">2015</span><span style=\"font-size:12pt;font-family:宋体;line-height:24px;\">年</span><span lang=\"EN-US\" style=\"font-size:12pt;line-height:24px;\">2</span><span style=\"font-size:12pt;font-family:宋体;line-height:24px;\">月</span><span lang=\"EN-US\" style=\"font-size:12pt;line-height:24px;\">6</span><span style=\"font-size:12pt;font-family:宋体;line-height:24px;\">日起至</span><span lang=\"EN-US\" style=\"font-size:12pt;line-height:24px;\">2015</span><span style=\"font-size:12pt;font-family:宋体;line-height:24px;\">年</span><span lang=\"EN-US\" style=\"font-size:12pt;line-height:24px;\">3</span><span style=\"font-size:12pt;font-family:宋体;line-height:24px;\">月</span><span lang=\"EN-US\" style=\"font-size:12pt;line-height:24px;\">3</span><span style=\"font-size:12pt;font-family:宋体;line-height:24px;\">日止（节假日及公休日除外），上午</span><span lang=\"EN-US\" style=\"font-size:12pt;line-height:24px;\">08</span><span style=\"font-size:12pt;font-family:宋体;line-height:24px;\">：</span><span lang=\"EN-US\" style=\"font-size:12pt;line-height:24px;\">30</span><span style=\"font-size:12pt;font-family:宋体;line-height:24px;\">—</span><span lang=\"EN-US\" style=\"font-size:12pt;line-height:24px;\">12</span><span style=\"font-size:12pt;font-family:宋体;line-height:24px;\">：</span><span lang=\"EN-US\" style=\"font-size:12pt;line-height:24px;\">00</span><span style=\"font-size:12pt;font-family:宋体;line-height:24px;\">，下午</span><span lang=\"EN-US\" style=\"font-size:12pt;line-height:24px;\">14</span><span style=\"font-size:12pt;font-family:宋体;line-height:24px;\">：</span><span lang=\"EN-US\" style=\"font-size:12pt;line-height:24px;\">00</span><span style=\"font-size:12pt;font-family:宋体;line-height:24px;\">—</span><span lang=\"EN-US\" style=\"font-size:12pt;line-height:24px;\">17</span><span style=\"font-size:12pt;font-family:宋体;line-height:24px;\">：</span><span lang=\"EN-US\" style=\"font-size:12pt;line-height:24px;\">00</span><span style=\"font-size:12pt;font-family:宋体;line-height:24px;\">（北京时间，以下同）；招标文件（文本或电子版）售价为</span><span lang=\"EN-US\" style=\"font-size:12pt;line-height:24px;\">50</span><span style=\"font-size:12pt;font-family:宋体;line-height:24px;\">元人民币</span><span lang=\"EN-US\" style=\"font-size:12pt;line-height:24px;\">/</span><span style=\"font-size:12pt;font-family:宋体;line-height:24px;\">份，售后不退，如需邮寄文件，另加</span><span lang=\"EN-US\" style=\"font-size:12pt;line-height:24px;\">50</span><span style=\"font-size:12pt;font-family:宋体;line-height:24px;\">元人民币。</span><span lang=\"EN-US\" style=\"font-size:12pt;line-height:24px;\"><o:p></o:p></span>\r\n</p>\r\n<p class=\"MsoNormal\" style=\"margin-top:0px;margin-bottom:0px;padding:0px;color:#333333;font-family:\'Lucida Grande\', Verdana, Lucida, Arial, Helvetica, \'Times New Roman\', 宋体, sans-serif;white-space:normal;text-indent:24pt;background-color:#FFFFFF;\">\r\n	<span lang=\"EN-US\" style=\"font-size:12pt;line-height:24px;\">7</span><span style=\"font-size:12pt;font-family:宋体;line-height:24px;\">、投标截标时间：</span><span lang=\"EN-US\" style=\"font-size:12pt;line-height:24px;\">2015</span><span style=\"font-size:12pt;font-family:宋体;line-height:24px;\">年</span><span lang=\"EN-US\" style=\"font-size:12pt;line-height:24px;\">3</span><span style=\"font-size:12pt;font-family:宋体;line-height:24px;\">月</span><span lang=\"EN-US\" style=\"font-size:12pt;line-height:24px;\">5</span><span style=\"font-size:12pt;font-family:宋体;line-height:24px;\">日</span><span lang=\"EN-US\" style=\"font-size:12pt;line-height:24px;\">09:00</span><span style=\"font-size:12pt;font-family:宋体;line-height:24px;\">时。</span><span lang=\"EN-US\" style=\"font-size:12pt;line-height:24px;\"><br />\r\n</span><span style=\"font-size:12pt;font-family:宋体;line-height:24px;\">开标时间：</span><span lang=\"EN-US\" style=\"font-size:12pt;line-height:24px;\">2015</span><span style=\"font-size:12pt;font-family:宋体;line-height:24px;\">年</span><span lang=\"EN-US\" style=\"font-size:12pt;line-height:24px;\">3</span><span style=\"font-size:12pt;font-family:宋体;line-height:24px;\">月</span><span lang=\"EN-US\" style=\"font-size:12pt;line-height:24px;\">5</span><span style=\"font-size:12pt;font-family:宋体;line-height:24px;\">日</span><span lang=\"EN-US\" style=\"font-size:12pt;line-height:24px;\">09:00</span><span style=\"font-size:12pt;font-family:宋体;line-height:24px;\">时</span><span lang=\"EN-US\" style=\"font-size:12pt;line-height:24px;\"><o:p></o:p></span>\r\n</p>\r\n<p class=\"MsoNormal\" style=\"margin-top:0px;margin-bottom:0px;padding:0px;color:#333333;font-family:\'Lucida Grande\', Verdana, Lucida, Arial, Helvetica, \'Times New Roman\', 宋体, sans-serif;white-space:normal;text-indent:24pt;background-color:#FFFFFF;\">\r\n	<span lang=\"EN-US\" style=\"font-size:12pt;line-height:24px;\">8</span><span style=\"font-size:12pt;font-family:宋体;line-height:24px;\">、开标地点：福建省福怡药械招标有限公司。</span><span lang=\"EN-US\" style=\"font-size:12pt;line-height:24px;\"><o:p></o:p></span>\r\n</p>\r\n<p class=\"MsoNormal\" style=\"margin-top:0px;margin-bottom:0px;padding:0px;color:#333333;font-family:\'Lucida Grande\', Verdana, Lucida, Arial, Helvetica, \'Times New Roman\', 宋体, sans-serif;white-space:normal;text-indent:24pt;background-color:#FFFFFF;\">\r\n	<span lang=\"EN-US\" style=\"font-size:12pt;line-height:24px;\">9</span><span style=\"font-size:12pt;font-family:宋体;line-height:24px;\">、购买招标文件地点：福州市交通路</span><span lang=\"EN-US\" style=\"font-size:12pt;line-height:24px;\">88</span><span style=\"font-size:12pt;font-family:宋体;line-height:24px;\">号福建省福怡药械招标有限公司</span><span lang=\"EN-US\" style=\"font-size:12pt;line-height:24px;\"><o:p></o:p></span>\r\n</p>\r\n<p class=\"MsoNormal\" style=\"margin-top:0px;margin-bottom:0px;padding:0px;color:#333333;font-family:\'Lucida Grande\', Verdana, Lucida, Arial, Helvetica, \'Times New Roman\', 宋体, sans-serif;white-space:normal;text-indent:24pt;background-color:#FFFFFF;\">\r\n	<span style=\"font-size:12pt;font-family:宋体;line-height:24px;\">联系人：林小姐</span><span lang=\"EN-US\" style=\"font-size:12pt;line-height:24px;\">&nbsp;&nbsp;&nbsp;&nbsp;&nbsp;<o:p></o:p></span>\r\n</p>\r\n<p class=\"MsoNormal\" style=\"margin-top:0px;margin-bottom:0px;padding:0px;color:#333333;font-family:\'Lucida Grande\', Verdana, Lucida, Arial, Helvetica, \'Times New Roman\', 宋体, sans-serif;white-space:normal;text-indent:24pt;background-color:#FFFFFF;\">\r\n	<span style=\"font-size:12pt;font-family:宋体;line-height:24px;\">联系电话：</span><span lang=\"EN-US\" style=\"font-size:12pt;line-height:24px;\">0591</span><span style=\"font-size:12pt;font-family:宋体;line-height:24px;\">—</span><span lang=\"EN-US\" style=\"font-size:12pt;line-height:24px;\">83569185&nbsp;&nbsp;83569183&nbsp;&nbsp;83569369</span><span style=\"font-size:12pt;font-family:宋体;line-height:24px;\">（传真）</span><span lang=\"EN-US\" style=\"font-size:12pt;line-height:24px;\">&nbsp;&nbsp;<o:p></o:p></span>\r\n</p>\r\n<p class=\"MsoNormal\" style=\"margin-top:0px;margin-bottom:0px;padding:0px;color:#333333;font-family:\'Lucida Grande\', Verdana, Lucida, Arial, Helvetica, \'Times New Roman\', 宋体, sans-serif;white-space:normal;text-indent:24pt;background-color:#FFFFFF;\">\r\n	<span style=\"font-size:12pt;font-family:宋体;line-height:24px;\">招标公司网站：</span><span lang=\"EN-US\" style=\"font-size:12pt;line-height:24px;\">http://www.fyzb.com&nbsp;<br />\r\nE-mail:fyzb2004@126.com<o:p></o:p></span>\r\n</p>\r\n<p class=\"MsoNormal\" style=\"margin-top:0px;margin-bottom:0px;padding:0px;color:#333333;font-family:\'Lucida Grande\', Verdana, Lucida, Arial, Helvetica, \'Times New Roman\', 宋体, sans-serif;white-space:normal;text-indent:24pt;background-color:#FFFFFF;\">\r\n	<span style=\"font-size:12pt;font-family:宋体;line-height:24px;\">开户行：招商银行福州分行江滨支行</span><span lang=\"EN-US\" style=\"font-size:12pt;line-height:24px;\"><o:p></o:p></span>\r\n</p>\r\n<p class=\"MsoNormal\" style=\"margin-top:0px;margin-bottom:0px;padding:0px;color:#333333;font-family:\'Lucida Grande\', Verdana, Lucida, Arial, Helvetica, \'Times New Roman\', 宋体, sans-serif;white-space:normal;text-indent:24pt;background-color:#FFFFFF;\">\r\n	<span style=\"font-size:12pt;font-family:宋体;line-height:24px;\">户名：福建省福怡药械招标有限公司</span><span lang=\"EN-US\" style=\"font-size:12pt;line-height:24px;\"><o:p></o:p></span>\r\n</p>\r\n<p class=\"MsoNormal\" style=\"margin-top:0px;margin-bottom:0px;padding:0px;color:#333333;font-family:\'Lucida Grande\', Verdana, Lucida, Arial, Helvetica, \'Times New Roman\', 宋体, sans-serif;white-space:normal;text-indent:24pt;background-color:#FFFFFF;\">\r\n	<span style=\"font-size:12pt;font-family:宋体;line-height:24px;\">帐号：</span><span lang=\"EN-US\" style=\"font-size:12pt;line-height:24px;\">673581399610001<o:p></o:p></span>\r\n</p>\r\n<p class=\"MsoNormal\" style=\"margin-top:0px;margin-bottom:0px;padding:0px;color:#333333;font-family:\'Lucida Grande\', Verdana, Lucida, Arial, Helvetica, \'Times New Roman\', 宋体, sans-serif;white-space:normal;text-indent:24pt;background-color:#FFFFFF;\">\r\n	<span lang=\"EN-US\" style=\"font-size:12pt;line-height:24px;\"><o:p></o:p></span>&nbsp;\r\n</p>\r\n<p class=\"MsoNormal\" style=\"margin-top:0px;margin-bottom:0px;padding:0px;color:#333333;font-family:\'Lucida Grande\', Verdana, Lucida, Arial, Helvetica, \'Times New Roman\', 宋体, sans-serif;white-space:normal;text-indent:24pt;background-color:#FFFFFF;\">\r\n	<span lang=\"EN-US\" style=\"font-size:12pt;line-height:24px;\">附：中国政府采购网&nbsp;<span style=\"font-family:宋体;\"><a href=\"http://www.ccgp.gov.cn/cggg/dfgg/gkzb/201502/t20150206_4992511.htm\" target=\"_blank\" style=\"color:#333333;text-decoration:none;\">http://www.ccgp.gov.cn/cggg/dfgg/gkzb/201502/t20150206_4992511.htm</a></span>&nbsp;</span>\r\n</p>', '1', '2015-04-11 21:22:41');

-- ----------------------------
-- Table structure for `t_question`
-- ----------------------------
DROP TABLE IF EXISTS `t_question`;
CREATE TABLE `t_question` (
  `q_id` int(11) NOT NULL AUTO_INCREMENT,
  `q_title` varchar(255) NOT NULL,
  `q_type` int(1) NOT NULL,
  PRIMARY KEY (`q_id`)
) ENGINE=InnoDB AUTO_INCREMENT=13 DEFAULT CHARSET=utf8;

-- ----------------------------
-- Records of t_question
-- ----------------------------
INSERT INTO `t_question` VALUES ('1', '你喜欢吃的水果？', '1');
INSERT INTO `t_question` VALUES ('2', '你喜欢吃的水果2？', '1');
INSERT INTO `t_question` VALUES ('3', '你喜欢吃的水果？3', '1');
INSERT INTO `t_question` VALUES ('4', '你喜欢吃的水果？4', '1');
INSERT INTO `t_question` VALUES ('5', '你喜欢吃的水果？5', '1');
INSERT INTO `t_question` VALUES ('6', '你喜欢吃的水果？6', '1');
INSERT INTO `t_question` VALUES ('7', '你喜欢吃的水果？7', '1');
INSERT INTO `t_question` VALUES ('8', '你喜欢吃的水果？8', '1');
INSERT INTO `t_question` VALUES ('9', '你喜欢吃的水果？9', '1');
INSERT INTO `t_question` VALUES ('10', '你喜欢吃的水果？10', '1');
INSERT INTO `t_question` VALUES ('11', '你喜欢吃的水果？11', '1');

-- ----------------------------
-- Table structure for `t_role`
-- ----------------------------
DROP TABLE IF EXISTS `t_role`;
CREATE TABLE `t_role` (
  `role_id` int(11) NOT NULL AUTO_INCREMENT,
  `role_code` varchar(32) DEFAULT NULL,
  `role_name` varchar(32) DEFAULT NULL,
  `sys` int(11) DEFAULT NULL,
  `remark` varchar(255) DEFAULT NULL,
  `state` int(11) DEFAULT NULL,
  `create_id` int(11) DEFAULT NULL,
  `update_id` int(11) DEFAULT NULL,
  `create_time` datetime DEFAULT NULL,
  `update_time` datetime DEFAULT NULL,
  PRIMARY KEY (`role_id`),
  KEY `FK_ROLE_USER` (`create_id`),
  CONSTRAINT `FK_ROLE_USER` FOREIGN KEY (`create_id`) REFERENCES `t_user` (`user_id`)
) ENGINE=InnoDB AUTO_INCREMENT=5 DEFAULT CHARSET=utf8;

-- ----------------------------
-- Records of t_role
-- ----------------------------
INSERT INTO `t_role` VALUES ('1', 'admin', '管理员', null, '拥有最高权限。', '1', '1', '1', '2015-03-05 09:47:47', '2018-04-08 14:01:59');
INSERT INTO `t_role` VALUES ('2', 'teacher', '教师', null, '拥有一些信息之类的管理。', '1', '1', '1', '2015-03-05 11:19:05', '2018-04-08 14:02:11');
INSERT INTO `t_role` VALUES ('3', 'student', '学生', null, '不允许进入后台。', '1', '1', null, '2015-03-05 11:23:56', null);

-- ----------------------------
-- Table structure for `t_role_permission`
-- ----------------------------
DROP TABLE IF EXISTS `t_role_permission`;
CREATE TABLE `t_role_permission` (
  `role_id` int(11) DEFAULT NULL,
  `permission` varchar(64) DEFAULT NULL
) ENGINE=InnoDB DEFAULT CHARSET=utf8;

-- ----------------------------
-- Records of t_role_permission
-- ----------------------------
INSERT INTO `t_role_permission` VALUES ('3', 'zixun:');
INSERT INTO `t_role_permission` VALUES ('3', 'notice:');
INSERT INTO `t_role_permission` VALUES ('1', 'info:');
INSERT INTO `t_role_permission` VALUES ('1', 'student:');
INSERT INTO `t_role_permission` VALUES ('1', 'course:');
INSERT INTO `t_role_permission` VALUES ('1', 'toStudentAttendanceWork:');
INSERT INTO `t_role_permission` VALUES ('1', 'attendance:');
INSERT INTO `t_role_permission` VALUES ('1', 'work:');
INSERT INTO `t_role_permission` VALUES ('1', 'gongneng:');
INSERT INTO `t_role_permission` VALUES ('1', 'questionAnswer:');
INSERT INTO `t_role_permission` VALUES ('1', 'system:');
INSERT INTO `t_role_permission` VALUES ('1', 'menu:');
INSERT INTO `t_role_permission` VALUES ('1', 'role:');
INSERT INTO `t_role_permission` VALUES ('1', 'user:');
INSERT INTO `t_role_permission` VALUES ('1', 'zidian:');
INSERT INTO `t_role_permission` VALUES ('1', 'department:');
INSERT INTO `t_role_permission` VALUES ('1', 'attendAddr:');
INSERT INTO `t_role_permission` VALUES ('2', 'info:');
INSERT INTO `t_role_permission` VALUES ('2', 'student:');
INSERT INTO `t_role_permission` VALUES ('2', 'course:');
INSERT INTO `t_role_permission` VALUES ('2', 'toStudentAttendanceWork:');
INSERT INTO `t_role_permission` VALUES ('2', 'attendance:');
INSERT INTO `t_role_permission` VALUES ('2', 'work:');
INSERT INTO `t_role_permission` VALUES ('2', 'gongneng:');
INSERT INTO `t_role_permission` VALUES ('2', 'questionAnswer:');

-- ----------------------------
-- Table structure for `t_student`
-- ----------------------------
DROP TABLE IF EXISTS `t_student`;
CREATE TABLE `t_student` (
  `s_id` int(11) NOT NULL AUTO_INCREMENT,
  `s_no` varchar(50) NOT NULL,
  `s_name` varchar(50) NOT NULL,
  `s_password` varchar(50) DEFAULT NULL,
  `salt` varchar(255) DEFAULT NULL,
  `user_role` int(11) DEFAULT NULL,
  `s_sex` tinyint(1) DEFAULT '0',
  `d_id` int(11) DEFAULT NULL,
  `grade` int(11) DEFAULT NULL,
  `s_class` varchar(50) DEFAULT NULL,
  PRIMARY KEY (`s_id`),
  KEY `FK_S_D` (`d_id`),
  CONSTRAINT `FK_S_D` FOREIGN KEY (`d_id`) REFERENCES `t_department` (`d_id`)
) ENGINE=InnoDB AUTO_INCREMENT=44 DEFAULT CHARSET=utf8;

-- ----------------------------
-- Records of t_student
-- ----------------------------
INSERT INTO `t_student` VALUES ('1', '211106402', '王荣坡', '', null, '3', '0', '2', '2011', '3');
INSERT INTO `t_student` VALUES ('25', '211106378', '陈洪玮', '', null, '3', '0', '2', '2011', '3');
INSERT INTO `t_student` VALUES ('26', '211106379', '陈建俊', '', null, '3', '0', '2', '2011', '3');
INSERT INTO `t_student` VALUES ('27', '211106380', '陈建旺', '', null, '3', '0', '2', '2011', '3');
INSERT INTO `t_student` VALUES ('28', '211106381', '陈建增', '', null, '3', '0', '2', '2011', '3');
INSERT INTO `t_student` VALUES ('29', '211106393', '李娜端', '', null, '3', '1', '2', '2011', '3');
INSERT INTO `t_student` VALUES ('30', '211106405', '谢能炎', '', null, '3', '0', '2', '2011', '3');
INSERT INTO `t_student` VALUES ('31', '211106412', '余双', '', null, '3', '1', '2', '2011', '3');
INSERT INTO `t_student` VALUES ('32', '211106409', '杨琴霞', '', null, '3', '1', '2', '2011', '3');
INSERT INTO `t_student` VALUES ('33', '211106413', '余永航', '', null, '3', '0', '2', '2011', '3');
INSERT INTO `t_student` VALUES ('34', '211106401', '测试', '', null, '3', '0', '2', '2011', '3');
INSERT INTO `t_student` VALUES ('35', '211106001', '张三', '', null, '3', '0', '2', '2012', '1');
INSERT INTO `t_student` VALUES ('36', '211106002', '李四', '', null, '3', '1', '3', '2012', '2');
INSERT INTO `t_student` VALUES ('37', '211106003', '王五', '', null, '3', '0', '2', '2012', '3');
INSERT INTO `t_student` VALUES ('38', '211106004', '赵六', '', null, '3', '0', '2', '2012', '2');
INSERT INTO `t_student` VALUES ('39', '211106005', '孙七', '', null, '3', '0', '2', '2012', '3');
INSERT INTO `t_student` VALUES ('40', '211106006', '周八', '', null, '3', '1', '3', '2012', '1');
INSERT INTO `t_student` VALUES ('41', '211106007', '吴九', '', null, '3', '0', '2', '2012', '2');
INSERT INTO `t_student` VALUES ('42', '211106008', '郑十', '', null, '3', '1', '3', '2012', '3');
INSERT INTO `t_student` VALUES ('43', '211101111', 'ceshi', '123456', null, '3', '0', '2', '2011', '2');

-- ----------------------------
-- Table structure for `t_user`
-- ----------------------------
DROP TABLE IF EXISTS `t_user`;
CREATE TABLE `t_user` (
  `user_id` int(11) NOT NULL AUTO_INCREMENT,
  `login_name` varchar(32) DEFAULT NULL,
  `nick_name` varchar(32) DEFAULT NULL,
  `password` varchar(255) DEFAULT NULL,
  `salt` varchar(255) DEFAULT NULL,
  `user_role` int(11) DEFAULT NULL,
  `state` int(11) DEFAULT NULL,
  `create_id` int(11) DEFAULT NULL,
  `create_time` datetime DEFAULT NULL,
  PRIMARY KEY (`user_id`),
  KEY `FK_USER_ROLE` (`user_role`),
  CONSTRAINT `FK_USER_ROLE` FOREIGN KEY (`user_role`) REFERENCES `t_role` (`role_id`)
) ENGINE=InnoDB AUTO_INCREMENT=3 DEFAULT CHARSET=utf8;

-- ----------------------------
-- Records of t_user
-- ----------------------------
INSERT INTO `t_user` VALUES ('1', 'admin', 'wrp', '123456', null, '1', '1', '1', '2015-03-04 22:55:38');
INSERT INTO `t_user` VALUES ('2', 'cjr', '陈家瑞', '123456', null, '2', '1', '1', '2015-03-05 11:21:11');

-- ----------------------------
-- Table structure for `t_work`
-- ----------------------------
DROP TABLE IF EXISTS `t_work`;
CREATE TABLE `t_work` (
  `w_id` int(11) NOT NULL AUTO_INCREMENT,
  `c_id` int(11) DEFAULT NULL,
  `c_name` varchar(50) DEFAULT NULL,
  `w_add_time` datetime DEFAULT NULL,
  `w_desc` varchar(255) DEFAULT NULL,
  PRIMARY KEY (`w_id`),
  KEY `FK_WORK_COURSE` (`c_id`),
  CONSTRAINT `FK_WORK_COURSE` FOREIGN KEY (`c_id`) REFERENCES `t_course` (`c_id`)
) ENGINE=InnoDB AUTO_INCREMENT=2 DEFAULT CHARSET=utf8;

-- ----------------------------
-- Records of t_work
-- ----------------------------
INSERT INTO `t_work` VALUES ('1', '3', '2011', '2015-04-17 20:55:06', '做一个网上商城的项目。');

-- ----------------------------
-- Table structure for `t_work_info`
-- ----------------------------
DROP TABLE IF EXISTS `t_work_info`;
CREATE TABLE `t_work_info` (
  `wi_id` int(11) NOT NULL AUTO_INCREMENT,
  `w_id` int(11) DEFAULT NULL,
  `s_id` int(11) DEFAULT NULL,
  `wi_add_time` datetime DEFAULT NULL,
  `wi_file_name` varchar(100) DEFAULT NULL,
  `wi_file_addr` varchar(100) DEFAULT '0',
  `wi_file_size` int(11) DEFAULT NULL,
  `w_i_desc` varchar(500) DEFAULT NULL,
  PRIMARY KEY (`wi_id`),
  KEY `FK_WORKINFO_WORK` (`w_id`),
  KEY `FK_WORKINFO_STUDENT` (`s_id`),
  CONSTRAINT `FK_WORKINFO_STUDENT` FOREIGN KEY (`s_id`) REFERENCES `t_student` (`s_id`),
  CONSTRAINT `FK_WORKINFO_WORK` FOREIGN KEY (`w_id`) REFERENCES `t_work` (`w_id`)
) ENGINE=InnoDB AUTO_INCREMENT=3 DEFAULT CHARSET=utf8;

-- ----------------------------
-- Records of t_work_info
-- ----------------------------
INSERT INTO `t_work_info` VALUES ('1', '1', '1', '2015-04-17 20:56:12', 'XjyWeb.zip', 'File/Resources/201504/6957552017042015.zip', '6432296', '使用SSH框架。');
INSERT INTO `t_work_info` VALUES ('2', '1', '31', '2015-04-17 21:05:43', 'HotelSys.zip', 'File/Resources/201504/46024052117042015.zip', '1728941', '使用servlet+jdbc。');

-- ----------------------------
-- View structure for `v_course`
-- ----------------------------
DROP VIEW IF EXISTS `v_course`;
CREATE ALGORITHM=UNDEFINED DEFINER=`root`@`localhost` SQL SECURITY DEFINER VIEW `v_course` AS select `t1`.`c_id` AS `c_id`,`t1`.`c_name` AS `c_name`,`t1`.`t_id` AS `t_id`,`t1`.`c_attend_time` AS `c_attend_time`,`t1`.`c_attend_addr` AS `c_attend_addr`,`t2`.`nick_name` AS `nick_name`,concat(`t4`.`aa_name`,'-',`t3`.`aa_name`) AS `aa_name` from (((`t_course` `t1` left join `t_user` `t2` on((`t1`.`t_id` = `t2`.`user_id`))) left join `t_attend_addr` `t3` on((`t1`.`c_attend_addr` = `t3`.`aa_id`))) left join `t_attend_addr` `t4` on((`t3`.`aa_pid` = `t4`.`aa_id`))) ;

-- ----------------------------
-- View structure for `v_course_info`
-- ----------------------------
DROP VIEW IF EXISTS `v_course_info`;
CREATE ALGORITHM=UNDEFINED DEFINER=`root`@`localhost` SQL SECURITY DEFINER VIEW `v_course_info` AS select `t1`.`ci_id` AS `ci_id`,`t1`.`c_id` AS `c_id`,`t1`.`ct_id` AS `ct_id`,`t1`.`s_id` AS `s_id`,`t1`.`attendance_info` AS `attendance_info`,`t1`.`work_info` AS `work_info`,`t2`.`s_no` AS `s_no`,`t2`.`s_name` AS `s_name`,`t3`.`c_name` AS `c_name`,`t4`.`ct_time` AS `ct_time` from (((`t_course_info` `t1` left join `t_course` `t3` on((`t1`.`c_id` = `t3`.`c_id`))) left join `t_student` `t2` on((`t1`.`s_id` = `t2`.`s_id`))) left join `t_course_time` `t4` on((`t1`.`ct_id` = `t4`.`ct_id`))) ;

-- ----------------------------
-- View structure for `v_course_student`
-- ----------------------------
DROP VIEW IF EXISTS `v_course_student`;
CREATE ALGORITHM=UNDEFINED DEFINER=`root`@`localhost` SQL SECURITY DEFINER VIEW `v_course_student` AS select `t1`.`cs_id` AS `cs_id`,`t1`.`c_id` AS `c_id`,`t1`.`s_id` AS `s_id`,`t2`.`s_no` AS `s_no`,`t2`.`s_name` AS `s_name` from (`t_course_student` `t1` left join `t_student` `t2` on((`t1`.`s_id` = `t2`.`s_id`))) ;

-- ----------------------------
-- View structure for `v_student`
-- ----------------------------
DROP VIEW IF EXISTS `v_student`;
CREATE ALGORITHM=UNDEFINED DEFINER=`root`@`localhost` SQL SECURITY DEFINER VIEW `v_student` AS select `t1`.`s_id` AS `s_id`,`t1`.`s_no` AS `s_no`,`t1`.`s_name` AS `s_name`,`t1`.`s_password` AS `s_password`,`t1`.`salt` AS `salt`,`t1`.`user_role` AS `user_role`,`t1`.`s_sex` AS `s_sex`,`t1`.`d_id` AS `d_id`,`t1`.`grade` AS `grade`,`t1`.`s_class` AS `s_class`,`t2`.`d_name` AS `d_name`,`t2`.`d_pid` AS `d_pid` from (`t_student` `t1` left join `t_department` `t2` on((`t1`.`d_id` = `t2`.`d_id`))) ;

-- ----------------------------
-- View structure for `v_user`
-- ----------------------------
DROP VIEW IF EXISTS `v_user`;
CREATE ALGORITHM=UNDEFINED DEFINER=`root`@`localhost` SQL SECURITY DEFINER VIEW `v_user` AS select `t1`.`user_id` AS `user_id`,`t1`.`login_name` AS `login_name`,`t1`.`nick_name` AS `nick_name`,`t1`.`password` AS `password`,`t1`.`salt` AS `salt`,`t1`.`user_role` AS `user_role`,`t1`.`state` AS `state`,`t1`.`create_id` AS `create_id`,`t1`.`create_time` AS `create_time`,`t2`.`role_name` AS `role_name`,`t2`.`role_code` AS `role_code`,`t3`.`login_name` AS `create_name` from ((`t_user` `t1` left join `t_role` `t2` on((`t1`.`user_role` = `t2`.`role_id`))) left join `t_user` `t3` on((`t1`.`create_id` = `t3`.`user_id`))) ;
